start_time,end_time,carbon_intensity,water_intensity,season,interval_minutes
2025-03-19 23:00:00+00:00,2025-03-19 23:15:00+00:00,544.9399604773484,1.389266665808202,spring,15
2025-03-19 23:15:00+00:00,2025-03-19 23:30:00+00:00,542.490788652118,1.3883915575063988,spring,15
2025-03-19 23:30:00+00:00,2025-03-19 23:45:00+00:00,541.9932233423573,1.3839248122438894,spring,15
2025-03-19 23:45:00+00:00,2025-03-20 00:00:00+00:00,542.4546989039513,1.3888157173432076,spring,15
2025-03-20 00:00:00+00:00,2025-03-20 00:15:00+00:00,540.6383556556689,1.3947838262132435,spring,15
2025-03-20 00:15:00+00:00,2025-03-20 00:30:00+00:00,539.0879045681572,1.3912366130387008,spring,15
2025-03-20 00:30:00+00:00,2025-03-20 00:45:00+00:00,537.5705167067464,1.3872243493597538,spring,15
2025-03-20 00:45:00+00:00,2025-03-20 01:00:00+00:00,535.7769843497406,1.3869771258686514,spring,15
2025-03-20 01:00:00+00:00,2025-03-20 01:15:00+00:00,534.5915302987471,1.3941347617654727,spring,15
2025-03-20 01:15:00+00:00,2025-03-20 01:30:00+00:00,533.6302012615882,1.3899801190188257,spring,15
2025-03-20 01:30:00+00:00,2025-03-20 01:45:00+00:00,533.8214295774017,1.3866215706637053,spring,15
2025-03-20 01:45:00+00:00,2025-03-20 02:00:00+00:00,533.5668364356927,1.3878987690178723,spring,15
2025-03-20 02:00:00+00:00,2025-03-20 02:15:00+00:00,533.4630880104554,1.3839756526715894,spring,15
2025-03-20 02:15:00+00:00,2025-03-20 02:30:00+00:00,534.5168428605191,1.3903993090752813,spring,15
2025-03-20 02:30:00+00:00,2025-03-20 02:45:00+00:00,535.8879904977625,1.3945777197175,spring,15
2025-03-20 02:45:00+00:00,2025-03-20 03:00:00+00:00,536.9344181449217,1.3991303314884975,spring,15
2025-03-20 03:00:00+00:00,2025-03-20 03:15:00+00:00,536.974515261978,1.393793090809155,spring,15
2025-03-20 03:15:00+00:00,2025-03-20 03:30:00+00:00,537.1483228900714,1.3912187367039235,spring,15
2025-03-20 03:30:00+00:00,2025-03-20 03:45:00+00:00,534.6924395953686,1.3750021387399392,spring,15
2025-03-20 03:45:00+00:00,2025-03-20 04:00:00+00:00,533.5001622585702,1.3731525486269864,spring,15
2025-03-20 04:00:00+00:00,2025-03-20 04:15:00+00:00,531.8172732219724,1.366140716171975,spring,15
2025-03-20 04:15:00+00:00,2025-03-20 04:30:00+00:00,527.6792967530081,1.3536381768137848,spring,15
2025-03-20 04:30:00+00:00,2025-03-20 04:45:00+00:00,520.73508412194,1.3394526930403892,spring,15
2025-03-20 04:45:00+00:00,2025-03-20 05:00:00+00:00,507.63206195419065,1.3063819909960495,spring,15
2025-03-20 05:00:00+00:00,2025-03-20 05:15:00+00:00,493.7139992021667,1.2706468434174893,spring,15
2025-03-20 05:15:00+00:00,2025-03-20 05:30:00+00:00,479.045514080602,1.2348718772596199,spring,15
2025-03-20 05:30:00+00:00,2025-03-20 05:45:00+00:00,467.0435619358796,1.2025961267675893,spring,15
2025-03-20 05:45:00+00:00,2025-03-20 06:00:00+00:00,456.2220932082303,1.1706345831963787,spring,15
2025-03-20 06:00:00+00:00,2025-03-20 06:15:00+00:00,450.7635465697364,1.1484365414892028,spring,15
2025-03-20 06:15:00+00:00,2025-03-20 06:30:00+00:00,441.9659057589458,1.1269265244422866,spring,15
2025-03-20 06:30:00+00:00,2025-03-20 06:45:00+00:00,437.06392428741515,1.1120710494338404,spring,15
2025-03-20 06:45:00+00:00,2025-03-20 07:00:00+00:00,423.55954298027666,1.0849219897567075,spring,15
2025-03-20 07:00:00+00:00,2025-03-20 07:15:00+00:00,400.63311919537716,1.0501141824421327,spring,15
2025-03-20 07:15:00+00:00,2025-03-20 07:30:00+00:00,382.85474716392355,1.0149640178067625,spring,15
2025-03-20 07:30:00+00:00,2025-03-20 07:45:00+00:00,362.59690235876644,1.0101686181364995,spring,15
2025-03-20 07:45:00+00:00,2025-03-20 08:00:00+00:00,342.63968155096734,0.958092180162819,spring,15
2025-03-20 08:00:00+00:00,2025-03-20 08:15:00+00:00,322.0479913976737,0.9255965831987547,spring,15
2025-03-20 08:15:00+00:00,2025-03-20 08:30:00+00:00,310.45543954820107,0.8976286164085376,spring,15
2025-03-20 08:30:00+00:00,2025-03-20 08:45:00+00:00,297.62656737408054,0.8760821657087069,spring,15
2025-03-20 08:45:00+00:00,2025-03-20 09:00:00+00:00,283.80146585630064,0.8477338183258423,spring,15
2025-03-20 09:00:00+00:00,2025-03-20 09:15:00+00:00,265.370556869778,0.8178108783523754,spring,15
2025-03-20 09:15:00+00:00,2025-03-20 09:30:00+00:00,255.10642426894537,0.7895048967781677,spring,15
2025-03-20 09:30:00+00:00,2025-03-20 09:45:00+00:00,243.52740667131005,0.7635002273499272,spring,15
2025-03-20 09:45:00+00:00,2025-03-20 10:00:00+00:00,239.7419108395708,0.7490858332667448,spring,15
2025-03-20 10:00:00+00:00,2025-03-20 10:15:00+00:00,237.48249062353003,0.738081746816573,spring,15
2025-03-20 10:15:00+00:00,2025-03-20 10:30:00+00:00,231.01388491519435,0.723121223367406,spring,15
2025-03-20 10:30:00+00:00,2025-03-20 10:45:00+00:00,227.1807225399716,0.7139714901733157,spring,15
2025-03-20 10:45:00+00:00,2025-03-20 11:00:00+00:00,213.08682680466853,0.6941785398921069,spring,15
2025-03-20 11:00:00+00:00,2025-03-20 11:15:00+00:00,206.38740991958807,0.6887276860927279,spring,15
2025-03-20 11:15:00+00:00,2025-03-20 11:30:00+00:00,204.2287945531031,0.6812348137220212,spring,15
2025-03-20 11:30:00+00:00,2025-03-20 11:45:00+00:00,204.08497888420015,0.6833008481490698,spring,15
2025-03-20 11:45:00+00:00,2025-03-20 12:00:00+00:00,205.66355772604612,0.6858095975339245,spring,15
2025-03-20 12:00:00+00:00,2025-03-20 12:15:00+00:00,205.60357376009418,0.6842199043787787,spring,15
2025-03-20 12:15:00+00:00,2025-03-20 12:30:00+00:00,207.53416248676768,0.6980100098859767,spring,15
2025-03-20 12:30:00+00:00,2025-03-20 12:45:00+00:00,213.2268754664263,0.7059562081234093,spring,15
2025-03-20 12:45:00+00:00,2025-03-20 13:00:00+00:00,217.11465139103368,0.7173806044436929,spring,15
2025-03-20 13:00:00+00:00,2025-03-20 13:15:00+00:00,219.94379533389338,0.7339084265951545,spring,15
2025-03-20 13:15:00+00:00,2025-03-20 13:30:00+00:00,224.20060446335114,0.7589542003095079,spring,15
2025-03-20 13:30:00+00:00,2025-03-20 13:45:00+00:00,229.59595201638155,0.7897850426458445,spring,15
2025-03-20 13:45:00+00:00,2025-03-20 14:00:00+00:00,248.58498249117164,0.8224770023499223,spring,15
2025-03-20 14:00:00+00:00,2025-03-20 14:15:00+00:00,277.34672763242025,0.8704389474018516,spring,15
2025-03-20 14:15:00+00:00,2025-03-20 14:30:00+00:00,306.9476301757107,0.9262260167332953,spring,15
2025-03-20 14:30:00+00:00,2025-03-20 14:45:00+00:00,336.1591766373834,0.983966398339621,spring,15
2025-03-20 14:45:00+00:00,2025-03-20 15:00:00+00:00,369.4481816881207,1.0504630521797595,spring,15
2025-03-20 15:00:00+00:00,2025-03-20 15:15:00+00:00,402.60379346275505,1.1130660552340097,spring,15
2025-03-20 15:15:00+00:00,2025-03-20 15:30:00+00:00,431.12085871175276,1.1808954630173882,spring,15
2025-03-20 15:30:00+00:00,2025-03-20 15:45:00+00:00,460.7404603055452,1.2351476688568401,spring,15
2025-03-20 15:45:00+00:00,2025-03-20 16:00:00+00:00,477.4408516374232,1.2942322240562794,spring,15
2025-03-20 16:00:00+00:00,2025-03-20 16:15:00+00:00,508.4594942374336,1.3385915279478602,spring,15
2025-03-20 16:15:00+00:00,2025-03-20 16:30:00+00:00,519.0774976473333,1.390138080295907,spring,15
2025-03-20 16:30:00+00:00,2025-03-20 16:45:00+00:00,522.3759570430402,1.4767909430947237,spring,15
2025-03-20 16:45:00+00:00,2025-03-20 17:00:00+00:00,533.7617567044501,1.5497079324932297,spring,15
2025-03-20 17:00:00+00:00,2025-03-20 17:15:00+00:00,547.0123891865609,1.580106424309115,spring,15
2025-03-20 17:15:00+00:00,2025-03-20 17:30:00+00:00,552.534529617655,1.6081892293082047,spring,15
2025-03-20 17:30:00+00:00,2025-03-20 17:45:00+00:00,551.6021175013582,1.6209072879047124,spring,15
2025-03-20 17:45:00+00:00,2025-03-20 18:00:00+00:00,551.6516042521143,1.6175032960582187,spring,15
2025-03-20 18:00:00+00:00,2025-03-20 18:15:00+00:00,551.0166245420576,1.610421674459487,spring,15
2025-03-20 18:15:00+00:00,2025-03-20 18:30:00+00:00,549.0668476694352,1.5864250294349411,spring,15
2025-03-20 18:30:00+00:00,2025-03-20 18:45:00+00:00,549.613036874464,1.577790104577026,spring,15
2025-03-20 18:45:00+00:00,2025-03-20 19:00:00+00:00,549.8365088863084,1.5384480572380563,spring,15
2025-03-20 19:00:00+00:00,2025-03-20 19:15:00+00:00,547.9047308673734,1.540200226648461,spring,15
2025-03-20 19:15:00+00:00,2025-03-20 19:30:00+00:00,542.8781728072153,1.5026017697488638,spring,15
2025-03-20 19:30:00+00:00,2025-03-20 19:45:00+00:00,542.3050335296363,1.5077427243661816,spring,15
2025-03-20 19:45:00+00:00,2025-03-20 20:00:00+00:00,549.0488419225467,1.5068747140698437,spring,15
2025-03-20 20:00:00+00:00,2025-03-20 20:15:00+00:00,553.0424424067746,1.4235444074883923,spring,15
2025-03-20 20:15:00+00:00,2025-03-20 20:30:00+00:00,561.0328897725266,1.421670644858989,spring,15
2025-03-20 20:30:00+00:00,2025-03-20 20:45:00+00:00,582.3687011618551,1.4813616535578493,spring,15
2025-03-20 20:45:00+00:00,2025-03-20 21:00:00+00:00,590.674987538235,1.4966307108418606,spring,15
2025-03-20 21:00:00+00:00,2025-03-20 21:15:00+00:00,576.1757238011153,1.4939442556314995,spring,15
2025-03-20 21:15:00+00:00,2025-03-20 21:30:00+00:00,579.718846491053,1.4731719020820333,spring,15
2025-03-20 21:30:00+00:00,2025-03-20 21:45:00+00:00,584.7388954519533,1.4891189889214365,spring,15
2025-03-20 21:45:00+00:00,2025-03-20 22:00:00+00:00,590.2856590261049,1.5036530449509682,spring,15
2025-03-20 22:00:00+00:00,2025-03-20 22:15:00+00:00,588.7448063864515,1.5249068763474263,spring,15
2025-03-20 22:15:00+00:00,2025-03-20 22:30:00+00:00,599.8356617191705,1.5230115935887023,spring,15
2025-03-20 22:30:00+00:00,2025-03-20 22:45:00+00:00,603.2073152712215,1.5299960979435345,spring,15
2025-03-20 22:45:00+00:00,2025-03-20 23:00:00+00:00,601.7618245092576,1.5233530431925888,spring,15
2025-03-20 23:00:00+00:00,2025-03-20 23:15:00+00:00,605.6462001480519,1.5368856596659892,spring,15
2025-03-20 23:15:00+00:00,2025-03-20 23:30:00+00:00,605.7195902989741,1.551664923608414,spring,15
2025-03-20 23:30:00+00:00,2025-03-20 23:45:00+00:00,612.5788130676156,1.5723337714933185,spring,15
2025-03-20 23:45:00+00:00,2025-03-21 00:00:00+00:00,614.5147755405867,1.5857068188155123,spring,15
2025-03-21 00:00:00+00:00,2025-03-21 00:15:00+00:00,611.8857407749373,1.5885235481264457,spring,15
2025-03-21 00:15:00+00:00,2025-03-21 00:30:00+00:00,613.4084374023754,1.5914180118076398,spring,15
2025-03-21 00:30:00+00:00,2025-03-21 00:45:00+00:00,614.1326022725847,1.5965380226174721,spring,15
2025-03-21 00:45:00+00:00,2025-03-21 01:00:00+00:00,613.5521863314746,1.597609663629868,spring,15
2025-03-21 01:00:00+00:00,2025-03-21 01:15:00+00:00,609.8591044217163,1.5894173248916406,spring,15
2025-03-21 01:15:00+00:00,2025-03-21 01:30:00+00:00,612.5162599517049,1.5918421343273077,spring,15
2025-03-21 01:30:00+00:00,2025-03-21 01:45:00+00:00,611.9294689185704,1.58957398073446,spring,15
2025-03-21 01:45:00+00:00,2025-03-21 02:00:00+00:00,610.613535327947,1.586492756893728,spring,15
2025-03-21 02:00:00+00:00,2025-03-21 02:15:00+00:00,608.1044027197574,1.584791733282758,spring,15
2025-03-21 02:15:00+00:00,2025-03-21 02:30:00+00:00,608.4999742312312,1.5863251315064675,spring,15
2025-03-21 02:30:00+00:00,2025-03-21 02:45:00+00:00,609.1351322950684,1.5852713505447613,spring,15
2025-03-21 02:45:00+00:00,2025-03-21 03:00:00+00:00,607.6160879901911,1.5835981724102413,spring,15
2025-03-21 03:00:00+00:00,2025-03-21 03:15:00+00:00,605.614331736182,1.574345970056431,spring,15
2025-03-21 03:15:00+00:00,2025-03-21 03:30:00+00:00,604.0402212357708,1.571512715106387,spring,15
2025-03-21 03:30:00+00:00,2025-03-21 03:45:00+00:00,600.9340704642608,1.561121682823205,spring,15
2025-03-21 03:45:00+00:00,2025-03-21 04:00:00+00:00,599.2845857662192,1.5605144278242797,spring,15
2025-03-21 04:00:00+00:00,2025-03-21 04:15:00+00:00,594.5551699867156,1.5482385662019111,spring,15
2025-03-21 04:15:00+00:00,2025-03-21 04:30:00+00:00,586.967889837577,1.5239420365031915,spring,15
2025-03-21 04:30:00+00:00,2025-03-21 04:45:00+00:00,573.9536424952187,1.49018112817441,spring,15
2025-03-21 04:45:00+00:00,2025-03-21 05:00:00+00:00,556.9100598635242,1.460422232929923,spring,15
2025-03-21 05:00:00+00:00,2025-03-21 05:15:00+00:00,541.9271229491543,1.420131110286869,spring,15
2025-03-21 05:15:00+00:00,2025-03-21 05:30:00+00:00,521.036147211066,1.3792804289676535,spring,15
2025-03-21 05:30:00+00:00,2025-03-21 05:45:00+00:00,502.85475791058934,1.3394174323013353,spring,15
2025-03-21 05:45:00+00:00,2025-03-21 06:00:00+00:00,487.08667653168726,1.2897185373926692,spring,15
2025-03-21 06:00:00+00:00,2025-03-21 06:15:00+00:00,465.18640854627375,1.2510444941203178,spring,15
2025-03-21 06:15:00+00:00,2025-03-21 06:30:00+00:00,450.39886121021226,1.195171145795352,spring,15
2025-03-21 06:30:00+00:00,2025-03-21 06:45:00+00:00,429.4278864879427,1.1514551038269316,spring,15
2025-03-21 06:45:00+00:00,2025-03-21 07:00:00+00:00,399.8295388290606,1.0957032461640812,spring,15
2025-03-21 07:00:00+00:00,2025-03-21 07:15:00+00:00,352.3580562478786,1.0108699869964428,spring,15
2025-03-21 07:15:00+00:00,2025-03-21 07:30:00+00:00,328.80426493605654,0.9675844012631049,spring,15
2025-03-21 07:30:00+00:00,2025-03-21 07:45:00+00:00,301.10139751835646,0.9223943197753082,spring,15
2025-03-21 07:45:00+00:00,2025-03-21 08:00:00+00:00,267.2705174660354,0.8645685353358348,spring,15
2025-03-21 08:00:00+00:00,2025-03-21 08:15:00+00:00,231.33554337813328,0.8540349431170767,spring,15
2025-03-21 08:15:00+00:00,2025-03-21 08:30:00+00:00,217.76280319209172,0.7938425766138463,spring,15
2025-03-21 08:30:00+00:00,2025-03-21 08:45:00+00:00,206.23483157184748,0.7649259220652657,spring,15
2025-03-21 08:45:00+00:00,2025-03-21 09:00:00+00:00,186.6254206218186,0.7291906760979038,spring,15
2025-03-21 09:00:00+00:00,2025-03-21 09:15:00+00:00,167.26318001676876,0.7033921913521195,spring,15
2025-03-21 09:15:00+00:00,2025-03-21 09:30:00+00:00,163.74191901783783,0.6782745429004062,spring,15
2025-03-21 09:30:00+00:00,2025-03-21 09:45:00+00:00,160.85126633886736,0.6600941457324214,spring,15
2025-03-21 09:45:00+00:00,2025-03-21 10:00:00+00:00,158.78471999857766,0.6435645631237944,spring,15
2025-03-21 10:00:00+00:00,2025-03-21 10:15:00+00:00,152.82945863957283,0.6219422088081179,spring,15
2025-03-21 10:15:00+00:00,2025-03-21 10:30:00+00:00,150.227554088593,0.6092322765290362,spring,15
2025-03-21 10:30:00+00:00,2025-03-21 10:45:00+00:00,146.44483974552017,0.5974820861300943,spring,15
2025-03-21 10:45:00+00:00,2025-03-21 11:00:00+00:00,143.73738520670574,0.5863935247906765,spring,15
2025-03-21 11:00:00+00:00,2025-03-21 11:15:00+00:00,140.7021115676865,0.5731085306228229,spring,15
2025-03-21 11:15:00+00:00,2025-03-21 11:30:00+00:00,138.5295843038363,0.5702503422678433,spring,15
2025-03-21 11:30:00+00:00,2025-03-21 11:45:00+00:00,137.94097998895168,0.5650477661419182,spring,15
2025-03-21 11:45:00+00:00,2025-03-21 12:00:00+00:00,137.9519079514397,0.5689790778373193,spring,15
2025-03-21 12:00:00+00:00,2025-03-21 12:15:00+00:00,136.26972753983426,0.5608629358213064,spring,15
2025-03-21 12:15:00+00:00,2025-03-21 12:30:00+00:00,136.53027816950197,0.5658460109807335,spring,15
2025-03-21 12:30:00+00:00,2025-03-21 12:45:00+00:00,138.5355554312571,0.5700560743910349,spring,15
2025-03-21 12:45:00+00:00,2025-03-21 13:00:00+00:00,138.93287455537444,0.5685938188199604,spring,15
2025-03-21 13:00:00+00:00,2025-03-21 13:15:00+00:00,139.88607320869758,0.5762886006232739,spring,15
2025-03-21 13:15:00+00:00,2025-03-21 13:30:00+00:00,139.26043945595686,0.5779415211747366,spring,15
2025-03-21 13:30:00+00:00,2025-03-21 13:45:00+00:00,138.83700242807518,0.5791457173989504,spring,15
2025-03-21 13:45:00+00:00,2025-03-21 14:00:00+00:00,138.6987593212033,0.5777075857110454,spring,15
2025-03-21 14:00:00+00:00,2025-03-21 14:15:00+00:00,140.09732584740755,0.5893758449925598,spring,15
2025-03-21 14:15:00+00:00,2025-03-21 14:30:00+00:00,140.46833878818765,0.59605491932698,spring,15
2025-03-21 14:30:00+00:00,2025-03-21 14:45:00+00:00,141.4263339615303,0.6040740289810917,spring,15
2025-03-21 14:45:00+00:00,2025-03-21 15:00:00+00:00,145.03643484771348,0.6115747989749856,spring,15
2025-03-21 15:00:00+00:00,2025-03-21 15:15:00+00:00,148.7823283510107,0.6102881016389841,spring,15
2025-03-21 15:15:00+00:00,2025-03-21 15:30:00+00:00,155.15993047017662,0.6329002879800035,spring,15
2025-03-21 15:30:00+00:00,2025-03-21 15:45:00+00:00,160.89249277184967,0.6672769265574224,spring,15
2025-03-21 15:45:00+00:00,2025-03-21 16:00:00+00:00,168.94663644944546,0.6879038978720472,spring,15
2025-03-21 16:00:00+00:00,2025-03-21 16:15:00+00:00,184.1457146635643,0.6993057724358059,spring,15
2025-03-21 16:15:00+00:00,2025-03-21 16:30:00+00:00,193.37128263126652,0.7338863868578095,spring,15
2025-03-21 16:30:00+00:00,2025-03-21 16:45:00+00:00,192.96062724868912,0.7568764004033895,spring,15
2025-03-21 16:45:00+00:00,2025-03-21 17:00:00+00:00,204.29978302609294,0.8243055927680856,spring,15
2025-03-21 17:00:00+00:00,2025-03-21 17:15:00+00:00,216.9417286145905,0.8328974971870199,spring,15
2025-03-21 17:15:00+00:00,2025-03-21 17:30:00+00:00,219.9036946383203,0.7902500935685569,spring,15
2025-03-21 17:30:00+00:00,2025-03-21 17:45:00+00:00,214.53424315398982,0.7535441800924957,spring,15
2025-03-21 17:45:00+00:00,2025-03-21 18:00:00+00:00,209.43296503105347,0.739628720661273,spring,15
2025-03-21 18:00:00+00:00,2025-03-21 18:15:00+00:00,197.65784470538367,0.7302219651755409,spring,15
2025-03-21 18:15:00+00:00,2025-03-21 18:30:00+00:00,184.51556912907867,0.6813114090523025,spring,15
2025-03-21 18:30:00+00:00,2025-03-21 18:45:00+00:00,177.27110729047783,0.6759682519177265,spring,15
2025-03-21 18:45:00+00:00,2025-03-21 19:00:00+00:00,170.55051931843758,0.6674358490141906,spring,15
2025-03-21 19:00:00+00:00,2025-03-21 19:15:00+00:00,163.7824921135006,0.6790393860031915,spring,15
2025-03-21 19:15:00+00:00,2025-03-21 19:30:00+00:00,163.75969893836267,0.6545770092729271,spring,15
2025-03-21 19:30:00+00:00,2025-03-21 19:45:00+00:00,163.68945399132468,0.6700269399885129,spring,15
2025-03-21 19:45:00+00:00,2025-03-21 20:00:00+00:00,163.01843344121025,0.6650134094956843,spring,15
2025-03-21 20:00:00+00:00,2025-03-21 20:15:00+00:00,160.6579112477818,0.6789684742198485,spring,15
2025-03-21 20:15:00+00:00,2025-03-21 20:30:00+00:00,160.366958547559,0.6584123790746275,spring,15
2025-03-21 20:30:00+00:00,2025-03-21 20:45:00+00:00,161.1097724698607,0.662407730835783,spring,15
2025-03-21 20:45:00+00:00,2025-03-21 21:00:00+00:00,162.99228582945278,0.6689440491339125,spring,15
2025-03-21 21:00:00+00:00,2025-03-21 21:15:00+00:00,168.12931120751966,0.7016853282535864,spring,15
2025-03-21 21:15:00+00:00,2025-03-21 21:30:00+00:00,166.5725106985319,0.6948473733619532,spring,15
2025-03-21 21:30:00+00:00,2025-03-21 21:45:00+00:00,168.17184138666016,0.6895161318328473,spring,15
2025-03-21 21:45:00+00:00,2025-03-21 22:00:00+00:00,169.91624696551926,0.7011036145104761,spring,15
2025-03-21 22:00:00+00:00,2025-03-21 22:15:00+00:00,168.6845542897739,0.7093569580761296,spring,15
2025-03-21 22:15:00+00:00,2025-03-21 22:30:00+00:00,168.78549056835612,0.6988868702210154,spring,15
2025-03-21 22:30:00+00:00,2025-03-21 22:45:00+00:00,169.4539318016295,0.6956887433793973,spring,15
2025-03-21 22:45:00+00:00,2025-03-21 23:00:00+00:00,170.67354897131656,0.698655178209401,spring,15
2025-03-21 23:00:00+00:00,2025-03-21 23:15:00+00:00,163.2251492864236,0.686256818315431,spring,15
2025-03-21 23:15:00+00:00,2025-03-21 23:30:00+00:00,159.86158529626817,0.6725864252541568,spring,15
2025-03-21 23:30:00+00:00,2025-03-21 23:45:00+00:00,159.59511303398327,0.6798605191110776,spring,15
2025-03-21 23:45:00+00:00,2025-03-22 00:00:00+00:00,157.48902830606906,0.6851935035517654,spring,15
2025-03-22 00:00:00+00:00,2025-03-22 00:15:00+00:00,153.33033741665514,0.6780255276532027,spring,15
2025-03-22 00:15:00+00:00,2025-03-22 00:30:00+00:00,148.98535422520226,0.6672554000425686,spring,15
2025-03-22 00:30:00+00:00,2025-03-22 00:45:00+00:00,146.74899367185904,0.6687888649767656,spring,15
2025-03-22 00:45:00+00:00,2025-03-22 01:00:00+00:00,147.35753874656578,0.6738082633787684,spring,15
2025-03-22 01:00:00+00:00,2025-03-22 01:15:00+00:00,147.69719251665924,0.6822452517297998,spring,15
2025-03-22 01:15:00+00:00,2025-03-22 01:30:00+00:00,147.0845668582227,0.6831375301992997,spring,15
2025-03-22 01:30:00+00:00,2025-03-22 01:45:00+00:00,147.01764988043254,0.6808613196584796,spring,15
2025-03-22 01:45:00+00:00,2025-03-22 02:00:00+00:00,147.85773636165774,0.6848274289439498,spring,15
2025-03-22 02:00:00+00:00,2025-03-22 02:15:00+00:00,150.7320552973287,0.68657996688225,spring,15
2025-03-22 02:15:00+00:00,2025-03-22 02:30:00+00:00,151.07363581954567,0.6897890844773529,spring,15
2025-03-22 02:30:00+00:00,2025-03-22 02:45:00+00:00,151.23090694135885,0.7011664655424616,spring,15
2025-03-22 02:45:00+00:00,2025-03-22 03:00:00+00:00,151.22627134132702,0.6999480255134961,spring,15
2025-03-22 03:00:00+00:00,2025-03-22 03:15:00+00:00,151.34545433528723,0.701598131513419,spring,15
2025-03-22 03:15:00+00:00,2025-03-22 03:30:00+00:00,152.90917431108483,0.7080113164123778,spring,15
2025-03-22 03:30:00+00:00,2025-03-22 03:45:00+00:00,155.15109817350134,0.7152695631715105,spring,15
2025-03-22 03:45:00+00:00,2025-03-22 04:00:00+00:00,157.95109664911118,0.7302587096263893,spring,15
2025-03-22 04:00:00+00:00,2025-03-22 04:15:00+00:00,157.47456422333622,0.7174936730987803,spring,15
2025-03-22 04:15:00+00:00,2025-03-22 04:30:00+00:00,157.0338026831435,0.7025814154918506,spring,15
2025-03-22 04:30:00+00:00,2025-03-22 04:45:00+00:00,157.42663845282755,0.7065071162888905,spring,15
2025-03-22 04:45:00+00:00,2025-03-22 05:00:00+00:00,157.48165714427284,0.705715054134524,spring,15
2025-03-22 05:00:00+00:00,2025-03-22 05:15:00+00:00,162.3437061203617,0.714837109418192,spring,15
2025-03-22 05:15:00+00:00,2025-03-22 05:30:00+00:00,167.97159206123754,0.7271783213334211,spring,15
2025-03-22 05:30:00+00:00,2025-03-22 05:45:00+00:00,170.5604095515621,0.7371466747191981,spring,15
2025-03-22 05:45:00+00:00,2025-03-22 06:00:00+00:00,176.96519989260435,0.7440263951702362,spring,15
2025-03-22 06:00:00+00:00,2025-03-22 06:15:00+00:00,180.1733222931834,0.770577190305154,spring,15
2025-03-22 06:15:00+00:00,2025-03-22 06:30:00+00:00,180.39139296051206,0.7501555183859292,spring,15
2025-03-22 06:30:00+00:00,2025-03-22 06:45:00+00:00,181.43330370202656,0.701960482526122,spring,15
2025-03-22 06:45:00+00:00,2025-03-22 07:00:00+00:00,174.8431346045451,0.6934658591323628,spring,15
2025-03-22 07:00:00+00:00,2025-03-22 07:15:00+00:00,176.0582449096364,0.7034473165975307,spring,15
2025-03-22 07:15:00+00:00,2025-03-22 07:30:00+00:00,173.55423503763646,0.6840017851188125,spring,15
2025-03-22 07:30:00+00:00,2025-03-22 07:45:00+00:00,172.19319067389168,0.6874514787829377,spring,15
2025-03-22 07:45:00+00:00,2025-03-22 08:00:00+00:00,173.37038984322186,0.6770159258770493,spring,15
2025-03-22 08:00:00+00:00,2025-03-22 08:15:00+00:00,167.16547185988364,0.6788463984531864,spring,15
2025-03-22 08:15:00+00:00,2025-03-22 08:30:00+00:00,163.14404882474707,0.6491062098416512,spring,15
2025-03-22 08:30:00+00:00,2025-03-22 08:45:00+00:00,160.33171748847496,0.6421768130722147,spring,15
2025-03-22 08:45:00+00:00,2025-03-22 09:00:00+00:00,157.6732075237185,0.628818892056354,spring,15
2025-03-22 09:00:00+00:00,2025-03-22 09:15:00+00:00,156.73819382952072,0.6576155622703455,spring,15
2025-03-22 09:15:00+00:00,2025-03-22 09:30:00+00:00,153.60010675021115,0.6176915288149786,spring,15
2025-03-22 09:30:00+00:00,2025-03-22 09:45:00+00:00,152.70243130931468,0.6100082055937617,spring,15
2025-03-22 09:45:00+00:00,2025-03-22 10:00:00+00:00,152.0787125775106,0.6160574950667328,spring,15
2025-03-22 10:00:00+00:00,2025-03-22 10:15:00+00:00,148.80411539005516,0.6482447186776806,spring,15
2025-03-22 10:15:00+00:00,2025-03-22 10:30:00+00:00,147.84445131341977,0.6473106284166535,spring,15
2025-03-22 10:30:00+00:00,2025-03-22 10:45:00+00:00,146.97920472133427,0.6139193850703687,spring,15
2025-03-22 10:45:00+00:00,2025-03-22 11:00:00+00:00,144.9397887279281,0.5989097341431838,spring,15
2025-03-22 11:00:00+00:00,2025-03-22 11:15:00+00:00,141.88000837780197,0.6245653061033932,spring,15
2025-03-22 11:15:00+00:00,2025-03-22 11:30:00+00:00,141.69869983256893,0.5904398403267435,spring,15
2025-03-22 11:30:00+00:00,2025-03-22 11:45:00+00:00,141.06352273383018,0.5833930202609388,spring,15
2025-03-22 11:45:00+00:00,2025-03-22 12:00:00+00:00,141.93227714164823,0.5672893751857918,spring,15
2025-03-22 12:00:00+00:00,2025-03-22 12:15:00+00:00,139.56012631925626,0.5609125661769246,spring,15
2025-03-22 12:15:00+00:00,2025-03-22 12:30:00+00:00,138.72846778688745,0.5852177024309158,spring,15
2025-03-22 12:30:00+00:00,2025-03-22 12:45:00+00:00,138.79854816869033,0.5811217498885688,spring,15
2025-03-22 12:45:00+00:00,2025-03-22 13:00:00+00:00,137.6531057653271,0.5877394082940892,spring,15
2025-03-22 13:00:00+00:00,2025-03-22 13:15:00+00:00,136.6755367714711,0.5755111745076529,spring,15
2025-03-22 13:15:00+00:00,2025-03-22 13:30:00+00:00,138.9962426501076,0.584489471588841,spring,15
2025-03-22 13:30:00+00:00,2025-03-22 13:45:00+00:00,136.80180803980195,0.594323241456978,spring,15
2025-03-22 13:45:00+00:00,2025-03-22 14:00:00+00:00,138.32236846512527,0.6058220379971092,spring,15
2025-03-22 14:00:00+00:00,2025-03-22 14:15:00+00:00,140.48123645943062,0.6043694421296285,spring,15
2025-03-22 14:15:00+00:00,2025-03-22 14:30:00+00:00,140.04847051465165,0.6029571166755666,spring,15
2025-03-22 14:30:00+00:00,2025-03-22 14:45:00+00:00,142.80868390332017,0.6223299104556289,spring,15
2025-03-22 14:45:00+00:00,2025-03-22 15:00:00+00:00,149.70074407167658,0.6563655402233333,spring,15
2025-03-22 15:00:00+00:00,2025-03-22 15:15:00+00:00,157.36937049200205,0.6500297948292981,spring,15
2025-03-22 15:15:00+00:00,2025-03-22 15:30:00+00:00,166.12231925295242,0.6684739411003556,spring,15
2025-03-22 15:30:00+00:00,2025-03-22 15:45:00+00:00,172.68958905811982,0.6983773571506481,spring,15
2025-03-22 15:45:00+00:00,2025-03-22 16:00:00+00:00,177.34498622410678,0.7116146697446485,spring,15
2025-03-22 16:00:00+00:00,2025-03-22 16:15:00+00:00,185.3602676270833,0.7440018733849811,spring,15
2025-03-22 16:15:00+00:00,2025-03-22 16:30:00+00:00,193.4454198764448,0.7687590645303374,spring,15
2025-03-22 16:30:00+00:00,2025-03-22 16:45:00+00:00,195.35202062896536,0.7850007393709458,spring,15
2025-03-22 16:45:00+00:00,2025-03-22 17:00:00+00:00,197.09599080925202,0.7715740450610135,spring,15
2025-03-22 17:00:00+00:00,2025-03-22 17:15:00+00:00,201.57161400216393,0.7767034984166105,spring,15
2025-03-22 17:15:00+00:00,2025-03-22 17:30:00+00:00,200.90285489062748,0.7619076292554173,spring,15
2025-03-22 17:30:00+00:00,2025-03-22 17:45:00+00:00,200.54848663769496,0.7660237799556037,spring,15
2025-03-22 17:45:00+00:00,2025-03-22 18:00:00+00:00,201.7374972752961,0.78948679066535,spring,15
2025-03-22 18:00:00+00:00,2025-03-22 18:15:00+00:00,209.631083400734,0.7985743854705181,spring,15
2025-03-22 18:15:00+00:00,2025-03-22 18:30:00+00:00,205.78466641036712,0.7475256669724966,spring,15
2025-03-22 18:30:00+00:00,2025-03-22 18:45:00+00:00,205.37238283167167,0.7567608480886292,spring,15
2025-03-22 18:45:00+00:00,2025-03-22 19:00:00+00:00,207.75082774624985,0.7575512444493964,spring,15
2025-03-22 19:00:00+00:00,2025-03-22 19:15:00+00:00,214.36646123308444,0.7894298825030949,spring,15
2025-03-22 19:15:00+00:00,2025-03-22 19:30:00+00:00,218.409148984314,0.7763104025122471,spring,15
2025-03-22 19:30:00+00:00,2025-03-22 19:45:00+00:00,220.28727263185115,0.78170522710745,spring,15
2025-03-22 19:45:00+00:00,2025-03-22 20:00:00+00:00,219.36729580028438,0.7716175494048322,spring,15
2025-03-22 20:00:00+00:00,2025-03-22 20:15:00+00:00,212.0906242551667,0.7937886163246086,spring,15
2025-03-22 20:15:00+00:00,2025-03-22 20:30:00+00:00,212.96439737331343,0.7726136179325546,spring,15
2025-03-22 20:30:00+00:00,2025-03-22 20:45:00+00:00,213.9277744031747,0.7743584967432211,spring,15
2025-03-22 20:45:00+00:00,2025-03-22 21:00:00+00:00,214.17360668003235,0.7705976879487636,spring,15
2025-03-22 21:00:00+00:00,2025-03-22 21:15:00+00:00,215.83067170545993,0.8056176489302079,spring,15
2025-03-22 21:15:00+00:00,2025-03-22 21:30:00+00:00,210.69156807899253,0.7869052978730734,spring,15
2025-03-22 21:30:00+00:00,2025-03-22 21:45:00+00:00,209.3493454245148,0.7852957695603698,spring,15
2025-03-22 21:45:00+00:00,2025-03-22 22:00:00+00:00,213.79661802962033,0.7860060267642532,spring,15
2025-03-22 22:00:00+00:00,2025-03-22 22:15:00+00:00,221.61843312465973,0.8068294718366564,spring,15
2025-03-22 22:15:00+00:00,2025-03-22 22:30:00+00:00,226.94601110452663,0.8113983757999481,spring,15
2025-03-22 22:30:00+00:00,2025-03-22 22:45:00+00:00,229.3187772907817,0.8205445934798383,spring,15
2025-03-22 22:45:00+00:00,2025-03-22 23:00:00+00:00,231.25797366578962,0.829875889504866,spring,15
2025-03-22 23:00:00+00:00,2025-03-22 23:15:00+00:00,224.58135413780627,0.8231222257959256,spring,15
2025-03-22 23:15:00+00:00,2025-03-22 23:30:00+00:00,204.42973563399943,0.7940995333446355,spring,15
2025-03-22 23:30:00+00:00,2025-03-22 23:45:00+00:00,199.99689003042772,0.7935398883523617,spring,15
2025-03-22 23:45:00+00:00,2025-03-23 00:00:00+00:00,198.0999558028588,0.796605129360526,spring,15
2025-03-23 00:00:00+00:00,2025-03-23 00:15:00+00:00,192.92589828862694,0.7905670022280069,spring,15
2025-03-23 00:15:00+00:00,2025-03-23 00:30:00+00:00,189.04335528473084,0.7898262009825553,spring,15
2025-03-23 00:30:00+00:00,2025-03-23 00:45:00+00:00,189.28716603468314,0.7950273248774882,spring,15
2025-03-23 00:45:00+00:00,2025-03-23 01:00:00+00:00,189.29003624878635,0.8004278738666917,spring,15
2025-03-23 01:00:00+00:00,2025-03-23 01:15:00+00:00,186.38079535016846,0.8000844990203805,spring,15
2025-03-23 01:15:00+00:00,2025-03-23 01:30:00+00:00,187.77329927914707,0.8080595847736411,spring,15
2025-03-23 01:30:00+00:00,2025-03-23 01:45:00+00:00,187.8804326248253,0.8092472141352699,spring,15
2025-03-23 01:45:00+00:00,2025-03-23 02:00:00+00:00,189.36299785580653,0.8182692173229145,spring,15
2025-03-23 02:00:00+00:00,2025-03-23 02:15:00+00:00,192.41640081976732,0.8241795400576883,spring,15
2025-03-23 02:15:00+00:00,2025-03-23 02:30:00+00:00,193.6021180557351,0.8264943408710068,spring,15
2025-03-23 02:30:00+00:00,2025-03-23 02:45:00+00:00,194.37524522479367,0.8341058324282729,spring,15
2025-03-23 02:45:00+00:00,2025-03-23 03:00:00+00:00,197.05592412514622,0.8442970502386437,spring,15
2025-03-23 03:00:00+00:00,2025-03-23 03:15:00+00:00,200.30995357702724,0.8489568220112538,spring,15
2025-03-23 03:15:00+00:00,2025-03-23 03:30:00+00:00,202.85525279613307,0.8604787116038127,spring,15
2025-03-23 03:30:00+00:00,2025-03-23 03:45:00+00:00,204.66358283363127,0.8648923639087529,spring,15
2025-03-23 03:45:00+00:00,2025-03-23 04:00:00+00:00,206.88614901253422,0.8710188836576321,spring,15
2025-03-23 04:00:00+00:00,2025-03-23 04:15:00+00:00,207.73521069137948,0.8711647867888893,spring,15
2025-03-23 04:15:00+00:00,2025-03-23 04:30:00+00:00,205.48852794302184,0.8575249894484778,spring,15
2025-03-23 04:30:00+00:00,2025-03-23 04:45:00+00:00,204.30906314849187,0.8540894982408477,spring,15
2025-03-23 04:45:00+00:00,2025-03-23 05:00:00+00:00,207.41795282478085,0.8642798812303641,spring,15
2025-03-23 05:00:00+00:00,2025-03-23 05:15:00+00:00,206.0226287758262,0.8586725156930801,spring,15
2025-03-23 05:15:00+00:00,2025-03-23 05:30:00+00:00,203.05852146574998,0.8490108372306807,spring,15
2025-03-23 05:30:00+00:00,2025-03-23 05:45:00+00:00,203.36777735396677,0.8510711681706529,spring,15
2025-03-23 05:45:00+00:00,2025-03-23 06:00:00+00:00,203.8835608499243,0.8489977766076353,spring,15
2025-03-23 06:00:00+00:00,2025-03-23 06:15:00+00:00,206.16954317442605,0.879988543390783,spring,15
2025-03-23 06:15:00+00:00,2025-03-23 06:30:00+00:00,202.75642361175855,0.8518604850710305,spring,15
2025-03-23 06:30:00+00:00,2025-03-23 06:45:00+00:00,199.8788503865529,0.8430521292989458,spring,15
2025-03-23 06:45:00+00:00,2025-03-23 07:00:00+00:00,196.74796004886292,0.8301502528434054,spring,15
2025-03-23 07:00:00+00:00,2025-03-23 07:15:00+00:00,185.51038938975228,0.7872869024449061,spring,15
2025-03-23 07:15:00+00:00,2025-03-23 07:30:00+00:00,185.47183521689408,0.7853323858767696,spring,15
2025-03-23 07:30:00+00:00,2025-03-23 07:45:00+00:00,184.31292217163073,0.7762334031024377,spring,15
2025-03-23 07:45:00+00:00,2025-03-23 08:00:00+00:00,181.72110980277589,0.7555001714157373,spring,15
2025-03-23 08:00:00+00:00,2025-03-23 08:15:00+00:00,176.9683038562549,0.73298771042813,spring,15
2025-03-23 08:15:00+00:00,2025-03-23 08:30:00+00:00,174.08167119931937,0.7230366274663073,spring,15
2025-03-23 08:30:00+00:00,2025-03-23 08:45:00+00:00,172.9020025868,0.7162922996053932,spring,15
2025-03-23 08:45:00+00:00,2025-03-23 09:00:00+00:00,171.28730961044238,0.7068293843125654,spring,15
2025-03-23 09:00:00+00:00,2025-03-23 09:15:00+00:00,168.7408910286343,0.7000516989425704,spring,15
2025-03-23 09:15:00+00:00,2025-03-23 09:30:00+00:00,168.98351499134986,0.701733982492549,spring,15
2025-03-23 09:30:00+00:00,2025-03-23 09:45:00+00:00,167.2594985422607,0.7010286166537923,spring,15
2025-03-23 09:45:00+00:00,2025-03-23 10:00:00+00:00,165.21055226653954,0.6982655525413922,spring,15
2025-03-23 10:00:00+00:00,2025-03-23 10:15:00+00:00,159.77585762078556,0.6638152172277405,spring,15
2025-03-23 10:15:00+00:00,2025-03-23 10:30:00+00:00,161.54728073887105,0.6698256397496593,spring,15
2025-03-23 10:30:00+00:00,2025-03-23 10:45:00+00:00,161.1937936487062,0.6746125548915948,spring,15
2025-03-23 10:45:00+00:00,2025-03-23 11:00:00+00:00,161.7630576873211,0.6908369433926824,spring,15
2025-03-23 11:00:00+00:00,2025-03-23 11:15:00+00:00,161.0245410073977,0.7032710423165937,spring,15
2025-03-23 11:15:00+00:00,2025-03-23 11:30:00+00:00,163.173785202086,0.7185725695137197,spring,15
2025-03-23 11:30:00+00:00,2025-03-23 11:45:00+00:00,166.55614548214865,0.7139963461583887,spring,15
2025-03-23 11:45:00+00:00,2025-03-23 12:00:00+00:00,169.28500956229092,0.7120390798536061,spring,15
2025-03-23 12:00:00+00:00,2025-03-23 12:15:00+00:00,170.40433731656347,0.7257881699897265,spring,15
2025-03-23 12:15:00+00:00,2025-03-23 12:30:00+00:00,172.20746722955215,0.7398954554004893,spring,15
2025-03-23 12:30:00+00:00,2025-03-23 12:45:00+00:00,174.66917421572228,0.7572154998016052,spring,15
2025-03-23 12:45:00+00:00,2025-03-23 13:00:00+00:00,177.55679193905823,0.7775080336210664,spring,15
2025-03-23 13:00:00+00:00,2025-03-23 13:15:00+00:00,186.01880828319509,0.8191487822181868,spring,15
2025-03-23 13:15:00+00:00,2025-03-23 13:30:00+00:00,190.52755628953744,0.8322373331945168,spring,15
2025-03-23 13:30:00+00:00,2025-03-23 13:45:00+00:00,195.09132175036743,0.8415143285713335,spring,15
2025-03-23 13:45:00+00:00,2025-03-23 14:00:00+00:00,198.49671010676647,0.8725663291862249,spring,15
2025-03-23 14:00:00+00:00,2025-03-23 14:15:00+00:00,208.79073884523373,0.8830650261634472,spring,15
2025-03-23 14:15:00+00:00,2025-03-23 14:30:00+00:00,220.7758218898945,0.9110194691445803,spring,15
2025-03-23 14:30:00+00:00,2025-03-23 14:45:00+00:00,236.75161961155402,0.9418418855647653,spring,15
2025-03-23 14:45:00+00:00,2025-03-23 15:00:00+00:00,261.8183404753859,0.9903409904936621,spring,15
2025-03-23 15:00:00+00:00,2025-03-23 15:15:00+00:00,293.36943929316885,1.0354810099960452,spring,15
2025-03-23 15:15:00+00:00,2025-03-23 15:30:00+00:00,326.0832530816272,1.0813840662564473,spring,15
2025-03-23 15:30:00+00:00,2025-03-23 15:45:00+00:00,363.2430418650667,1.1235716701746232,spring,15
2025-03-23 15:45:00+00:00,2025-03-23 16:00:00+00:00,388.0351944529527,1.1660741943020827,spring,15
2025-03-23 16:00:00+00:00,2025-03-23 16:15:00+00:00,407.0029174734535,1.2012493267489044,spring,15
2025-03-23 16:15:00+00:00,2025-03-23 16:30:00+00:00,424.37346493720435,1.2410662981776681,spring,15
2025-03-23 16:30:00+00:00,2025-03-23 16:45:00+00:00,441.43631700097234,1.2872314971224637,spring,15
2025-03-23 16:45:00+00:00,2025-03-23 17:00:00+00:00,440.3614450773269,1.2874335437949087,spring,15
2025-03-23 17:00:00+00:00,2025-03-23 17:15:00+00:00,446.04670382732934,1.3149890574731282,spring,15
2025-03-23 17:15:00+00:00,2025-03-23 17:30:00+00:00,445.0438061958449,1.3556143105153453,spring,15
2025-03-23 17:30:00+00:00,2025-03-23 17:45:00+00:00,450.903558358257,1.3808177834490547,spring,15
2025-03-23 17:45:00+00:00,2025-03-23 18:00:00+00:00,456.8346680419246,1.40900155532769,spring,15
2025-03-23 18:00:00+00:00,2025-03-23 18:15:00+00:00,452.53905388189975,1.3780428940223353,spring,15
2025-03-23 18:15:00+00:00,2025-03-23 18:30:00+00:00,457.9834404859005,1.3794959200872874,spring,15
2025-03-23 18:30:00+00:00,2025-03-23 18:45:00+00:00,464.76047749731515,1.3927507361337128,spring,15
2025-03-23 18:45:00+00:00,2025-03-23 19:00:00+00:00,475.36060465940636,1.4174179045706436,spring,15
2025-03-23 19:00:00+00:00,2025-03-23 19:15:00+00:00,477.926554812871,1.4118985037561878,spring,15
2025-03-23 19:15:00+00:00,2025-03-23 19:30:00+00:00,487.8750665423132,1.4435504945702125,spring,15
2025-03-23 19:30:00+00:00,2025-03-23 19:45:00+00:00,499.58199386156696,1.3932000452590905,spring,15
2025-03-23 19:45:00+00:00,2025-03-23 20:00:00+00:00,510.070319919602,1.4947656963070832,spring,15
2025-03-23 20:00:00+00:00,2025-03-23 20:15:00+00:00,519.5534048543412,1.5168041470614777,spring,15
2025-03-23 20:15:00+00:00,2025-03-23 20:30:00+00:00,531.7727749743868,1.4875300789521515,spring,15
2025-03-23 20:30:00+00:00,2025-03-23 20:45:00+00:00,540.0361340834917,1.5186754743876412,spring,15
2025-03-23 20:45:00+00:00,2025-03-23 21:00:00+00:00,552.9125404053543,1.4938006680843479,spring,15
2025-03-23 21:00:00+00:00,2025-03-23 21:15:00+00:00,546.6701881570568,1.5639335954303732,spring,15
2025-03-23 21:15:00+00:00,2025-03-23 21:30:00+00:00,557.24759942751,1.5858435257182457,spring,15
2025-03-23 21:30:00+00:00,2025-03-23 21:45:00+00:00,567.1626138686062,1.5962172722843557,spring,15
2025-03-23 21:45:00+00:00,2025-03-23 22:00:00+00:00,577.1283448306273,1.5502112289796715,spring,15
2025-03-23 22:00:00+00:00,2025-03-23 22:15:00+00:00,577.7009167758696,1.6416586302286045,spring,15
2025-03-23 22:15:00+00:00,2025-03-23 22:30:00+00:00,593.0741796131744,1.589607798498292,spring,15
2025-03-23 22:30:00+00:00,2025-03-23 22:45:00+00:00,599.9475822703338,1.598038250428592,spring,15
2025-03-23 22:45:00+00:00,2025-03-23 23:00:00+00:00,605.7999637044186,1.6313266427114705,spring,15
2025-03-23 23:00:00+00:00,2025-03-23 23:15:00+00:00,612.4213966785062,1.6491288730614029,spring,15
2025-03-23 23:15:00+00:00,2025-03-23 23:30:00+00:00,618.4814616565068,1.6409713238270889,spring,15
2025-03-23 23:30:00+00:00,2025-03-23 23:45:00+00:00,627.306443452747,1.6594359236578748,spring,15
2025-03-23 23:45:00+00:00,2025-03-24 00:00:00+00:00,631.363587430934,1.66941019877455,spring,15
2025-03-24 00:00:00+00:00,2025-03-24 00:15:00+00:00,634.1794689034464,1.6850541801181258,spring,15
2025-03-24 00:15:00+00:00,2025-03-24 00:30:00+00:00,639.56930181409,1.715215616716592,spring,15
2025-03-24 00:30:00+00:00,2025-03-24 00:45:00+00:00,644.179881931057,1.7044835489926364,spring,15
2025-03-24 00:45:00+00:00,2025-03-24 01:00:00+00:00,645.9541318369331,1.7037867016333945,spring,15
2025-03-24 01:00:00+00:00,2025-03-24 01:15:00+00:00,645.3411003725506,1.7112794467767918,spring,15
2025-03-24 01:15:00+00:00,2025-03-24 01:30:00+00:00,645.7867648259727,1.7288794926605335,spring,15
2025-03-24 01:30:00+00:00,2025-03-24 01:45:00+00:00,648.2942089769939,1.730092231133575,spring,15
2025-03-24 01:45:00+00:00,2025-03-24 02:00:00+00:00,650.7505280089592,1.7254982850730616,spring,15
2025-03-24 02:00:00+00:00,2025-03-24 02:15:00+00:00,652.9122022730041,1.719348617361872,spring,15
2025-03-24 02:15:00+00:00,2025-03-24 02:30:00+00:00,654.4642469740983,1.7200528820121732,spring,15
2025-03-24 02:30:00+00:00,2025-03-24 02:45:00+00:00,655.526022110663,1.7299687779187767,spring,15
2025-03-24 02:45:00+00:00,2025-03-24 03:00:00+00:00,655.7661776530308,1.7362825315172377,spring,15
2025-03-24 03:00:00+00:00,2025-03-24 03:15:00+00:00,651.7274865092585,1.717414908349389,spring,15
2025-03-24 03:15:00+00:00,2025-03-24 03:30:00+00:00,652.2052181708368,1.7333643077433032,spring,15
2025-03-24 03:30:00+00:00,2025-03-24 03:45:00+00:00,652.3833098273775,1.739244989592297,spring,15
2025-03-24 03:45:00+00:00,2025-03-24 04:00:00+00:00,651.2217551337138,1.7303477179434792,spring,15
2025-03-24 04:00:00+00:00,2025-03-24 04:15:00+00:00,648.676695140223,1.7092555477023474,spring,15
2025-03-24 04:15:00+00:00,2025-03-24 04:30:00+00:00,645.8647783365428,1.7058504758890025,spring,15
2025-03-24 04:30:00+00:00,2025-03-24 04:45:00+00:00,637.2284020613707,1.685987803448306,spring,15
2025-03-24 04:45:00+00:00,2025-03-24 05:00:00+00:00,626.7113048434227,1.6541283486262834,spring,15
2025-03-24 05:00:00+00:00,2025-03-24 05:15:00+00:00,608.9866261540402,1.6000535556869486,spring,15
2025-03-24 05:15:00+00:00,2025-03-24 05:30:00+00:00,587.9417071522088,1.5550007520888558,spring,15
2025-03-24 05:30:00+00:00,2025-03-24 05:45:00+00:00,570.6614477232611,1.5101125129481974,spring,15
2025-03-24 05:45:00+00:00,2025-03-24 06:00:00+00:00,559.5943943915016,1.471768419571155,spring,15
2025-03-24 06:00:00+00:00,2025-03-24 06:15:00+00:00,540.622134459041,1.4256746280638108,spring,15
2025-03-24 06:15:00+00:00,2025-03-24 06:30:00+00:00,529.7112862308786,1.3930669101319435,spring,15
2025-03-24 06:30:00+00:00,2025-03-24 06:45:00+00:00,518.6599634866188,1.3642046397637198,spring,15
2025-03-24 06:45:00+00:00,2025-03-24 07:00:00+00:00,509.40819694526806,1.3316273953485898,spring,15
2025-03-24 07:00:00+00:00,2025-03-24 07:15:00+00:00,486.60396752421906,1.2816508784164289,spring,15
2025-03-24 07:15:00+00:00,2025-03-24 07:30:00+00:00,477.02280595762113,1.2529757678980793,spring,15
2025-03-24 07:30:00+00:00,2025-03-24 07:45:00+00:00,465.26199226573993,1.2150264607350358,spring,15
2025-03-24 07:45:00+00:00,2025-03-24 08:00:00+00:00,460.5629007875402,1.1906936780787973,spring,15
2025-03-24 08:00:00+00:00,2025-03-24 08:15:00+00:00,444.24029457583606,1.1625705177977341,spring,15
2025-03-24 08:15:00+00:00,2025-03-24 08:30:00+00:00,439.97634431700584,1.1476847597790942,spring,15
2025-03-24 08:30:00+00:00,2025-03-24 08:45:00+00:00,443.9038244024548,1.1351893387558687,spring,15
2025-03-24 08:45:00+00:00,2025-03-24 09:00:00+00:00,445.7285188606373,1.1309731587122058,spring,15
2025-03-24 09:00:00+00:00,2025-03-24 09:15:00+00:00,438.05683755608067,1.133855921919816,spring,15
2025-03-24 09:15:00+00:00,2025-03-24 09:30:00+00:00,429.7463229237853,1.0973793888556809,spring,15
2025-03-24 09:30:00+00:00,2025-03-24 09:45:00+00:00,427.6642336973844,1.081483325839522,spring,15
2025-03-24 09:45:00+00:00,2025-03-24 10:00:00+00:00,425.792657600472,1.0709402568865576,spring,15
2025-03-24 10:00:00+00:00,2025-03-24 10:15:00+00:00,422.18305308380206,1.0639941251777076,spring,15
2025-03-24 10:15:00+00:00,2025-03-24 10:30:00+00:00,416.9632252747518,1.0520620791111832,spring,15
2025-03-24 10:30:00+00:00,2025-03-24 10:45:00+00:00,409.52830648288426,1.0571662313893258,spring,15
2025-03-24 10:45:00+00:00,2025-03-24 11:00:00+00:00,404.43887185732564,1.0472472493382523,spring,15
2025-03-24 11:00:00+00:00,2025-03-24 11:15:00+00:00,400.11991515097117,1.0189419731665705,spring,15
2025-03-24 11:15:00+00:00,2025-03-24 11:30:00+00:00,393.0292916113223,1.0261367694152324,spring,15
2025-03-24 11:30:00+00:00,2025-03-24 11:45:00+00:00,389.83246277618815,1.017169250432952,spring,15
2025-03-24 11:45:00+00:00,2025-03-24 12:00:00+00:00,387.335064557331,1.0092091723622232,spring,15
2025-03-24 12:00:00+00:00,2025-03-24 12:15:00+00:00,386.5322597760553,1.005521704079972,spring,15
2025-03-24 12:15:00+00:00,2025-03-24 12:30:00+00:00,385.7779808782895,1.0134876775552029,spring,15
2025-03-24 12:30:00+00:00,2025-03-24 12:45:00+00:00,385.5992548353243,1.0219216233096584,spring,15
2025-03-24 12:45:00+00:00,2025-03-24 13:00:00+00:00,388.70592595079705,1.0350216905489538,spring,15
2025-03-24 13:00:00+00:00,2025-03-24 13:15:00+00:00,392.2277470467265,1.034587062011563,spring,15
2025-03-24 13:15:00+00:00,2025-03-24 13:30:00+00:00,395.84237050668116,1.0423932516748662,spring,15
2025-03-24 13:30:00+00:00,2025-03-24 13:45:00+00:00,401.08983033989165,1.0592507175888324,spring,15
2025-03-24 13:45:00+00:00,2025-03-24 14:00:00+00:00,404.4409936505344,1.0719283389223082,spring,15
2025-03-24 14:00:00+00:00,2025-03-24 14:15:00+00:00,415.5928701868875,1.097841687440439,spring,15
2025-03-24 14:15:00+00:00,2025-03-24 14:30:00+00:00,427.43539542939465,1.1354629868156738,spring,15
2025-03-24 14:30:00+00:00,2025-03-24 14:45:00+00:00,436.52539583633035,1.153043599120382,spring,15
2025-03-24 14:45:00+00:00,2025-03-24 15:00:00+00:00,446.77531837086764,1.1719608453079589,spring,15
2025-03-24 15:00:00+00:00,2025-03-24 15:15:00+00:00,464.2864741168552,1.2112845614351875,spring,15
2025-03-24 15:15:00+00:00,2025-03-24 15:30:00+00:00,478.2361952303817,1.2445064910502182,spring,15
2025-03-24 15:30:00+00:00,2025-03-24 15:45:00+00:00,492.0690113047224,1.282373854604482,spring,15
2025-03-24 15:45:00+00:00,2025-03-24 16:00:00+00:00,493.94209951486306,1.2884662251088623,spring,15
2025-03-24 16:00:00+00:00,2025-03-24 16:15:00+00:00,503.9417055862848,1.3194095741749785,spring,15
2025-03-24 16:15:00+00:00,2025-03-24 16:30:00+00:00,498.01701287371077,1.3298816543956302,spring,15
2025-03-24 16:30:00+00:00,2025-03-24 16:45:00+00:00,496.7802414457013,1.3293523874081241,spring,15
2025-03-24 16:45:00+00:00,2025-03-24 17:00:00+00:00,503.54382625101624,1.3999962177612293,spring,15
2025-03-24 17:00:00+00:00,2025-03-24 17:15:00+00:00,517.4046416194033,1.4023437737701197,spring,15
2025-03-24 17:15:00+00:00,2025-03-24 17:30:00+00:00,519.7645494625041,1.4171156189213614,spring,15
2025-03-24 17:30:00+00:00,2025-03-24 17:45:00+00:00,518.9015840325278,1.4753282217193677,spring,15
2025-03-24 17:45:00+00:00,2025-03-24 18:00:00+00:00,517.7039093856147,1.4813942931622446,spring,15
2025-03-24 18:00:00+00:00,2025-03-24 18:15:00+00:00,516.6103201083109,1.4731890707453696,spring,15
2025-03-24 18:15:00+00:00,2025-03-24 18:30:00+00:00,518.4257036864101,1.4754322053738393,spring,15
2025-03-24 18:30:00+00:00,2025-03-24 18:45:00+00:00,521.7151057546498,1.465868911300768,spring,15
2025-03-24 18:45:00+00:00,2025-03-24 19:00:00+00:00,521.9935213039206,1.4352389374085102,spring,15
2025-03-24 19:00:00+00:00,2025-03-24 19:15:00+00:00,529.8858032330928,1.4904783176422216,spring,15
2025-03-24 19:15:00+00:00,2025-03-24 19:30:00+00:00,523.1747675003231,1.4410393303146523,spring,15
2025-03-24 19:30:00+00:00,2025-03-24 19:45:00+00:00,523.0007390137605,1.4272457123147613,spring,15
2025-03-24 19:45:00+00:00,2025-03-24 20:00:00+00:00,530.5640964172773,1.445204173537007,spring,15
2025-03-24 20:00:00+00:00,2025-03-24 20:15:00+00:00,536.2613918659721,1.4459574995818452,spring,15
2025-03-24 20:15:00+00:00,2025-03-24 20:30:00+00:00,546.4410021382779,1.4675706043368633,spring,15
2025-03-24 20:30:00+00:00,2025-03-24 20:45:00+00:00,559.6227511381969,1.4753532028337752,spring,15
2025-03-24 20:45:00+00:00,2025-03-24 21:00:00+00:00,563.0219279025476,1.4701022772779262,spring,15
2025-03-24 21:00:00+00:00,2025-03-24 21:15:00+00:00,566.201294676677,1.5201679062944826,spring,15
2025-03-24 21:15:00+00:00,2025-03-24 21:30:00+00:00,572.5479639015194,1.5263787306618677,spring,15
2025-03-24 21:30:00+00:00,2025-03-24 21:45:00+00:00,579.7602356544202,1.4928339232997971,spring,15
2025-03-24 21:45:00+00:00,2025-03-24 22:00:00+00:00,581.0023611582574,1.5220618548087965,spring,15
2025-03-24 22:00:00+00:00,2025-03-24 22:15:00+00:00,592.4752564615095,1.5996676815254582,spring,15
2025-03-24 22:15:00+00:00,2025-03-24 22:30:00+00:00,600.6392957957569,1.559412842776572,spring,15
2025-03-24 22:30:00+00:00,2025-03-24 22:45:00+00:00,603.4708387768999,1.5722311171857213,spring,15
2025-03-24 22:45:00+00:00,2025-03-24 23:00:00+00:00,599.3474130761126,1.5782690241788142,spring,15
2025-03-24 23:00:00+00:00,2025-03-24 23:15:00+00:00,600.4462955741973,1.5830370745833602,spring,15
2025-03-24 23:15:00+00:00,2025-03-24 23:30:00+00:00,596.2664366890159,1.5742353728501108,spring,15
2025-03-24 23:30:00+00:00,2025-03-24 23:45:00+00:00,596.4719237250063,1.5622773816213642,spring,15
2025-03-24 23:45:00+00:00,2025-03-25 00:00:00+00:00,593.8329872545132,1.5572562340321376,spring,15
2025-03-25 00:00:00+00:00,2025-03-25 00:15:00+00:00,593.03375623434,1.5567493681609432,spring,15
2025-03-25 00:15:00+00:00,2025-03-25 00:30:00+00:00,595.9553410436955,1.56806433418251,spring,15
2025-03-25 00:30:00+00:00,2025-03-25 00:45:00+00:00,592.9908430923787,1.5629190258938574,spring,15
2025-03-25 00:45:00+00:00,2025-03-25 01:00:00+00:00,591.4703574045529,1.560016258777179,spring,15
2025-03-25 01:00:00+00:00,2025-03-25 01:15:00+00:00,588.5014085522791,1.5579842215725288,spring,15
2025-03-25 01:15:00+00:00,2025-03-25 01:30:00+00:00,587.8698596377428,1.5596260958468242,spring,15
2025-03-25 01:30:00+00:00,2025-03-25 01:45:00+00:00,586.9247664546856,1.5513933778467996,spring,15
2025-03-25 01:45:00+00:00,2025-03-25 02:00:00+00:00,584.0081483957484,1.5441131616864314,spring,15
2025-03-25 02:00:00+00:00,2025-03-25 02:15:00+00:00,578.525685491139,1.5303551688948163,spring,15
2025-03-25 02:15:00+00:00,2025-03-25 02:30:00+00:00,575.2890329005752,1.5204400886690517,spring,15
2025-03-25 02:30:00+00:00,2025-03-25 02:45:00+00:00,572.9000869769549,1.516136552830583,spring,15
2025-03-25 02:45:00+00:00,2025-03-25 03:00:00+00:00,570.6275661272698,1.511968991457691,spring,15
2025-03-25 03:00:00+00:00,2025-03-25 03:15:00+00:00,566.9788067469127,1.505205933684163,spring,15
2025-03-25 03:15:00+00:00,2025-03-25 03:30:00+00:00,566.1345727870856,1.502471804993741,spring,15
2025-03-25 03:30:00+00:00,2025-03-25 03:45:00+00:00,562.9299848880596,1.4952077055615551,spring,15
2025-03-25 03:45:00+00:00,2025-03-25 04:00:00+00:00,560.5520000609419,1.4851378653153948,spring,15
2025-03-25 04:00:00+00:00,2025-03-25 04:15:00+00:00,556.2538781296412,1.468182509857774,spring,15
2025-03-25 04:15:00+00:00,2025-03-25 04:30:00+00:00,559.5399190156562,1.4700595973060662,spring,15
2025-03-25 04:30:00+00:00,2025-03-25 04:45:00+00:00,557.7674388312425,1.4669040331167338,spring,15
2025-03-25 04:45:00+00:00,2025-03-25 05:00:00+00:00,546.7504149068778,1.4552157046848442,spring,15
2025-03-25 05:00:00+00:00,2025-03-25 05:15:00+00:00,539.2901056778419,1.45748924132426,spring,15
2025-03-25 05:15:00+00:00,2025-03-25 05:30:00+00:00,525.9644808958832,1.5008299170143682,spring,15
2025-03-25 05:30:00+00:00,2025-03-25 05:45:00+00:00,513.6899238320391,1.4101242890593666,spring,15
2025-03-25 05:45:00+00:00,2025-03-25 06:00:00+00:00,500.2067443545279,1.3543663353968838,spring,15
2025-03-25 06:00:00+00:00,2025-03-25 06:15:00+00:00,485.8955272576774,1.3200162764906207,spring,15
2025-03-25 06:15:00+00:00,2025-03-25 06:30:00+00:00,477.69169226214024,1.2938697030329154,spring,15
2025-03-25 06:30:00+00:00,2025-03-25 06:45:00+00:00,475.003076901955,1.2642061195454564,spring,15
2025-03-25 06:45:00+00:00,2025-03-25 07:00:00+00:00,467.57172642772906,1.2408934331568184,spring,15
2025-03-25 07:00:00+00:00,2025-03-25 07:15:00+00:00,458.3323023424974,1.2615337941066638,spring,15
2025-03-25 07:15:00+00:00,2025-03-25 07:30:00+00:00,456.3431216929719,1.2233288951298724,spring,15
2025-03-25 07:30:00+00:00,2025-03-25 07:45:00+00:00,448.40515524951854,1.1904624036123002,spring,15
2025-03-25 07:45:00+00:00,2025-03-25 08:00:00+00:00,435.6017434478146,1.1549012731051564,spring,15
2025-03-25 08:00:00+00:00,2025-03-25 08:15:00+00:00,419.14718883328703,1.1605059731692626,spring,15
2025-03-25 08:15:00+00:00,2025-03-25 08:30:00+00:00,409.8302964013261,1.103121240539303,spring,15
2025-03-25 08:30:00+00:00,2025-03-25 08:45:00+00:00,398.2320148586229,1.0714267799934254,spring,15
2025-03-25 08:45:00+00:00,2025-03-25 09:00:00+00:00,380.58639295934375,1.0436212955640738,spring,15
2025-03-25 09:00:00+00:00,2025-03-25 09:15:00+00:00,367.0824249235973,1.0399839954940122,spring,15
2025-03-25 09:15:00+00:00,2025-03-25 09:30:00+00:00,354.39058923036106,0.9817651187005165,spring,15
2025-03-25 09:30:00+00:00,2025-03-25 09:45:00+00:00,339.22507381047103,0.9501856607081038,spring,15
2025-03-25 09:45:00+00:00,2025-03-25 10:00:00+00:00,317.1086059319479,0.9132300948981606,spring,15
2025-03-25 10:00:00+00:00,2025-03-25 10:15:00+00:00,299.64183025133013,0.8919689076184536,spring,15
2025-03-25 10:15:00+00:00,2025-03-25 10:30:00+00:00,289.4771865832879,0.878605718242018,spring,15
2025-03-25 10:30:00+00:00,2025-03-25 10:45:00+00:00,274.1191426451555,0.8392568650317327,spring,15
2025-03-25 10:45:00+00:00,2025-03-25 11:00:00+00:00,266.13415220422536,0.8182950555585519,spring,15
2025-03-25 11:00:00+00:00,2025-03-25 11:15:00+00:00,259.12200406092404,0.8162122616244624,spring,15
2025-03-25 11:15:00+00:00,2025-03-25 11:30:00+00:00,255.5431445995044,0.8063922087454662,spring,15
2025-03-25 11:30:00+00:00,2025-03-25 11:45:00+00:00,253.75398416004688,0.826333369626315,spring,15
2025-03-25 11:45:00+00:00,2025-03-25 12:00:00+00:00,251.65443871725796,0.8366905515681858,spring,15
2025-03-25 12:00:00+00:00,2025-03-25 12:15:00+00:00,253.88202737048172,0.8213611344506795,spring,15
2025-03-25 12:15:00+00:00,2025-03-25 12:30:00+00:00,252.5639993828319,0.8144358607842195,spring,15
2025-03-25 12:30:00+00:00,2025-03-25 12:45:00+00:00,251.967278586811,0.8203124588736105,spring,15
2025-03-25 12:45:00+00:00,2025-03-25 13:00:00+00:00,254.0348724938419,0.8126023176167466,spring,15
2025-03-25 13:00:00+00:00,2025-03-25 13:15:00+00:00,255.1946073822686,0.8112244566353712,spring,15
2025-03-25 13:15:00+00:00,2025-03-25 13:30:00+00:00,262.0692312355921,0.8254282577709098,spring,15
2025-03-25 13:30:00+00:00,2025-03-25 13:45:00+00:00,269.5667653524707,0.8363422549464404,spring,15
2025-03-25 13:45:00+00:00,2025-03-25 14:00:00+00:00,281.78362416757636,0.8622841522479894,spring,15
2025-03-25 14:00:00+00:00,2025-03-25 14:15:00+00:00,300.02854418964205,0.8991208532393195,spring,15
2025-03-25 14:15:00+00:00,2025-03-25 14:30:00+00:00,318.63221977617314,0.9389714639195034,spring,15
2025-03-25 14:30:00+00:00,2025-03-25 14:45:00+00:00,332.2683560072111,0.9629275818345825,spring,15
2025-03-25 14:45:00+00:00,2025-03-25 15:00:00+00:00,348.8890931713058,0.9893345327058672,spring,15
2025-03-25 15:00:00+00:00,2025-03-25 15:15:00+00:00,373.1681943793731,1.0210711774263994,spring,15
2025-03-25 15:15:00+00:00,2025-03-25 15:30:00+00:00,386.32542521434107,1.0810280391948508,spring,15
2025-03-25 15:30:00+00:00,2025-03-25 15:45:00+00:00,403.4815972755723,1.128727567332888,spring,15
2025-03-25 15:45:00+00:00,2025-03-25 16:00:00+00:00,421.11843738353474,1.2012878305866967,spring,15
2025-03-25 16:00:00+00:00,2025-03-25 16:15:00+00:00,451.68701071047036,1.1857869407279005,spring,15
2025-03-25 16:15:00+00:00,2025-03-25 16:30:00+00:00,460.4627845878801,1.2432789578471584,spring,15
2025-03-25 16:30:00+00:00,2025-03-25 16:45:00+00:00,453.2794063820146,1.2468524974688893,spring,15
2025-03-25 16:45:00+00:00,2025-03-25 17:00:00+00:00,454.189190133822,1.250794311515916,spring,15
2025-03-25 17:00:00+00:00,2025-03-25 17:15:00+00:00,463.8131904511998,1.2977573919855432,spring,15
2025-03-25 17:15:00+00:00,2025-03-25 17:30:00+00:00,462.71662468950154,1.3103960318276224,spring,15
2025-03-25 17:30:00+00:00,2025-03-25 17:45:00+00:00,458.2621059909078,1.318515750368691,spring,15
2025-03-25 17:45:00+00:00,2025-03-25 18:00:00+00:00,452.41453675482387,1.2804650935405737,spring,15
2025-03-25 18:00:00+00:00,2025-03-25 18:15:00+00:00,451.6658848625666,1.27825436703333,spring,15
2025-03-25 18:15:00+00:00,2025-03-25 18:30:00+00:00,455.5703029249778,1.2971649003062997,spring,15
2025-03-25 18:30:00+00:00,2025-03-25 18:45:00+00:00,458.8496307315813,1.2956303471976296,spring,15
2025-03-25 18:45:00+00:00,2025-03-25 19:00:00+00:00,463.2471269774707,1.309807871110226,spring,15
2025-03-25 19:00:00+00:00,2025-03-25 19:15:00+00:00,463.25412128224013,1.2869348782136862,spring,15
2025-03-25 19:15:00+00:00,2025-03-25 19:30:00+00:00,467.76126450575833,1.2844975907598801,spring,15
2025-03-25 19:30:00+00:00,2025-03-25 19:45:00+00:00,478.6384130291412,1.3129615637850196,spring,15
2025-03-25 19:45:00+00:00,2025-03-25 20:00:00+00:00,488.4606388212568,1.2721873470821947,spring,15
2025-03-25 20:00:00+00:00,2025-03-25 20:15:00+00:00,480.2840988023384,1.309980862111328,spring,15
2025-03-25 20:15:00+00:00,2025-03-25 20:30:00+00:00,483.88150682422315,1.3009031727728557,spring,15
2025-03-25 20:30:00+00:00,2025-03-25 20:45:00+00:00,488.8316230341403,1.3020473759671825,spring,15
2025-03-25 20:45:00+00:00,2025-03-25 21:00:00+00:00,495.9790611472629,1.3006811468382078,spring,15
2025-03-25 21:00:00+00:00,2025-03-25 21:15:00+00:00,496.74920041677774,1.3550110914786302,spring,15
2025-03-25 21:15:00+00:00,2025-03-25 21:30:00+00:00,495.35831791638816,1.3198700495796485,spring,15
2025-03-25 21:30:00+00:00,2025-03-25 21:45:00+00:00,493.62833993897436,1.2903380242986304,spring,15
2025-03-25 21:45:00+00:00,2025-03-25 22:00:00+00:00,490.00153960808376,1.3133783454052803,spring,15
2025-03-25 22:00:00+00:00,2025-03-25 22:15:00+00:00,487.5989703754585,1.3193411105560044,spring,15
2025-03-25 22:15:00+00:00,2025-03-25 22:30:00+00:00,489.20743042476676,1.2966443661298521,spring,15
2025-03-25 22:30:00+00:00,2025-03-25 22:45:00+00:00,486.90703995355716,1.3150707115681708,spring,15
2025-03-25 22:45:00+00:00,2025-03-25 23:00:00+00:00,487.27684245591763,1.2955816291821214,spring,15
2025-03-25 23:00:00+00:00,2025-03-25 23:15:00+00:00,486.9354301274051,1.2978629083930209,spring,15
2025-03-25 23:15:00+00:00,2025-03-25 23:30:00+00:00,486.8268259235027,1.298623975152099,spring,15
2025-03-25 23:30:00+00:00,2025-03-25 23:45:00+00:00,487.7562202011995,1.3083706942532414,spring,15
2025-03-25 23:45:00+00:00,2025-03-26 00:00:00+00:00,491.54660239797744,1.3108626378279067,spring,15
2025-03-26 00:00:00+00:00,2025-03-26 00:15:00+00:00,489.65003692827275,1.3264802329290313,spring,15
2025-03-26 00:15:00+00:00,2025-03-26 00:30:00+00:00,487.1591132823517,1.3101743658923566,spring,15
2025-03-26 00:30:00+00:00,2025-03-26 00:45:00+00:00,487.4337872848575,1.3051526324736873,spring,15
2025-03-26 00:45:00+00:00,2025-03-26 01:00:00+00:00,488.8900678409924,1.307143992777405,spring,15
2025-03-26 01:00:00+00:00,2025-03-26 01:15:00+00:00,488.1955664963789,1.3116586125539988,spring,15
2025-03-26 01:15:00+00:00,2025-03-26 01:30:00+00:00,491.5350242640194,1.314378235364297,spring,15
2025-03-26 01:30:00+00:00,2025-03-26 01:45:00+00:00,490.98774277886963,1.3119706044024668,spring,15
2025-03-26 01:45:00+00:00,2025-03-26 02:00:00+00:00,491.7757828574378,1.3158584134819737,spring,15
2025-03-26 02:00:00+00:00,2025-03-26 02:15:00+00:00,491.194274193332,1.3162375453721102,spring,15
2025-03-26 02:15:00+00:00,2025-03-26 02:30:00+00:00,489.35230791556734,1.312460986959827,spring,15
2025-03-26 02:30:00+00:00,2025-03-26 02:45:00+00:00,489.9842201226032,1.3132909585600483,spring,15
2025-03-26 02:45:00+00:00,2025-03-26 03:00:00+00:00,489.6693207830874,1.312862058258197,spring,15
2025-03-26 03:00:00+00:00,2025-03-26 03:15:00+00:00,486.26745326246083,1.3008406207589334,spring,15
2025-03-26 03:15:00+00:00,2025-03-26 03:30:00+00:00,483.66429129630706,1.2954471393118003,spring,15
2025-03-26 03:30:00+00:00,2025-03-26 03:45:00+00:00,483.60138912944853,1.2960273662190205,spring,15
2025-03-26 03:45:00+00:00,2025-03-26 04:00:00+00:00,485.25060352131777,1.300018774293099,spring,15
2025-03-26 04:00:00+00:00,2025-03-26 04:15:00+00:00,486.6764299801166,1.3005217249760999,spring,15
2025-03-26 04:15:00+00:00,2025-03-26 04:30:00+00:00,486.10330511368045,1.296456688267986,spring,15
2025-03-26 04:30:00+00:00,2025-03-26 04:45:00+00:00,487.67180350172714,1.296161040220775,spring,15
2025-03-26 04:45:00+00:00,2025-03-26 05:00:00+00:00,484.3980927389106,1.2828247689667223,spring,15
2025-03-26 05:00:00+00:00,2025-03-26 05:15:00+00:00,478.0721978726952,1.2666534290312648,spring,15
2025-03-26 05:15:00+00:00,2025-03-26 05:30:00+00:00,471.7223572631618,1.2477908691188802,spring,15
2025-03-26 05:30:00+00:00,2025-03-26 05:45:00+00:00,466.6946473958548,1.231268781923872,spring,15
2025-03-26 05:45:00+00:00,2025-03-26 06:00:00+00:00,462.3584376295861,1.2187804057453082,spring,15
2025-03-26 06:00:00+00:00,2025-03-26 06:15:00+00:00,450.82013440083557,1.182741310016619,spring,15
2025-03-26 06:15:00+00:00,2025-03-26 06:30:00+00:00,443.2581201767694,1.1617903909626692,spring,15
2025-03-26 06:30:00+00:00,2025-03-26 06:45:00+00:00,440.52806489222263,1.1527843481537934,spring,15
2025-03-26 06:45:00+00:00,2025-03-26 07:00:00+00:00,439.28313322015697,1.1524219064548322,spring,15
2025-03-26 07:00:00+00:00,2025-03-26 07:15:00+00:00,432.1762467933079,1.137008296597541,spring,15
2025-03-26 07:15:00+00:00,2025-03-26 07:30:00+00:00,426.3636737830159,1.1268046054446248,spring,15
2025-03-26 07:30:00+00:00,2025-03-26 07:45:00+00:00,426.6234739508872,1.1265271430113557,spring,15
2025-03-26 07:45:00+00:00,2025-03-26 08:00:00+00:00,422.4854174125654,1.1241806237575749,spring,15
2025-03-26 08:00:00+00:00,2025-03-26 08:15:00+00:00,411.58760787208996,1.1063910895275504,spring,15
2025-03-26 08:15:00+00:00,2025-03-26 08:30:00+00:00,414.31855563240555,1.1165214378906385,spring,15
2025-03-26 08:30:00+00:00,2025-03-26 08:45:00+00:00,412.7685686491402,1.118805206900829,spring,15
2025-03-26 08:45:00+00:00,2025-03-26 09:00:00+00:00,410.30873843980226,1.118133636884488,spring,15
2025-03-26 09:00:00+00:00,2025-03-26 09:15:00+00:00,408.7598158643502,1.1149898448979465,spring,15
2025-03-26 09:15:00+00:00,2025-03-26 09:30:00+00:00,408.77156251294326,1.1156507534399531,spring,15
2025-03-26 09:30:00+00:00,2025-03-26 09:45:00+00:00,406.6485085626905,1.112077715821391,spring,15
2025-03-26 09:45:00+00:00,2025-03-26 10:00:00+00:00,400.1915486363586,1.1002609783279056,spring,15
2025-03-26 10:00:00+00:00,2025-03-26 10:15:00+00:00,393.55377760430093,1.0925844323163139,spring,15
2025-03-26 10:15:00+00:00,2025-03-26 10:30:00+00:00,387.2372905763671,1.0834537613145028,spring,15
2025-03-26 10:30:00+00:00,2025-03-26 10:45:00+00:00,384.4109829151417,1.082608944381936,spring,15
2025-03-26 10:45:00+00:00,2025-03-26 11:00:00+00:00,380.0313264764523,1.0720642381803887,spring,15
2025-03-26 11:00:00+00:00,2025-03-26 11:15:00+00:00,382.46131077085363,1.0701313468355549,spring,15
2025-03-26 11:15:00+00:00,2025-03-26 11:30:00+00:00,380.4919738502225,1.0503289046510853,spring,15
2025-03-26 11:30:00+00:00,2025-03-26 11:45:00+00:00,382.55859112427083,1.0444841725283356,spring,15
2025-03-26 11:45:00+00:00,2025-03-26 12:00:00+00:00,383.15435410922174,1.049881407841789,spring,15
2025-03-26 12:00:00+00:00,2025-03-26 12:15:00+00:00,380.21879871439467,1.111934310303666,spring,15
2025-03-26 12:15:00+00:00,2025-03-26 12:30:00+00:00,376.0120683675966,1.1280104065327876,spring,15
2025-03-26 12:30:00+00:00,2025-03-26 12:45:00+00:00,378.3533351106014,1.1259286633307337,spring,15
2025-03-26 12:45:00+00:00,2025-03-26 13:00:00+00:00,383.00639078320114,1.1029112456447596,spring,15
2025-03-26 13:00:00+00:00,2025-03-26 13:15:00+00:00,391.1144048311482,1.1166365854858384,spring,15
2025-03-26 13:15:00+00:00,2025-03-26 13:30:00+00:00,395.0055686590482,1.1855737691073345,spring,15
2025-03-26 13:30:00+00:00,2025-03-26 13:45:00+00:00,401.96225158431776,1.2381100791585777,spring,15
2025-03-26 13:45:00+00:00,2025-03-26 14:00:00+00:00,411.92721034300143,1.215963204574385,spring,15
2025-03-26 14:00:00+00:00,2025-03-26 14:15:00+00:00,425.390323079109,1.1819562649178852,spring,15
2025-03-26 14:15:00+00:00,2025-03-26 14:30:00+00:00,432.0371477252508,1.1827081550188252,spring,15
2025-03-26 14:30:00+00:00,2025-03-26 14:45:00+00:00,439.5524944379317,1.2549772183114265,spring,15
2025-03-26 14:45:00+00:00,2025-03-26 15:00:00+00:00,442.40816425260726,1.2541646796991772,spring,15
2025-03-26 15:00:00+00:00,2025-03-26 15:15:00+00:00,457.2865419697796,1.2412762932838879,spring,15
2025-03-26 15:15:00+00:00,2025-03-26 15:30:00+00:00,463.61718459413737,1.2986630788578064,spring,15
2025-03-26 15:30:00+00:00,2025-03-26 15:45:00+00:00,465.20783161367666,1.3169404345071232,spring,15
2025-03-26 15:45:00+00:00,2025-03-26 16:00:00+00:00,466.6247988006227,1.2835753123510016,spring,15
2025-03-26 16:00:00+00:00,2025-03-26 16:15:00+00:00,500.0712823662892,1.3050165511494034,spring,15
2025-03-26 16:15:00+00:00,2025-03-26 16:30:00+00:00,505.9770448991718,1.345754161884064,spring,15
2025-03-26 16:30:00+00:00,2025-03-26 16:45:00+00:00,503.0805077048612,1.3754980385578517,spring,15
2025-03-26 16:45:00+00:00,2025-03-26 17:00:00+00:00,504.76286891583754,1.3902068020030198,spring,15
2025-03-26 17:00:00+00:00,2025-03-26 17:15:00+00:00,516.5646804409746,1.3776170110669943,spring,15
2025-03-26 17:15:00+00:00,2025-03-26 17:30:00+00:00,515.9778267232176,1.393553554647066,spring,15
2025-03-26 17:30:00+00:00,2025-03-26 17:45:00+00:00,511.5863319889744,1.3759335835950945,spring,15
2025-03-26 17:45:00+00:00,2025-03-26 18:00:00+00:00,507.8544125373611,1.4210764911009086,spring,15
2025-03-26 18:00:00+00:00,2025-03-26 18:15:00+00:00,499.76802765375635,1.4023993273431656,spring,15
2025-03-26 18:15:00+00:00,2025-03-26 18:30:00+00:00,502.11154158004194,1.3888454947531301,spring,15
2025-03-26 18:30:00+00:00,2025-03-26 18:45:00+00:00,502.08967471289304,1.3807628135989098,spring,15
2025-03-26 18:45:00+00:00,2025-03-26 19:00:00+00:00,504.69511831638016,1.3510834415243669,spring,15
2025-03-26 19:00:00+00:00,2025-03-26 19:15:00+00:00,510.9667573847837,1.324096364361188,spring,15
2025-03-26 19:15:00+00:00,2025-03-26 19:30:00+00:00,517.0298575437826,1.3354942035377464,spring,15
2025-03-26 19:30:00+00:00,2025-03-26 19:45:00+00:00,528.8415916793145,1.3544016757303872,spring,15
2025-03-26 19:45:00+00:00,2025-03-26 20:00:00+00:00,537.0535711479918,1.3731165487449954,spring,15
2025-03-26 20:00:00+00:00,2025-03-26 20:15:00+00:00,542.0908386630633,1.3831192404906305,spring,15
2025-03-26 20:15:00+00:00,2025-03-26 20:30:00+00:00,552.5147468135418,1.4108391880563047,spring,15
2025-03-26 20:30:00+00:00,2025-03-26 20:45:00+00:00,559.634523991566,1.4317916497645227,spring,15
2025-03-26 20:45:00+00:00,2025-03-26 21:00:00+00:00,568.7929748145109,1.454060862036989,spring,15
2025-03-26 21:00:00+00:00,2025-03-26 21:15:00+00:00,563.5701568253838,1.4381524114251214,spring,15
2025-03-26 21:15:00+00:00,2025-03-26 21:30:00+00:00,567.1278096010656,1.4460566895227016,spring,15
2025-03-26 21:30:00+00:00,2025-03-26 21:45:00+00:00,570.0023598872924,1.4576337418555103,spring,15
2025-03-26 21:45:00+00:00,2025-03-26 22:00:00+00:00,574.054777343791,1.4742947631649936,spring,15
2025-03-26 22:00:00+00:00,2025-03-26 22:15:00+00:00,574.0623233367039,1.4756986615603849,spring,15
2025-03-26 22:15:00+00:00,2025-03-26 22:30:00+00:00,576.4183691766244,1.4926897525221858,spring,15
2025-03-26 22:30:00+00:00,2025-03-26 22:45:00+00:00,578.3488829620354,1.4987525392504284,spring,15
2025-03-26 22:45:00+00:00,2025-03-26 23:00:00+00:00,578.7978057913259,1.499615429875348,spring,15
2025-03-26 23:00:00+00:00,2025-03-26 23:15:00+00:00,577.7773718645673,1.5009561649602783,spring,15
2025-03-26 23:15:00+00:00,2025-03-26 23:30:00+00:00,578.019687695232,1.5161148579618824,spring,15
2025-03-26 23:30:00+00:00,2025-03-26 23:45:00+00:00,574.4810515097132,1.5196058759543183,spring,15
2025-03-26 23:45:00+00:00,2025-03-27 00:00:00+00:00,571.0310430856074,1.5139644967977557,spring,15
2025-03-27 00:00:00+00:00,2025-03-27 00:15:00+00:00,570.0988990385223,1.5194286662591205,spring,15
2025-03-27 00:15:00+00:00,2025-03-27 00:30:00+00:00,571.258283167445,1.5280138925117626,spring,15
2025-03-27 00:30:00+00:00,2025-03-27 00:45:00+00:00,568.8073089078682,1.5243219698928305,spring,15
2025-03-27 00:45:00+00:00,2025-03-27 01:00:00+00:00,567.2338464240822,1.52428077324802,spring,15
2025-03-27 01:00:00+00:00,2025-03-27 01:15:00+00:00,561.9109239137546,1.5096077667198151,spring,15
2025-03-27 01:15:00+00:00,2025-03-27 01:30:00+00:00,562.5925570391834,1.5087138923405905,spring,15
2025-03-27 01:30:00+00:00,2025-03-27 01:45:00+00:00,559.9352156127286,1.504100167979051,spring,15
2025-03-27 01:45:00+00:00,2025-03-27 02:00:00+00:00,558.6237392904038,1.4985705081091163,spring,15
2025-03-27 02:00:00+00:00,2025-03-27 02:15:00+00:00,556.3718577732141,1.4879414476857438,spring,15
2025-03-27 02:15:00+00:00,2025-03-27 02:30:00+00:00,553.8380146284127,1.484081860371446,spring,15
2025-03-27 02:30:00+00:00,2025-03-27 02:45:00+00:00,551.5528808322046,1.4728835498812654,spring,15
2025-03-27 02:45:00+00:00,2025-03-27 03:00:00+00:00,547.8883569992602,1.4621421764479878,spring,15
2025-03-27 03:00:00+00:00,2025-03-27 03:15:00+00:00,545.0259559040773,1.4553022034709708,spring,15
2025-03-27 03:15:00+00:00,2025-03-27 03:30:00+00:00,543.3595750155357,1.4476716052052434,spring,15
2025-03-27 03:30:00+00:00,2025-03-27 03:45:00+00:00,542.103446398081,1.4452605884058813,spring,15
2025-03-27 03:45:00+00:00,2025-03-27 04:00:00+00:00,540.9965533594338,1.442359368386396,spring,15
2025-03-27 04:00:00+00:00,2025-03-27 04:15:00+00:00,535.6118143470447,1.4278507736796247,spring,15
2025-03-27 04:15:00+00:00,2025-03-27 04:30:00+00:00,536.7877417856586,1.422443498061159,spring,15
2025-03-27 04:30:00+00:00,2025-03-27 04:45:00+00:00,537.5092531432065,1.4194676012980671,spring,15
2025-03-27 04:45:00+00:00,2025-03-27 05:00:00+00:00,538.6182290547697,1.4229943878520348,spring,15
2025-03-27 05:00:00+00:00,2025-03-27 05:15:00+00:00,535.4203050375122,1.4121705632783523,spring,15
2025-03-27 05:15:00+00:00,2025-03-27 05:30:00+00:00,526.7135097185017,1.391410054343195,spring,15
2025-03-27 05:30:00+00:00,2025-03-27 05:45:00+00:00,505.3303727528716,1.333246876791164,spring,15
2025-03-27 05:45:00+00:00,2025-03-27 06:00:00+00:00,492.862996768801,1.3014485409422645,spring,15
2025-03-27 06:00:00+00:00,2025-03-27 06:15:00+00:00,478.0902188109894,1.2669690360318817,spring,15
2025-03-27 06:15:00+00:00,2025-03-27 06:30:00+00:00,470.32620586820974,1.2433598241403865,spring,15
2025-03-27 06:30:00+00:00,2025-03-27 06:45:00+00:00,462.1385298666416,1.2155732789811946,spring,15
2025-03-27 06:45:00+00:00,2025-03-27 07:00:00+00:00,458.7934792120799,1.204322322610947,spring,15
2025-03-27 07:00:00+00:00,2025-03-27 07:15:00+00:00,439.2166207901418,1.1532166686321363,spring,15
2025-03-27 07:15:00+00:00,2025-03-27 07:30:00+00:00,431.78960744572703,1.1266664423600854,spring,15
2025-03-27 07:30:00+00:00,2025-03-27 07:45:00+00:00,425.20421292713627,1.1112280387589464,spring,15
2025-03-27 07:45:00+00:00,2025-03-27 08:00:00+00:00,417.9284304631189,1.0952635199932221,spring,15
2025-03-27 08:00:00+00:00,2025-03-27 08:15:00+00:00,399.17907860197994,1.0529785090445691,spring,15
2025-03-27 08:15:00+00:00,2025-03-27 08:30:00+00:00,383.5803624670671,1.0177190394044469,spring,15
2025-03-27 08:30:00+00:00,2025-03-27 08:45:00+00:00,369.90984225953184,0.9967955406947143,spring,15
2025-03-27 08:45:00+00:00,2025-03-27 09:00:00+00:00,351.5647510857634,0.9623294029209744,spring,15
2025-03-27 09:00:00+00:00,2025-03-27 09:15:00+00:00,329.98493601595527,0.9198616486414791,spring,15
2025-03-27 09:15:00+00:00,2025-03-27 09:30:00+00:00,312.92639597776895,0.8884239372601977,spring,15
2025-03-27 09:30:00+00:00,2025-03-27 09:45:00+00:00,299.22313093676024,0.8620131380109889,spring,15
2025-03-27 09:45:00+00:00,2025-03-27 10:00:00+00:00,285.7343181841009,0.8388807134737258,spring,15
2025-03-27 10:00:00+00:00,2025-03-27 10:15:00+00:00,271.0782819076199,0.8112777613709076,spring,15
2025-03-27 10:15:00+00:00,2025-03-27 10:30:00+00:00,260.9428630327504,0.7942219576303006,spring,15
2025-03-27 10:30:00+00:00,2025-03-27 10:45:00+00:00,246.28000426929225,0.7682388170653446,spring,15
2025-03-27 10:45:00+00:00,2025-03-27 11:00:00+00:00,238.78856005065174,0.7580323948505088,spring,15
2025-03-27 11:00:00+00:00,2025-03-27 11:15:00+00:00,227.5181518977236,0.7355816260749611,spring,15
2025-03-27 11:15:00+00:00,2025-03-27 11:30:00+00:00,221.6213797511325,0.7196671318704901,spring,15
2025-03-27 11:30:00+00:00,2025-03-27 11:45:00+00:00,220.4777859168166,0.7099685470383394,spring,15
2025-03-27 11:45:00+00:00,2025-03-27 12:00:00+00:00,219.89959668465067,0.7057666588503132,spring,15
2025-03-27 12:00:00+00:00,2025-03-27 12:15:00+00:00,220.5078073411789,0.7025102328981604,spring,15
2025-03-27 12:15:00+00:00,2025-03-27 12:30:00+00:00,222.3614748980171,0.7028077151878976,spring,15
2025-03-27 12:30:00+00:00,2025-03-27 12:45:00+00:00,225.07343544389903,0.709127325530186,spring,15
2025-03-27 12:45:00+00:00,2025-03-27 13:00:00+00:00,227.2866717701405,0.7109781150103451,spring,15
2025-03-27 13:00:00+00:00,2025-03-27 13:15:00+00:00,227.8331145958201,0.7179478098186636,spring,15
2025-03-27 13:15:00+00:00,2025-03-27 13:30:00+00:00,231.34472127345555,0.7331578894876774,spring,15
2025-03-27 13:30:00+00:00,2025-03-27 13:45:00+00:00,237.1473685805288,0.7542941755218818,spring,15
2025-03-27 13:45:00+00:00,2025-03-27 14:00:00+00:00,251.98067964693638,0.7820465713621966,spring,15
2025-03-27 14:00:00+00:00,2025-03-27 14:15:00+00:00,274.45174125903,0.8228787697120038,spring,15
2025-03-27 14:15:00+00:00,2025-03-27 14:30:00+00:00,295.3879025336112,0.8634536907980783,spring,15
2025-03-27 14:30:00+00:00,2025-03-27 14:45:00+00:00,317.34999063964733,0.9089568207013488,spring,15
2025-03-27 14:45:00+00:00,2025-03-27 15:00:00+00:00,343.7572491530121,0.9618285699602828,spring,15
2025-03-27 15:00:00+00:00,2025-03-27 15:15:00+00:00,367.26964131044514,1.0159820805268625,spring,15
2025-03-27 15:15:00+00:00,2025-03-27 15:30:00+00:00,391.63916363469014,1.0694648625310816,spring,15
2025-03-27 15:30:00+00:00,2025-03-27 15:45:00+00:00,411.1173985180217,1.1185200296453999,spring,15
2025-03-27 15:45:00+00:00,2025-03-27 16:00:00+00:00,424.3382874510733,1.1507859119962023,spring,15
2025-03-27 16:00:00+00:00,2025-03-27 16:15:00+00:00,461.91617054590637,1.2411893118302644,spring,15
2025-03-27 16:15:00+00:00,2025-03-27 16:30:00+00:00,481.76376787233437,1.2852181597352892,spring,15
2025-03-27 16:30:00+00:00,2025-03-27 16:45:00+00:00,490.1772437669602,1.3081627269234288,spring,15
2025-03-27 16:45:00+00:00,2025-03-27 17:00:00+00:00,499.3769158335971,1.3358255790312084,spring,15
2025-03-27 17:00:00+00:00,2025-03-27 17:15:00+00:00,508.53413865684456,1.3621646082566379,spring,15
2025-03-27 17:15:00+00:00,2025-03-27 17:30:00+00:00,511.19967231834795,1.3785691364709765,spring,15
2025-03-27 17:30:00+00:00,2025-03-27 17:45:00+00:00,506.1105932297931,1.3961279883311248,spring,15
2025-03-27 17:45:00+00:00,2025-03-27 18:00:00+00:00,501.43612401547034,1.386373598056625,spring,15
2025-03-27 18:00:00+00:00,2025-03-27 18:15:00+00:00,496.54754411181005,1.4243380189024497,spring,15
2025-03-27 18:15:00+00:00,2025-03-27 18:30:00+00:00,494.77874343825016,1.4200112190746514,spring,15
2025-03-27 18:30:00+00:00,2025-03-27 18:45:00+00:00,494.1042619218052,1.405074764563648,spring,15
2025-03-27 18:45:00+00:00,2025-03-27 19:00:00+00:00,491.93114158191787,1.3538756998686692,spring,15
2025-03-27 19:00:00+00:00,2025-03-27 19:15:00+00:00,491.4883838959511,1.3280047931588796,spring,15
2025-03-27 19:15:00+00:00,2025-03-27 19:30:00+00:00,490.5350974441144,1.324593185759765,spring,15
2025-03-27 19:30:00+00:00,2025-03-27 19:45:00+00:00,489.5830057144113,1.297994719655498,spring,15
2025-03-27 19:45:00+00:00,2025-03-27 20:00:00+00:00,497.69482895408214,1.3148878723971462,spring,15
2025-03-27 20:00:00+00:00,2025-03-27 20:15:00+00:00,507.90885034838624,1.328568390985391,spring,15
2025-03-27 20:15:00+00:00,2025-03-27 20:30:00+00:00,514.2467170245734,1.3477751345355322,spring,15
2025-03-27 20:30:00+00:00,2025-03-27 20:45:00+00:00,525.0134275604856,1.387049759419973,spring,15
2025-03-27 20:45:00+00:00,2025-03-27 21:00:00+00:00,535.6927802236384,1.4105922998556846,spring,15
2025-03-27 21:00:00+00:00,2025-03-27 21:15:00+00:00,534.5731481381455,1.4143124315016677,spring,15
2025-03-27 21:15:00+00:00,2025-03-27 21:30:00+00:00,534.1987129051812,1.4365097545916568,spring,15
2025-03-27 21:30:00+00:00,2025-03-27 21:45:00+00:00,533.3147323089487,1.4211682099730774,spring,15
2025-03-27 21:45:00+00:00,2025-03-27 22:00:00+00:00,530.8787687386756,1.4215825794895978,spring,15
2025-03-27 22:00:00+00:00,2025-03-27 22:15:00+00:00,519.2966122140429,1.4559236070929436,spring,15
2025-03-27 22:15:00+00:00,2025-03-27 22:30:00+00:00,519.1366242824334,1.4497956282373168,spring,15
2025-03-27 22:30:00+00:00,2025-03-27 22:45:00+00:00,517.4948305759544,1.4154542697411403,spring,15
2025-03-27 22:45:00+00:00,2025-03-27 23:00:00+00:00,511.47024104737557,1.4120411559106687,spring,15
2025-03-27 23:00:00+00:00,2025-03-27 23:15:00+00:00,503.06792389888585,1.438267984834838,spring,15
2025-03-27 23:15:00+00:00,2025-03-27 23:30:00+00:00,499.09644905318606,1.436663532805439,spring,15
2025-03-27 23:30:00+00:00,2025-03-27 23:45:00+00:00,500.9088483108895,1.4220419382912937,spring,15
2025-03-27 23:45:00+00:00,2025-03-28 00:00:00+00:00,501.76020845518053,1.3946584854724957,spring,15
2025-03-28 00:00:00+00:00,2025-03-28 00:15:00+00:00,493.5341321323472,1.3906052698670053,spring,15
2025-03-28 00:15:00+00:00,2025-03-28 00:30:00+00:00,489.77166216316624,1.372451448513859,spring,15
2025-03-28 00:30:00+00:00,2025-03-28 00:45:00+00:00,482.2588252972071,1.3656886777206398,spring,15
2025-03-28 00:45:00+00:00,2025-03-28 01:00:00+00:00,480.7016799187007,1.3529885219994722,spring,15
2025-03-28 01:00:00+00:00,2025-03-28 01:15:00+00:00,477.9531069174716,1.3908465678923458,spring,15
2025-03-28 01:15:00+00:00,2025-03-28 01:30:00+00:00,478.8831745228296,1.3859400974648588,spring,15
2025-03-28 01:30:00+00:00,2025-03-28 01:45:00+00:00,477.55236384810684,1.3705993483658319,spring,15
2025-03-28 01:45:00+00:00,2025-03-28 02:00:00+00:00,475.969512448147,1.354935447817526,spring,15
2025-03-28 02:00:00+00:00,2025-03-28 02:15:00+00:00,472.0847851246978,1.3262485703516012,spring,15
2025-03-28 02:15:00+00:00,2025-03-28 02:30:00+00:00,469.4040501937259,1.3312531831391492,spring,15
2025-03-28 02:30:00+00:00,2025-03-28 02:45:00+00:00,468.22008340062865,1.3222326290615196,spring,15
2025-03-28 02:45:00+00:00,2025-03-28 03:00:00+00:00,467.62492084881393,1.3069838868173462,spring,15
2025-03-28 03:00:00+00:00,2025-03-28 03:15:00+00:00,470.6109710035983,1.3168637140477828,spring,15
2025-03-28 03:15:00+00:00,2025-03-28 03:30:00+00:00,468.4606505824347,1.3063105583223535,spring,15
2025-03-28 03:30:00+00:00,2025-03-28 03:45:00+00:00,467.2748755803565,1.2978500147278231,spring,15
2025-03-28 03:45:00+00:00,2025-03-28 04:00:00+00:00,465.80603772767665,1.286299009857498,spring,15
2025-03-28 04:00:00+00:00,2025-03-28 04:15:00+00:00,465.1181870009526,1.2796925183097,spring,15
2025-03-28 04:15:00+00:00,2025-03-28 04:30:00+00:00,463.80687996410194,1.2770881007309625,spring,15
2025-03-28 04:30:00+00:00,2025-03-28 04:45:00+00:00,460.63506154514624,1.2826431655750583,spring,15
2025-03-28 04:45:00+00:00,2025-03-28 05:00:00+00:00,453.77439444035195,1.2752498855806085,spring,15
2025-03-28 05:00:00+00:00,2025-03-28 05:15:00+00:00,444.137954579916,1.2538394269771107,spring,15
2025-03-28 05:15:00+00:00,2025-03-28 05:30:00+00:00,431.237900709931,1.1963648638731725,spring,15
2025-03-28 05:30:00+00:00,2025-03-28 05:45:00+00:00,415.1262802034579,1.1531240483935679,spring,15
2025-03-28 05:45:00+00:00,2025-03-28 06:00:00+00:00,399.175994169125,1.1107723037998949,spring,15
2025-03-28 06:00:00+00:00,2025-03-28 06:15:00+00:00,386.48124132085695,1.0818460154783514,spring,15
2025-03-28 06:15:00+00:00,2025-03-28 06:30:00+00:00,381.63927378416594,1.070541076934353,spring,15
2025-03-28 06:30:00+00:00,2025-03-28 06:45:00+00:00,373.7247700687683,1.043137207550933,spring,15
2025-03-28 06:45:00+00:00,2025-03-28 07:00:00+00:00,365.7325211465394,1.0206527337611142,spring,15
2025-03-28 07:00:00+00:00,2025-03-28 07:15:00+00:00,343.5813515585152,0.9913259561817288,spring,15
2025-03-28 07:15:00+00:00,2025-03-28 07:30:00+00:00,337.027789864371,0.9564631154219938,spring,15
2025-03-28 07:30:00+00:00,2025-03-28 07:45:00+00:00,325.73270734509174,0.9315440840465724,spring,15
2025-03-28 07:45:00+00:00,2025-03-28 08:00:00+00:00,310.3771480691137,0.9004130443344914,spring,15
2025-03-28 08:00:00+00:00,2025-03-28 08:15:00+00:00,292.57797691280865,0.8647859322148551,spring,15
2025-03-28 08:15:00+00:00,2025-03-28 08:30:00+00:00,270.6352135400388,0.8252018243467071,spring,15
2025-03-28 08:30:00+00:00,2025-03-28 08:45:00+00:00,250.27574096146864,0.7796515038525359,spring,15
2025-03-28 08:45:00+00:00,2025-03-28 09:00:00+00:00,228.94547289780232,0.7365596460954127,spring,15
2025-03-28 09:00:00+00:00,2025-03-28 09:15:00+00:00,216.86964143276097,0.7194145713963657,spring,15
2025-03-28 09:15:00+00:00,2025-03-28 09:30:00+00:00,204.24728543515104,0.6978404249547009,spring,15
2025-03-28 09:30:00+00:00,2025-03-28 09:45:00+00:00,200.19640468732305,0.6791490599776684,spring,15
2025-03-28 09:45:00+00:00,2025-03-28 10:00:00+00:00,193.5668314601956,0.667375010054087,spring,15
2025-03-28 10:00:00+00:00,2025-03-28 10:15:00+00:00,183.96373861434478,0.6369513926397108,spring,15
2025-03-28 10:15:00+00:00,2025-03-28 10:30:00+00:00,182.40348792707493,0.6284689026735135,spring,15
2025-03-28 10:30:00+00:00,2025-03-28 10:45:00+00:00,180.58347691122648,0.6280743239640091,spring,15
2025-03-28 10:45:00+00:00,2025-03-28 11:00:00+00:00,178.68117197154595,0.6295122673079145,spring,15
2025-03-28 11:00:00+00:00,2025-03-28 11:15:00+00:00,179.97290241457515,0.6297846386852662,spring,15
2025-03-28 11:15:00+00:00,2025-03-28 11:30:00+00:00,180.08966991080388,0.6334147384017501,spring,15
2025-03-28 11:30:00+00:00,2025-03-28 11:45:00+00:00,180.29907333423427,0.639552643826025,spring,15
2025-03-28 11:45:00+00:00,2025-03-28 12:00:00+00:00,183.98498799341482,0.6351354164930219,spring,15
2025-03-28 12:00:00+00:00,2025-03-28 12:15:00+00:00,186.800963803985,0.6484259252944014,spring,15
2025-03-28 12:15:00+00:00,2025-03-28 12:30:00+00:00,190.51687256370013,0.6522841664537189,spring,15
2025-03-28 12:30:00+00:00,2025-03-28 12:45:00+00:00,195.18313686511743,0.6704069339461776,spring,15
2025-03-28 12:45:00+00:00,2025-03-28 13:00:00+00:00,200.16400729801504,0.6966034943370513,spring,15
2025-03-28 13:00:00+00:00,2025-03-28 13:15:00+00:00,204.71534829802647,0.7209726210256885,spring,15
2025-03-28 13:15:00+00:00,2025-03-28 13:30:00+00:00,208.4332042373851,0.7541793665097708,spring,15
2025-03-28 13:30:00+00:00,2025-03-28 13:45:00+00:00,211.42202893702174,0.7647569062322553,spring,15
2025-03-28 13:45:00+00:00,2025-03-28 14:00:00+00:00,217.12540385582594,0.7793449356783703,spring,15
2025-03-28 14:00:00+00:00,2025-03-28 14:15:00+00:00,232.14893413392835,0.8084264794901794,spring,15
2025-03-28 14:15:00+00:00,2025-03-28 14:30:00+00:00,247.01621108187388,0.8229093742647839,spring,15
2025-03-28 14:30:00+00:00,2025-03-28 14:45:00+00:00,273.2281777247623,0.8680584104762245,spring,15
2025-03-28 14:45:00+00:00,2025-03-28 15:00:00+00:00,304.89115085532563,0.9220070588738117,spring,15
2025-03-28 15:00:00+00:00,2025-03-28 15:15:00+00:00,343.1815079784616,0.9994397650177581,spring,15
2025-03-28 15:15:00+00:00,2025-03-28 15:30:00+00:00,376.5433569704958,1.0471073648109976,spring,15
2025-03-28 15:30:00+00:00,2025-03-28 15:45:00+00:00,404.8760296325972,1.1137256062525336,spring,15
2025-03-28 15:45:00+00:00,2025-03-28 16:00:00+00:00,423.4830990269697,1.1607524472243933,spring,15
2025-03-28 16:00:00+00:00,2025-03-28 16:15:00+00:00,456.98440598611353,1.2306104887832832,spring,15
2025-03-28 16:15:00+00:00,2025-03-28 16:30:00+00:00,470.35458659215675,1.3020875091812336,spring,15
2025-03-28 16:30:00+00:00,2025-03-28 16:45:00+00:00,480.6223899956135,1.335015809717372,spring,15
2025-03-28 16:45:00+00:00,2025-03-28 17:00:00+00:00,490.1396360111161,1.3591942382612747,spring,15
2025-03-28 17:00:00+00:00,2025-03-28 17:15:00+00:00,498.72041682158743,1.3712014689524024,spring,15
2025-03-28 17:15:00+00:00,2025-03-28 17:30:00+00:00,498.50379241020084,1.3973785570529476,spring,15
2025-03-28 17:30:00+00:00,2025-03-28 17:45:00+00:00,496.349887535232,1.3949291063526137,spring,15
2025-03-28 17:45:00+00:00,2025-03-28 18:00:00+00:00,489.51833507326256,1.43853277105442,spring,15
2025-03-28 18:00:00+00:00,2025-03-28 18:15:00+00:00,482.7605239355589,1.3287153787889419,spring,15
2025-03-28 18:15:00+00:00,2025-03-28 18:30:00+00:00,485.8257470952248,1.3390881719644534,spring,15
2025-03-28 18:30:00+00:00,2025-03-28 18:45:00+00:00,485.01849489928196,1.334676321229805,spring,15
2025-03-28 18:45:00+00:00,2025-03-28 19:00:00+00:00,481.6983635791401,1.3154476063686587,spring,15
2025-03-28 19:00:00+00:00,2025-03-28 19:15:00+00:00,477.48029174167453,1.3856223121645697,spring,15
2025-03-28 19:15:00+00:00,2025-03-28 19:30:00+00:00,480.33508204721534,1.309965195888621,spring,15
2025-03-28 19:30:00+00:00,2025-03-28 19:45:00+00:00,485.43765385038665,1.3144933299887456,spring,15
2025-03-28 19:45:00+00:00,2025-03-28 20:00:00+00:00,495.6811782993693,1.3285008828319467,spring,15
2025-03-28 20:00:00+00:00,2025-03-28 20:15:00+00:00,494.6068891028728,1.333956632219963,spring,15
2025-03-28 20:15:00+00:00,2025-03-28 20:30:00+00:00,497.94596910650904,1.3216690091921073,spring,15
2025-03-28 20:30:00+00:00,2025-03-28 20:45:00+00:00,503.2737669665752,1.337921929371054,spring,15
2025-03-28 20:45:00+00:00,2025-03-28 21:00:00+00:00,511.52646678709027,1.3871312116910524,spring,15
2025-03-28 21:00:00+00:00,2025-03-28 21:15:00+00:00,514.2445675031606,1.3707765332418216,spring,15
2025-03-28 21:15:00+00:00,2025-03-28 21:30:00+00:00,512.153443386763,1.363560055524679,spring,15
2025-03-28 21:30:00+00:00,2025-03-28 21:45:00+00:00,508.515792164055,1.3656635240892647,spring,15
2025-03-28 21:45:00+00:00,2025-03-28 22:00:00+00:00,511.41804469822,1.3805199900119363,spring,15
2025-03-28 22:00:00+00:00,2025-03-28 22:15:00+00:00,530.0026592223707,1.4784883237360018,spring,15
2025-03-28 22:15:00+00:00,2025-03-28 22:30:00+00:00,537.2161268971277,1.455986435012018,spring,15
2025-03-28 22:30:00+00:00,2025-03-28 22:45:00+00:00,540.9585789220964,1.4681308612184079,spring,15
2025-03-28 22:45:00+00:00,2025-03-28 23:00:00+00:00,542.5564205223045,1.4786430484502575,spring,15
2025-03-28 23:00:00+00:00,2025-03-28 23:15:00+00:00,535.6573371067356,1.4813976026485889,spring,15
2025-03-28 23:15:00+00:00,2025-03-28 23:30:00+00:00,538.886303142937,1.4830324826509849,spring,15
2025-03-28 23:30:00+00:00,2025-03-28 23:45:00+00:00,543.1698465499526,1.4914908828843216,spring,15
2025-03-28 23:45:00+00:00,2025-03-29 00:00:00+00:00,543.7518156607489,1.5031302360317815,spring,15
2025-03-29 00:00:00+00:00,2025-03-29 00:15:00+00:00,538.4702934635316,1.489530813574431,spring,15
2025-03-29 00:15:00+00:00,2025-03-29 00:30:00+00:00,544.4862643040333,1.50754866329891,spring,15
2025-03-29 00:30:00+00:00,2025-03-29 00:45:00+00:00,542.8121011504352,1.5097782201888295,spring,15
2025-03-29 00:45:00+00:00,2025-03-29 01:00:00+00:00,538.213641615778,1.5023282669608242,spring,15
2025-03-29 01:00:00+00:00,2025-03-29 01:15:00+00:00,528.7548463074132,1.4879723325384622,spring,15
2025-03-29 01:15:00+00:00,2025-03-29 01:30:00+00:00,527.4494899555458,1.4876015163939915,spring,15
2025-03-29 01:30:00+00:00,2025-03-29 01:45:00+00:00,526.0748688018895,1.4839440799254142,spring,15
2025-03-29 01:45:00+00:00,2025-03-29 02:00:00+00:00,525.7349499462533,1.4846039323932043,spring,15
2025-03-29 02:00:00+00:00,2025-03-29 02:15:00+00:00,519.0963854776144,1.4759395737520915,spring,15
2025-03-29 02:15:00+00:00,2025-03-29 02:30:00+00:00,509.5551203261263,1.4896475668210178,spring,15
2025-03-29 02:30:00+00:00,2025-03-29 02:45:00+00:00,505.028445407219,1.451431287137315,spring,15
2025-03-29 02:45:00+00:00,2025-03-29 03:00:00+00:00,498.4411189569694,1.4439704494725392,spring,15
2025-03-29 03:00:00+00:00,2025-03-29 03:15:00+00:00,483.46350337833746,1.436276314495183,spring,15
2025-03-29 03:15:00+00:00,2025-03-29 03:30:00+00:00,472.98459830433256,1.4145811231137004,spring,15
2025-03-29 03:30:00+00:00,2025-03-29 03:45:00+00:00,465.307955730551,1.3922803513515167,spring,15
2025-03-29 03:45:00+00:00,2025-03-29 04:00:00+00:00,456.7725706403086,1.3916804788405406,spring,15
2025-03-29 04:00:00+00:00,2025-03-29 04:15:00+00:00,451.71916132970927,1.385105754071189,spring,15
2025-03-29 04:15:00+00:00,2025-03-29 04:30:00+00:00,452.00045424214983,1.3760805014788993,spring,15
2025-03-29 04:30:00+00:00,2025-03-29 04:45:00+00:00,447.3093288363884,1.3663379874212775,spring,15
2025-03-29 04:45:00+00:00,2025-03-29 05:00:00+00:00,444.76225262804377,1.36578801416078,spring,15
2025-03-29 05:00:00+00:00,2025-03-29 05:15:00+00:00,431.34038814946734,1.3454118915225166,spring,15
2025-03-29 05:15:00+00:00,2025-03-29 05:30:00+00:00,428.42731675811666,1.334719235496068,spring,15
2025-03-29 05:30:00+00:00,2025-03-29 05:45:00+00:00,425.9281164164411,1.323900822829013,spring,15
2025-03-29 05:45:00+00:00,2025-03-29 06:00:00+00:00,420.5197024732605,1.2983312833075975,spring,15
2025-03-29 06:00:00+00:00,2025-03-29 06:15:00+00:00,418.65323263071065,1.296708098393871,spring,15
2025-03-29 06:15:00+00:00,2025-03-29 06:30:00+00:00,405.46812453464014,1.245160716410279,spring,15
2025-03-29 06:30:00+00:00,2025-03-29 06:45:00+00:00,392.61706098126837,1.2215915908788104,spring,15
2025-03-29 06:45:00+00:00,2025-03-29 07:00:00+00:00,377.7603305686016,1.180591989788846,spring,15
2025-03-29 07:00:00+00:00,2025-03-29 07:15:00+00:00,361.2962029410008,1.144438610090216,spring,15
2025-03-29 07:15:00+00:00,2025-03-29 07:30:00+00:00,346.33415970109013,1.1003953082843525,spring,15
2025-03-29 07:30:00+00:00,2025-03-29 07:45:00+00:00,325.9724971244505,1.0486871976678938,spring,15
2025-03-29 07:45:00+00:00,2025-03-29 08:00:00+00:00,300.22279111820933,0.9991249372973932,spring,15
2025-03-29 08:00:00+00:00,2025-03-29 08:15:00+00:00,271.8822951634525,0.9391305476666724,spring,15
2025-03-29 08:15:00+00:00,2025-03-29 08:30:00+00:00,249.72503038538125,0.8909511663308227,spring,15
2025-03-29 08:30:00+00:00,2025-03-29 08:45:00+00:00,236.58641942536974,0.8684784115824336,spring,15
2025-03-29 08:45:00+00:00,2025-03-29 09:00:00+00:00,228.67298943109594,0.8413690648205688,spring,15
2025-03-29 09:00:00+00:00,2025-03-29 09:15:00+00:00,217.28976047630178,0.8052168636516536,spring,15
2025-03-29 09:15:00+00:00,2025-03-29 09:30:00+00:00,207.81029488838774,0.7869601166933756,spring,15
2025-03-29 09:30:00+00:00,2025-03-29 09:45:00+00:00,204.8690428595917,0.7744951735197445,spring,15
2025-03-29 09:45:00+00:00,2025-03-29 10:00:00+00:00,202.89575135847716,0.7743640118196498,spring,15
2025-03-29 10:00:00+00:00,2025-03-29 10:15:00+00:00,197.27291883764633,0.7430129516066201,spring,15
2025-03-29 10:15:00+00:00,2025-03-29 10:30:00+00:00,194.3864729099592,0.7306382749478805,spring,15
2025-03-29 10:30:00+00:00,2025-03-29 10:45:00+00:00,193.98022489916633,0.7353329604266189,spring,15
2025-03-29 10:45:00+00:00,2025-03-29 11:00:00+00:00,196.4315815788175,0.7528890325047234,spring,15
2025-03-29 11:00:00+00:00,2025-03-29 11:15:00+00:00,194.29104621114467,0.7485545040027332,spring,15
2025-03-29 11:15:00+00:00,2025-03-29 11:30:00+00:00,193.19275158189836,0.7389961364219788,spring,15
2025-03-29 11:30:00+00:00,2025-03-29 11:45:00+00:00,188.8485957421733,0.7185161219996853,spring,15
2025-03-29 11:45:00+00:00,2025-03-29 12:00:00+00:00,185.35813116228312,0.7070623254813615,spring,15
2025-03-29 12:00:00+00:00,2025-03-29 12:15:00+00:00,182.97959088418358,0.7124536610619482,spring,15
2025-03-29 12:15:00+00:00,2025-03-29 12:30:00+00:00,184.95684994489142,0.7201027032664833,spring,15
2025-03-29 12:30:00+00:00,2025-03-29 12:45:00+00:00,186.2397876596858,0.727910721810492,spring,15
2025-03-29 12:45:00+00:00,2025-03-29 13:00:00+00:00,189.1517435813731,0.7345617705869789,spring,15
2025-03-29 13:00:00+00:00,2025-03-29 13:15:00+00:00,189.00493428487334,0.7291273730381915,spring,15
2025-03-29 13:15:00+00:00,2025-03-29 13:30:00+00:00,190.8072197728698,0.7384866997010701,spring,15
2025-03-29 13:30:00+00:00,2025-03-29 13:45:00+00:00,193.89932567326426,0.756027906479822,spring,15
2025-03-29 13:45:00+00:00,2025-03-29 14:00:00+00:00,195.4590165464553,0.7589742445203131,spring,15
2025-03-29 14:00:00+00:00,2025-03-29 14:15:00+00:00,198.29937612199828,0.770416642317542,spring,15
2025-03-29 14:15:00+00:00,2025-03-29 14:30:00+00:00,199.70250910927345,0.7865581831691989,spring,15
2025-03-29 14:30:00+00:00,2025-03-29 14:45:00+00:00,203.9349978697693,0.8052681535038325,spring,15
2025-03-29 14:45:00+00:00,2025-03-29 15:00:00+00:00,209.71656816958514,0.8354352523389919,spring,15
2025-03-29 15:00:00+00:00,2025-03-29 15:15:00+00:00,223.42610806456142,0.8594449985286899,spring,15
2025-03-29 15:15:00+00:00,2025-03-29 15:30:00+00:00,228.6572271555718,0.8938138355336392,spring,15
2025-03-29 15:30:00+00:00,2025-03-29 15:45:00+00:00,242.3979254011696,0.9332555422541201,spring,15
2025-03-29 15:45:00+00:00,2025-03-29 16:00:00+00:00,267.6836744368199,1.014001937920642,spring,15
2025-03-29 16:00:00+00:00,2025-03-29 16:15:00+00:00,301.0731536733187,1.0781252533714183,spring,15
2025-03-29 16:15:00+00:00,2025-03-29 16:30:00+00:00,322.4129732712251,1.0946577701031892,spring,15
2025-03-29 16:30:00+00:00,2025-03-29 16:45:00+00:00,329.08064413111964,1.0947856195392829,spring,15
2025-03-29 16:45:00+00:00,2025-03-29 17:00:00+00:00,349.72963436194846,1.1512628427315883,spring,15
2025-03-29 17:00:00+00:00,2025-03-29 17:15:00+00:00,376.15785472795915,1.2371036892165663,spring,15
2025-03-29 17:15:00+00:00,2025-03-29 17:30:00+00:00,386.35906401454577,1.3441885919513832,spring,15
2025-03-29 17:30:00+00:00,2025-03-29 17:45:00+00:00,393.4519152804185,1.3880212851686173,spring,15
2025-03-29 17:45:00+00:00,2025-03-29 18:00:00+00:00,396.7516444738997,1.3988846578863243,spring,15
2025-03-29 18:00:00+00:00,2025-03-29 18:15:00+00:00,400.87065642242806,1.4059610004384935,spring,15
2025-03-29 18:15:00+00:00,2025-03-29 18:30:00+00:00,402.815291605616,1.3746712447827099,spring,15
2025-03-29 18:30:00+00:00,2025-03-29 18:45:00+00:00,404.9165787671136,1.3244896586681192,spring,15
2025-03-29 18:45:00+00:00,2025-03-29 19:00:00+00:00,404.7330509598944,1.2948487055228914,spring,15
2025-03-29 19:00:00+00:00,2025-03-29 19:15:00+00:00,401.4521007066871,1.2644392825748476,spring,15
2025-03-29 19:15:00+00:00,2025-03-29 19:30:00+00:00,399.3195257671473,1.262097232730498,spring,15
2025-03-29 19:30:00+00:00,2025-03-29 19:45:00+00:00,399.22474225732606,1.2644572308123425,spring,15
2025-03-29 19:45:00+00:00,2025-03-29 20:00:00+00:00,398.72727961273233,1.2901103251410528,spring,15
2025-03-29 20:00:00+00:00,2025-03-29 20:15:00+00:00,397.5079611684947,1.3176356011461234,spring,15
2025-03-29 20:15:00+00:00,2025-03-29 20:30:00+00:00,399.5828384368529,1.3086197922605152,spring,15
2025-03-29 20:30:00+00:00,2025-03-29 20:45:00+00:00,399.7729830987522,1.316277430172418,spring,15
2025-03-29 20:45:00+00:00,2025-03-29 21:00:00+00:00,395.57512326425217,1.3185190102090252,spring,15
2025-03-29 21:00:00+00:00,2025-03-29 21:15:00+00:00,385.19524749505786,1.309091830044308,spring,15
2025-03-29 21:15:00+00:00,2025-03-29 21:30:00+00:00,382.3208804162861,1.3011653581788647,spring,15
2025-03-29 21:30:00+00:00,2025-03-29 21:45:00+00:00,377.4359887953129,1.2886626186643937,spring,15
2025-03-29 21:45:00+00:00,2025-03-29 22:00:00+00:00,375.5338215535637,1.2937214446393621,spring,15
2025-03-29 22:00:00+00:00,2025-03-29 22:15:00+00:00,351.39190401306155,1.2447830086995384,spring,15
2025-03-29 22:15:00+00:00,2025-03-29 22:30:00+00:00,348.4066268287059,1.2686539145715872,spring,15
2025-03-29 22:30:00+00:00,2025-03-29 22:45:00+00:00,334.5190235977528,1.2632589727562196,spring,15
2025-03-29 22:45:00+00:00,2025-03-29 23:00:00+00:00,314.233850722376,1.2199719120063042,spring,15
2025-03-29 23:00:00+00:00,2025-03-29 23:15:00+00:00,280.2996273662705,1.173030282633597,spring,15
2025-03-29 23:15:00+00:00,2025-03-29 23:30:00+00:00,269.543986377152,1.1643352651403196,spring,15
2025-03-29 23:30:00+00:00,2025-03-29 23:45:00+00:00,272.57756297930194,1.1545206817288214,spring,15
2025-03-29 23:45:00+00:00,2025-03-30 00:00:00+00:00,253.49159579511087,1.1351154165082051,spring,15
2025-03-30 00:00:00+00:00,2025-03-30 00:15:00+00:00,246.91647394161453,1.124817216683682,spring,15
2025-03-30 00:15:00+00:00,2025-03-30 00:30:00+00:00,247.88192732902615,1.1051233119998436,spring,15
2025-03-30 00:30:00+00:00,2025-03-30 00:45:00+00:00,245.91574872546585,1.0904154176556795,spring,15
2025-03-30 00:45:00+00:00,2025-03-30 01:00:00+00:00,241.27627424223382,1.092133722833662,spring,15
2025-03-30 01:00:00+00:00,2025-03-30 01:15:00+00:00,239.1658796926649,1.058838623966791,spring,15
2025-03-30 01:15:00+00:00,2025-03-30 01:30:00+00:00,236.14849829261428,1.0326301656208012,spring,15
2025-03-30 01:30:00+00:00,2025-03-30 01:45:00+00:00,229.8259363881416,1.0051611034358807,spring,15
2025-03-30 01:45:00+00:00,2025-03-30 02:00:00+00:00,225.01976828812403,1.0002944596182983,spring,15
2025-03-30 02:00:00+00:00,2025-03-30 02:15:00+00:00,220.55989602254246,1.0034802679975174,spring,15
2025-03-30 02:15:00+00:00,2025-03-30 02:30:00+00:00,219.61571566234062,0.972742591057867,spring,15
2025-03-30 02:30:00+00:00,2025-03-30 02:45:00+00:00,213.5436911063686,0.957225043928357,spring,15
2025-03-30 02:45:00+00:00,2025-03-30 03:00:00+00:00,208.06517234910703,0.9447595493580875,spring,15
2025-03-30 03:00:00+00:00,2025-03-30 03:15:00+00:00,205.8635180957452,0.949822253503234,spring,15
2025-03-30 03:15:00+00:00,2025-03-30 03:30:00+00:00,203.91085976542647,0.9054697025496011,spring,15
2025-03-30 03:30:00+00:00,2025-03-30 03:45:00+00:00,201.74058348375308,0.9082401636590901,spring,15
2025-03-30 03:45:00+00:00,2025-03-30 04:00:00+00:00,196.64735123340148,0.895852389217845,spring,15
2025-03-30 04:00:00+00:00,2025-03-30 04:15:00+00:00,184.32207491178522,0.8294792233963059,spring,15
2025-03-30 04:15:00+00:00,2025-03-30 04:30:00+00:00,185.34560860688342,0.8231459154692939,spring,15
2025-03-30 04:30:00+00:00,2025-03-30 04:45:00+00:00,186.13610387499213,0.8225576525053127,spring,15
2025-03-30 04:45:00+00:00,2025-03-30 05:00:00+00:00,183.1360118946119,0.8136116897499424,spring,15
2025-03-30 05:00:00+00:00,2025-03-30 05:15:00+00:00,175.98626897057238,0.8056836142084782,spring,15
2025-03-30 05:15:00+00:00,2025-03-30 05:30:00+00:00,173.19172637103688,0.7890884963154755,spring,15
2025-03-30 05:30:00+00:00,2025-03-30 05:45:00+00:00,170.124566616946,0.7734742527468987,spring,15
2025-03-30 05:45:00+00:00,2025-03-30 06:00:00+00:00,166.25610102269667,0.7599725843316273,spring,15
2025-03-30 06:00:00+00:00,2025-03-30 06:15:00+00:00,168.6234070535404,0.780573127277305,spring,15
2025-03-30 06:15:00+00:00,2025-03-30 06:30:00+00:00,163.4046692624662,0.7528095763161283,spring,15
2025-03-30 06:30:00+00:00,2025-03-30 06:45:00+00:00,159.37357927944015,0.7400458560151446,spring,15
2025-03-30 06:45:00+00:00,2025-03-30 07:00:00+00:00,155.04519117666962,0.7139587641657089,spring,15
2025-03-30 07:00:00+00:00,2025-03-30 07:15:00+00:00,150.51653461722805,0.691655782760994,spring,15
2025-03-30 07:15:00+00:00,2025-03-30 07:30:00+00:00,147.99165747861895,0.6691711885418099,spring,15
2025-03-30 07:30:00+00:00,2025-03-30 07:45:00+00:00,145.60291435856425,0.6662424191124551,spring,15
2025-03-30 07:45:00+00:00,2025-03-30 08:00:00+00:00,145.37706997160728,0.6719121091622758,spring,15
2025-03-30 08:00:00+00:00,2025-03-30 08:15:00+00:00,144.12200101411077,0.6712134933571455,spring,15
2025-03-30 08:15:00+00:00,2025-03-30 08:30:00+00:00,143.29446629781788,0.6752605943402553,spring,15
2025-03-30 08:30:00+00:00,2025-03-30 08:45:00+00:00,141.9942266559412,0.6689432739397586,spring,15
2025-03-30 08:45:00+00:00,2025-03-30 09:00:00+00:00,140.77413800144404,0.6531237067337582,spring,15
2025-03-30 09:00:00+00:00,2025-03-30 09:15:00+00:00,140.32982452694083,0.6604557720768277,spring,15
2025-03-30 09:15:00+00:00,2025-03-30 09:30:00+00:00,139.56518465433751,0.6619300979111213,spring,15
2025-03-30 09:30:00+00:00,2025-03-30 09:45:00+00:00,139.08532277463158,0.6560148480457414,spring,15
2025-03-30 09:45:00+00:00,2025-03-30 10:00:00+00:00,139.23147870466684,0.6576042263976706,spring,15
2025-03-30 10:00:00+00:00,2025-03-30 10:15:00+00:00,139.74583131836874,0.6651597036600561,spring,15
2025-03-30 10:15:00+00:00,2025-03-30 10:30:00+00:00,137.0369710834722,0.6572718608614999,spring,15
2025-03-30 10:30:00+00:00,2025-03-30 10:45:00+00:00,134.69653604602215,0.6495880680692352,spring,15
2025-03-30 10:45:00+00:00,2025-03-30 11:00:00+00:00,134.42677986109567,0.6479686198717374,spring,15
2025-03-30 11:00:00+00:00,2025-03-30 11:15:00+00:00,141.99729956770898,0.7136181328258079,spring,15
2025-03-30 11:15:00+00:00,2025-03-30 11:30:00+00:00,145.75044459164212,0.7277629380700975,spring,15
2025-03-30 11:30:00+00:00,2025-03-30 11:45:00+00:00,146.87460977895773,0.7300428555598273,spring,15
2025-03-30 11:45:00+00:00,2025-03-30 12:00:00+00:00,146.54168454341882,0.7363362079477644,spring,15
2025-03-30 12:00:00+00:00,2025-03-30 12:15:00+00:00,147.22121126133675,0.737093992831208,spring,15
2025-03-30 12:15:00+00:00,2025-03-30 12:30:00+00:00,147.31921615009622,0.7270995406867583,spring,15
2025-03-30 12:30:00+00:00,2025-03-30 12:45:00+00:00,148.36799613013687,0.7301312606099545,spring,15
2025-03-30 12:45:00+00:00,2025-03-30 13:00:00+00:00,148.34472990922524,0.7230959526898092,spring,15
2025-03-30 13:00:00+00:00,2025-03-30 13:15:00+00:00,144.13248353652577,0.708407485885925,spring,15
2025-03-30 13:15:00+00:00,2025-03-30 13:30:00+00:00,137.4016588842741,0.7202748024772824,spring,15
2025-03-30 13:30:00+00:00,2025-03-30 13:45:00+00:00,138.01398755425663,0.7216899268354132,spring,15
2025-03-30 13:45:00+00:00,2025-03-30 14:00:00+00:00,140.04308834456702,0.7172175801392294,spring,15
2025-03-30 14:00:00+00:00,2025-03-30 14:15:00+00:00,136.17989925628135,0.6961841841754471,spring,15
2025-03-30 14:15:00+00:00,2025-03-30 14:30:00+00:00,133.61675690992348,0.6911567349116792,spring,15
2025-03-30 14:30:00+00:00,2025-03-30 14:45:00+00:00,134.97507241503908,0.6838723546401262,spring,15
2025-03-30 14:45:00+00:00,2025-03-30 15:00:00+00:00,135.05305898516903,0.6815318928425381,spring,15
2025-03-30 15:00:00+00:00,2025-03-30 15:15:00+00:00,136.66298396958175,0.679992891594351,spring,15
2025-03-30 15:15:00+00:00,2025-03-30 15:30:00+00:00,133.20424794653903,0.6541860262212594,spring,15
2025-03-30 15:30:00+00:00,2025-03-30 15:45:00+00:00,132.2236490641891,0.6640456470963881,spring,15
2025-03-30 15:45:00+00:00,2025-03-30 16:00:00+00:00,140.43395688026047,0.665873340390836,spring,15
2025-03-30 16:00:00+00:00,2025-03-30 16:15:00+00:00,147.23095056964064,0.6854330848780227,spring,15
2025-03-30 16:15:00+00:00,2025-03-30 16:30:00+00:00,152.8710769445828,0.6958320575878789,spring,15
2025-03-30 16:30:00+00:00,2025-03-30 16:45:00+00:00,157.95447525393374,0.707555966301237,spring,15
2025-03-30 16:45:00+00:00,2025-03-30 17:00:00+00:00,165.83598307377065,0.7332183137994226,spring,15
2025-03-30 17:00:00+00:00,2025-03-30 17:15:00+00:00,174.56334062308602,0.7432606970553596,spring,15
2025-03-30 17:15:00+00:00,2025-03-30 17:30:00+00:00,177.06873860619982,0.7727740266006894,spring,15
2025-03-30 17:30:00+00:00,2025-03-30 17:45:00+00:00,174.7807005166552,0.7703062028011822,spring,15
2025-03-30 17:45:00+00:00,2025-03-30 18:00:00+00:00,173.33709106842662,0.7768464312055451,spring,15
2025-03-30 18:00:00+00:00,2025-03-30 18:15:00+00:00,170.69223216945127,0.7475757683870464,spring,15
2025-03-30 18:15:00+00:00,2025-03-30 18:30:00+00:00,170.13247378242764,0.7496943075590576,spring,15
2025-03-30 18:30:00+00:00,2025-03-30 18:45:00+00:00,171.68670764034178,0.7611771576249038,spring,15
2025-03-30 18:45:00+00:00,2025-03-30 19:00:00+00:00,174.08328244319867,0.7718979224652339,spring,15
2025-03-30 19:00:00+00:00,2025-03-30 19:15:00+00:00,176.19361289912126,0.7731866365968019,spring,15
2025-03-30 19:15:00+00:00,2025-03-30 19:30:00+00:00,178.90587026999864,0.7815201946487591,spring,15
2025-03-30 19:30:00+00:00,2025-03-30 19:45:00+00:00,182.12090942333595,0.7908873099235595,spring,15
2025-03-30 19:45:00+00:00,2025-03-30 20:00:00+00:00,187.579364682192,0.804461619901754,spring,15
2025-03-30 20:00:00+00:00,2025-03-30 20:15:00+00:00,194.96633498976166,0.8310782371395754,spring,15
2025-03-30 20:15:00+00:00,2025-03-30 20:30:00+00:00,197.52436016016713,0.8269448548143841,spring,15
2025-03-30 20:30:00+00:00,2025-03-30 20:45:00+00:00,199.20030184398126,0.8421947263496307,spring,15
2025-03-30 20:45:00+00:00,2025-03-30 21:00:00+00:00,197.99346612813767,0.8436467943657812,spring,15
2025-03-30 21:00:00+00:00,2025-03-30 21:15:00+00:00,193.50216932154757,0.8324120940124953,spring,15
2025-03-30 21:15:00+00:00,2025-03-30 21:30:00+00:00,194.8172457318601,0.8405135493360665,spring,15
2025-03-30 21:30:00+00:00,2025-03-30 21:45:00+00:00,193.54604550678974,0.8430195972595189,spring,15
2025-03-30 21:45:00+00:00,2025-03-30 22:00:00+00:00,191.92564136189887,0.8450383516992441,spring,15
2025-03-30 22:00:00+00:00,2025-03-30 22:15:00+00:00,189.26330920335323,0.830251995584276,spring,15
2025-03-30 22:15:00+00:00,2025-03-30 22:30:00+00:00,188.44810982865144,0.8304549815081763,spring,15
2025-03-30 22:30:00+00:00,2025-03-30 22:45:00+00:00,184.41526380127306,0.8192974687927274,spring,15
2025-03-30 22:45:00+00:00,2025-03-30 23:00:00+00:00,184.4244046936426,0.8268551692707564,spring,15
2025-03-30 23:00:00+00:00,2025-03-30 23:15:00+00:00,193.97840970464387,0.840217110185145,spring,15
2025-03-30 23:15:00+00:00,2025-03-30 23:30:00+00:00,195.9803454281011,0.8440096313454343,spring,15
2025-03-30 23:30:00+00:00,2025-03-30 23:45:00+00:00,196.24916164148325,0.8482100171709502,spring,15
2025-03-30 23:45:00+00:00,2025-03-31 00:00:00+00:00,202.2486559092545,0.8639279383934921,spring,15
2025-03-31 00:00:00+00:00,2025-03-31 00:15:00+00:00,202.9959082060839,0.866995072614042,spring,15
2025-03-31 00:15:00+00:00,2025-03-31 00:30:00+00:00,205.03394723327966,0.8714292685968845,spring,15
2025-03-31 00:30:00+00:00,2025-03-31 00:45:00+00:00,210.5219174652051,0.8883842227956008,spring,15
2025-03-31 00:45:00+00:00,2025-03-31 01:00:00+00:00,214.82764936255194,0.8995262589225423,spring,15
2025-03-31 01:00:00+00:00,2025-03-31 01:15:00+00:00,221.17342578703003,0.9255126472384081,spring,15
2025-03-31 01:15:00+00:00,2025-03-31 01:30:00+00:00,221.9154453260964,0.9302280143301803,spring,15
2025-03-31 01:30:00+00:00,2025-03-31 01:45:00+00:00,228.76023741908767,0.9302036355180641,spring,15
2025-03-31 01:45:00+00:00,2025-03-31 02:00:00+00:00,240.6560868469377,0.9519977600307334,spring,15
2025-03-31 02:00:00+00:00,2025-03-31 02:15:00+00:00,255.4551000715163,0.9628194995577675,spring,15
2025-03-31 02:15:00+00:00,2025-03-31 02:30:00+00:00,264.9365276615135,0.9732840414991891,spring,15
2025-03-31 02:30:00+00:00,2025-03-31 02:45:00+00:00,274.30602650016056,0.9875919656768684,spring,15
2025-03-31 02:45:00+00:00,2025-03-31 03:00:00+00:00,282.9769027374478,0.9962299189497641,spring,15
2025-03-31 03:00:00+00:00,2025-03-31 03:15:00+00:00,292.3840418784536,1.0074240912700183,spring,15
2025-03-31 03:15:00+00:00,2025-03-31 03:30:00+00:00,305.2082621139492,1.0270451065396058,spring,15
2025-03-31 03:30:00+00:00,2025-03-31 03:45:00+00:00,323.96617288479587,1.047355733004034,spring,15
2025-03-31 03:45:00+00:00,2025-03-31 04:00:00+00:00,341.35167938189267,1.0776472726289812,spring,15
2025-03-31 04:00:00+00:00,2025-03-31 04:15:00+00:00,349.6077515384132,1.0844773602714262,spring,15
2025-03-31 04:15:00+00:00,2025-03-31 04:30:00+00:00,358.97439541640335,1.0789269898607905,spring,15
2025-03-31 04:30:00+00:00,2025-03-31 04:45:00+00:00,367.51829298156326,1.0938950141981068,spring,15
2025-03-31 04:45:00+00:00,2025-03-31 05:00:00+00:00,372.87506592502035,1.1071388975023786,spring,15
2025-03-31 05:00:00+00:00,2025-03-31 05:15:00+00:00,365.1577403396027,1.0771032222400772,spring,15
2025-03-31 05:15:00+00:00,2025-03-31 05:30:00+00:00,364.29874993503137,1.104277718796131,spring,15
2025-03-31 05:30:00+00:00,2025-03-31 05:45:00+00:00,365.4294695065568,1.140970262868357,spring,15
2025-03-31 05:45:00+00:00,2025-03-31 06:00:00+00:00,367.01718049907885,1.1574295033814337,spring,15
2025-03-31 06:00:00+00:00,2025-03-31 06:15:00+00:00,372.9080158372064,1.1813587730305712,spring,15
2025-03-31 06:15:00+00:00,2025-03-31 06:30:00+00:00,371.07282713566053,1.1549359791453622,spring,15
2025-03-31 06:30:00+00:00,2025-03-31 06:45:00+00:00,371.5795774438252,1.0944652568951236,spring,15
2025-03-31 06:45:00+00:00,2025-03-31 07:00:00+00:00,371.78127163159814,1.080013754623649,spring,15
2025-03-31 07:00:00+00:00,2025-03-31 07:15:00+00:00,364.3055944538551,1.0865459026451458,spring,15
2025-03-31 07:15:00+00:00,2025-03-31 07:30:00+00:00,359.77775231830566,1.0595637575299335,spring,15
2025-03-31 07:30:00+00:00,2025-03-31 07:45:00+00:00,355.333748619386,1.0269207391481223,spring,15
2025-03-31 07:45:00+00:00,2025-03-31 08:00:00+00:00,353.37172813680814,0.9989372104832237,spring,15
2025-03-31 08:00:00+00:00,2025-03-31 08:15:00+00:00,344.0401087225144,0.9888525678978791,spring,15
2025-03-31 08:15:00+00:00,2025-03-31 08:30:00+00:00,342.97771802733206,0.9784298785653399,spring,15
2025-03-31 08:30:00+00:00,2025-03-31 08:45:00+00:00,341.7795612086955,0.9781443961802093,spring,15
2025-03-31 08:45:00+00:00,2025-03-31 09:00:00+00:00,340.3341594035172,0.9814329578095476,spring,15
2025-03-31 09:00:00+00:00,2025-03-31 09:15:00+00:00,336.4726302585227,0.9768959687953479,spring,15
2025-03-31 09:15:00+00:00,2025-03-31 09:30:00+00:00,333.86441350371774,0.9715204342348776,spring,15
2025-03-31 09:30:00+00:00,2025-03-31 09:45:00+00:00,328.99097631624096,0.9643630559157897,spring,15
2025-03-31 09:45:00+00:00,2025-03-31 10:00:00+00:00,321.7206168855826,0.9542808420883665,spring,15
2025-03-31 10:00:00+00:00,2025-03-31 10:15:00+00:00,313.329986735024,0.943713604205191,spring,15
2025-03-31 10:15:00+00:00,2025-03-31 10:30:00+00:00,304.14630202538586,0.9324822603857862,spring,15
2025-03-31 10:30:00+00:00,2025-03-31 10:45:00+00:00,294.00756934286125,0.9434287518773917,spring,15
2025-03-31 10:45:00+00:00,2025-03-31 11:00:00+00:00,283.993467096377,0.9111569981265532,spring,15
2025-03-31 11:00:00+00:00,2025-03-31 11:15:00+00:00,272.96256288381323,0.898478688671426,spring,15
2025-03-31 11:15:00+00:00,2025-03-31 11:30:00+00:00,266.59067190704525,0.8797895979940727,spring,15
2025-03-31 11:30:00+00:00,2025-03-31 11:45:00+00:00,261.61545022761936,0.8679818574972336,spring,15
2025-03-31 11:45:00+00:00,2025-03-31 12:00:00+00:00,258.53770012003815,0.8663982210851251,spring,15
2025-03-31 12:00:00+00:00,2025-03-31 12:15:00+00:00,258.4591228488044,0.8623167399599223,spring,15
2025-03-31 12:15:00+00:00,2025-03-31 12:30:00+00:00,261.0286785794693,0.8617406604990289,spring,15
2025-03-31 12:30:00+00:00,2025-03-31 12:45:00+00:00,262.039534976358,0.8561294871830517,spring,15
2025-03-31 12:45:00+00:00,2025-03-31 13:00:00+00:00,263.5271705790276,0.8733527912118507,spring,15
2025-03-31 13:00:00+00:00,2025-03-31 13:15:00+00:00,267.1102407705146,0.8962638548000597,spring,15
2025-03-31 13:15:00+00:00,2025-03-31 13:30:00+00:00,273.130795053231,0.9058039753291395,spring,15
2025-03-31 13:30:00+00:00,2025-03-31 13:45:00+00:00,282.00456971649885,0.9134322188240739,spring,15
2025-03-31 13:45:00+00:00,2025-03-31 14:00:00+00:00,295.0587938752067,0.9357421254440615,spring,15
2025-03-31 14:00:00+00:00,2025-03-31 14:15:00+00:00,307.87225933762386,0.9563719700693424,spring,15
2025-03-31 14:15:00+00:00,2025-03-31 14:30:00+00:00,327.2480275486211,0.9896462298915123,spring,15
2025-03-31 14:30:00+00:00,2025-03-31 14:45:00+00:00,341.88576647961526,1.0170923260475375,spring,15
2025-03-31 14:45:00+00:00,2025-03-31 15:00:00+00:00,358.99140516850485,1.0566270954234078,spring,15
2025-03-31 15:00:00+00:00,2025-03-31 15:15:00+00:00,372.59436579715026,1.0834954703334159,spring,15
2025-03-31 15:15:00+00:00,2025-03-31 15:30:00+00:00,387.15968383963525,1.1176629231311859,spring,15
2025-03-31 15:30:00+00:00,2025-03-31 15:45:00+00:00,401.30883394884194,1.1707860080435755,spring,15
2025-03-31 15:45:00+00:00,2025-03-31 16:00:00+00:00,411.33758580615006,1.2377132958824346,spring,15
2025-03-31 16:00:00+00:00,2025-03-31 16:15:00+00:00,431.007884953493,1.263317954688148,spring,15
2025-03-31 16:15:00+00:00,2025-03-31 16:30:00+00:00,444.11135421649965,1.3167060319904969,spring,15
2025-03-31 16:30:00+00:00,2025-03-31 16:45:00+00:00,442.0978938368578,1.3404899853580696,spring,15
2025-03-31 16:45:00+00:00,2025-03-31 17:00:00+00:00,449.0304794539774,1.406530038177049,spring,15
2025-03-31 17:00:00+00:00,2025-03-31 17:15:00+00:00,474.9781917791343,1.43447510185615,spring,15
2025-03-31 17:15:00+00:00,2025-03-31 17:30:00+00:00,474.55352581310615,1.418494935301321,spring,15
2025-03-31 17:30:00+00:00,2025-03-31 17:45:00+00:00,473.92050795734826,1.4017161530268443,spring,15
2025-03-31 17:45:00+00:00,2025-03-31 18:00:00+00:00,473.3855400753248,1.3846032431846358,spring,15
2025-03-31 18:00:00+00:00,2025-03-31 18:15:00+00:00,475.5856337518248,1.381634800436892,spring,15
2025-03-31 18:15:00+00:00,2025-03-31 18:30:00+00:00,473.4833808578776,1.3929025660753944,spring,15
2025-03-31 18:30:00+00:00,2025-03-31 18:45:00+00:00,474.6807347124302,1.389129177621736,spring,15
2025-03-31 18:45:00+00:00,2025-03-31 19:00:00+00:00,483.64493744040607,1.35871161205248,spring,15
2025-03-31 19:00:00+00:00,2025-03-31 19:15:00+00:00,479.11140387585954,1.3567546078687447,spring,15
2025-03-31 19:15:00+00:00,2025-03-31 19:30:00+00:00,482.8050097645833,1.3671161877106257,spring,15
2025-03-31 19:30:00+00:00,2025-03-31 19:45:00+00:00,494.81604742576235,1.3765419620363848,spring,15
2025-03-31 19:45:00+00:00,2025-03-31 20:00:00+00:00,503.8206764068091,1.4059798651095654,spring,15
2025-03-31 20:00:00+00:00,2025-03-31 20:15:00+00:00,509.9866347033655,1.442875436070457,spring,15
2025-03-31 20:15:00+00:00,2025-03-31 20:30:00+00:00,516.249722003559,1.435083582107771,spring,15
2025-03-31 20:30:00+00:00,2025-03-31 20:45:00+00:00,525.9757442832487,1.4736776076232894,spring,15
2025-03-31 20:45:00+00:00,2025-03-31 21:00:00+00:00,533.6221232954434,1.500560737646083,spring,15
2025-03-31 21:00:00+00:00,2025-03-31 21:15:00+00:00,537.0649704160597,1.527737738695884,spring,15
2025-03-31 21:15:00+00:00,2025-03-31 21:30:00+00:00,544.5728195519373,1.5323825940033289,spring,15
2025-03-31 21:30:00+00:00,2025-03-31 21:45:00+00:00,548.8780913822969,1.5399791501834887,spring,15
2025-03-31 21:45:00+00:00,2025-03-31 22:00:00+00:00,549.8823758663117,1.539803916090386,spring,15
2025-03-31 22:00:00+00:00,2025-03-31 22:15:00+00:00,550.6919814950887,1.5324446365588764,spring,15
2025-03-31 22:15:00+00:00,2025-03-31 22:30:00+00:00,553.3229207908117,1.543059854731488,spring,15
2025-03-31 22:30:00+00:00,2025-03-31 22:45:00+00:00,555.1944009127865,1.547655581721949,spring,15
2025-03-31 22:45:00+00:00,2025-03-31 23:00:00+00:00,557.421838405853,1.5592708586508943,spring,15
2025-03-31 23:00:00+00:00,2025-03-31 23:15:00+00:00,557.4924503225885,1.5598401541486777,spring,15
2025-03-31 23:15:00+00:00,2025-03-31 23:30:00+00:00,558.0140626555959,1.5690358969919433,spring,15
2025-03-31 23:30:00+00:00,2025-03-31 23:45:00+00:00,558.8221790329685,1.574261004052318,spring,15
2025-03-31 23:45:00+00:00,2025-04-01 00:00:00+00:00,560.961808317935,1.5839863058836956,spring,15
2025-04-01 00:00:00+00:00,2025-04-01 00:15:00+00:00,561.3158724448499,1.581905505161889,spring,15
2025-04-01 00:15:00+00:00,2025-04-01 00:30:00+00:00,562.980705065067,1.586964980304813,spring,15
2025-04-01 00:30:00+00:00,2025-04-01 00:45:00+00:00,563.7514030409633,1.5889013733750827,spring,15
2025-04-01 00:45:00+00:00,2025-04-01 01:00:00+00:00,563.7525483225461,1.589638173826304,spring,15
2025-04-01 01:00:00+00:00,2025-04-01 01:15:00+00:00,563.1009629880633,1.5831085238254163,spring,15
2025-04-01 01:15:00+00:00,2025-04-01 01:30:00+00:00,563.4210752117461,1.5883063357510994,spring,15
2025-04-01 01:30:00+00:00,2025-04-01 01:45:00+00:00,562.7209364028723,1.588875476129896,spring,15
2025-04-01 01:45:00+00:00,2025-04-01 02:00:00+00:00,558.3845171027708,1.5795908177729376,spring,15
2025-04-01 02:00:00+00:00,2025-04-01 02:15:00+00:00,554.4581937754854,1.564568199668115,spring,15
2025-04-01 02:15:00+00:00,2025-04-01 02:30:00+00:00,552.1596904087311,1.5613108797170576,spring,15
2025-04-01 02:30:00+00:00,2025-04-01 02:45:00+00:00,550.6322955959467,1.5531052675146335,spring,15
2025-04-01 02:45:00+00:00,2025-04-01 03:00:00+00:00,549.1901516427355,1.5410165688429334,spring,15
2025-04-01 03:00:00+00:00,2025-04-01 03:15:00+00:00,547.4431868812324,1.5321819041593343,spring,15
2025-04-01 03:15:00+00:00,2025-04-01 03:30:00+00:00,544.6356295703039,1.512297118778741,spring,15
2025-04-01 03:30:00+00:00,2025-04-01 03:45:00+00:00,540.7797590225549,1.4942337666712195,spring,15
2025-04-01 03:45:00+00:00,2025-04-01 04:00:00+00:00,531.0275155059367,1.4689038585444516,spring,15
2025-04-01 04:00:00+00:00,2025-04-01 04:15:00+00:00,520.1868562262583,1.4473121298019458,spring,15
2025-04-01 04:15:00+00:00,2025-04-01 04:30:00+00:00,501.80549339102606,1.3969979968156643,spring,15
2025-04-01 04:30:00+00:00,2025-04-01 04:45:00+00:00,488.7102290106233,1.3732434311100994,spring,15
2025-04-01 04:45:00+00:00,2025-04-01 05:00:00+00:00,479.430007408479,1.356683161755232,spring,15
2025-04-01 05:00:00+00:00,2025-04-01 05:15:00+00:00,472.5317478716633,1.3211431203248187,spring,15
2025-04-01 05:15:00+00:00,2025-04-01 05:30:00+00:00,464.4942853890933,1.2991932250808327,spring,15
2025-04-01 05:30:00+00:00,2025-04-01 05:45:00+00:00,457.4108032776053,1.27571447483725,spring,15
2025-04-01 05:45:00+00:00,2025-04-01 06:00:00+00:00,448.2267311162785,1.2481594649324799,spring,15
2025-04-01 06:00:00+00:00,2025-04-01 06:15:00+00:00,438.00444976520834,1.2375445689668891,spring,15
2025-04-01 06:15:00+00:00,2025-04-01 06:30:00+00:00,432.11442156692533,1.222956912322658,spring,15
2025-04-01 06:30:00+00:00,2025-04-01 06:45:00+00:00,425.0759688795698,1.192852529654283,spring,15
2025-04-01 06:45:00+00:00,2025-04-01 07:00:00+00:00,418.61615237570754,1.1627284379884435,spring,15
2025-04-01 07:00:00+00:00,2025-04-01 07:15:00+00:00,403.37755926702425,1.1500772913520996,spring,15
2025-04-01 07:15:00+00:00,2025-04-01 07:30:00+00:00,395.0415553536749,1.111319148432161,spring,15
2025-04-01 07:30:00+00:00,2025-04-01 07:45:00+00:00,383.3371115545692,1.0804817015496744,spring,15
2025-04-01 07:45:00+00:00,2025-04-01 08:00:00+00:00,365.8998402502445,1.0481099260423117,spring,15
2025-04-01 08:00:00+00:00,2025-04-01 08:15:00+00:00,339.7872505986785,0.9948858911086457,spring,15
2025-04-01 08:15:00+00:00,2025-04-01 08:30:00+00:00,319.68475087765836,0.9446320575708644,spring,15
2025-04-01 08:30:00+00:00,2025-04-01 08:45:00+00:00,293.19582789827075,0.9132845524535165,spring,15
2025-04-01 08:45:00+00:00,2025-04-01 09:00:00+00:00,262.3819794276804,0.8592105203558372,spring,15
2025-04-01 09:00:00+00:00,2025-04-01 09:15:00+00:00,229.69061096191726,0.8436342277148261,spring,15
2025-04-01 09:15:00+00:00,2025-04-01 09:30:00+00:00,215.30646169645735,0.8040945453785106,spring,15
2025-04-01 09:30:00+00:00,2025-04-01 09:45:00+00:00,204.92866466432417,0.7524393038571984,spring,15
2025-04-01 09:45:00+00:00,2025-04-01 10:00:00+00:00,199.68742941836769,0.7371167827816052,spring,15
2025-04-01 10:00:00+00:00,2025-04-01 10:15:00+00:00,193.37868861859195,0.7375166880567745,spring,15
2025-04-01 10:15:00+00:00,2025-04-01 10:30:00+00:00,188.05268894366898,0.723277516505002,spring,15
2025-04-01 10:30:00+00:00,2025-04-01 10:45:00+00:00,187.4564049969762,0.7181980152802525,spring,15
2025-04-01 10:45:00+00:00,2025-04-01 11:00:00+00:00,187.14485891861824,0.7236829110162021,spring,15
2025-04-01 11:00:00+00:00,2025-04-01 11:15:00+00:00,184.57548657954987,0.7177251117751945,spring,15
2025-04-01 11:15:00+00:00,2025-04-01 11:30:00+00:00,182.36126056790806,0.7051368374718839,spring,15
2025-04-01 11:30:00+00:00,2025-04-01 11:45:00+00:00,182.6913432496531,0.6887453833883836,spring,15
2025-04-01 11:45:00+00:00,2025-04-01 12:00:00+00:00,182.2374324037817,0.6871694507588493,spring,15
2025-04-01 12:00:00+00:00,2025-04-01 12:15:00+00:00,181.65148207094427,0.6873271994014248,spring,15
2025-04-01 12:15:00+00:00,2025-04-01 12:30:00+00:00,181.65277559933014,0.6980695063396953,spring,15
2025-04-01 12:30:00+00:00,2025-04-01 12:45:00+00:00,182.30253923926364,0.7087701564675963,spring,15
2025-04-01 12:45:00+00:00,2025-04-01 13:00:00+00:00,182.73892523275907,0.701093264620886,spring,15
2025-04-01 13:00:00+00:00,2025-04-01 13:15:00+00:00,184.6627399526753,0.7147768521674264,spring,15
2025-04-01 13:15:00+00:00,2025-04-01 13:30:00+00:00,185.90409473161526,0.7186076438037032,spring,15
2025-04-01 13:30:00+00:00,2025-04-01 13:45:00+00:00,187.0566515806916,0.7301887045513425,spring,15
2025-04-01 13:45:00+00:00,2025-04-01 14:00:00+00:00,189.26225238370233,0.733350994160346,spring,15
2025-04-01 14:00:00+00:00,2025-04-01 14:15:00+00:00,194.7863756408655,0.7462326850476606,spring,15
2025-04-01 14:15:00+00:00,2025-04-01 14:30:00+00:00,198.07645576261785,0.7726620829516679,spring,15
2025-04-01 14:30:00+00:00,2025-04-01 14:45:00+00:00,203.04516722227595,0.773660664255846,spring,15
2025-04-01 14:45:00+00:00,2025-04-01 15:00:00+00:00,213.3043729119464,0.8110419063577157,spring,15
2025-04-01 15:00:00+00:00,2025-04-01 15:15:00+00:00,229.19037513094517,0.8517916023030314,spring,15
2025-04-01 15:15:00+00:00,2025-04-01 15:30:00+00:00,247.76209985027208,0.8740857726948078,spring,15
2025-04-01 15:30:00+00:00,2025-04-01 15:45:00+00:00,270.72351797326877,0.9269420703434945,spring,15
2025-04-01 15:45:00+00:00,2025-04-01 16:00:00+00:00,294.2412411636802,0.9801961181789821,spring,15
2025-04-01 16:00:00+00:00,2025-04-01 16:15:00+00:00,318.3275865047222,1.0370342242998483,spring,15
2025-04-01 16:15:00+00:00,2025-04-01 16:30:00+00:00,342.2774936985435,1.0967718571151965,spring,15
2025-04-01 16:30:00+00:00,2025-04-01 16:45:00+00:00,356.9945659128964,1.1250345528571977,spring,15
2025-04-01 16:45:00+00:00,2025-04-01 17:00:00+00:00,371.0759810700085,1.1488874178061192,spring,15
2025-04-01 17:00:00+00:00,2025-04-01 17:15:00+00:00,386.06408984427776,1.1776982716703903,spring,15
2025-04-01 17:15:00+00:00,2025-04-01 17:30:00+00:00,391.1598891491432,1.182101797284662,spring,15
2025-04-01 17:30:00+00:00,2025-04-01 17:45:00+00:00,391.4095813306541,1.1722515878911453,spring,15
2025-04-01 17:45:00+00:00,2025-04-01 18:00:00+00:00,387.80174468003645,1.1657611835179336,spring,15
2025-04-01 18:00:00+00:00,2025-04-01 18:15:00+00:00,381.4866373192442,1.1702765674505937,spring,15
2025-04-01 18:15:00+00:00,2025-04-01 18:30:00+00:00,378.8808579510867,1.1526596792582149,spring,15
2025-04-01 18:30:00+00:00,2025-04-01 18:45:00+00:00,379.1193209567762,1.1313484017437963,spring,15
2025-04-01 18:45:00+00:00,2025-04-01 19:00:00+00:00,378.03897407657877,1.1295357595505193,spring,15
2025-04-01 19:00:00+00:00,2025-04-01 19:15:00+00:00,358.6902666267605,1.1259550847077577,spring,15
2025-04-01 19:15:00+00:00,2025-04-01 19:30:00+00:00,360.7833586873979,1.095994392092327,spring,15
2025-04-01 19:30:00+00:00,2025-04-01 19:45:00+00:00,362.3175464305861,1.1177596291077654,spring,15
2025-04-01 19:45:00+00:00,2025-04-01 20:00:00+00:00,360.0153107723606,1.1095085550378343,spring,15
2025-04-01 20:00:00+00:00,2025-04-01 20:15:00+00:00,356.30349659379976,1.1239251053985317,spring,15
2025-04-01 20:15:00+00:00,2025-04-01 20:30:00+00:00,353.48187131240684,1.0795256530108732,spring,15
2025-04-01 20:30:00+00:00,2025-04-01 20:45:00+00:00,346.435373673399,1.0810232707676712,spring,15
2025-04-01 20:45:00+00:00,2025-04-01 21:00:00+00:00,340.140268452085,1.0730800167024541,spring,15
2025-04-01 21:00:00+00:00,2025-04-01 21:15:00+00:00,329.57014885415185,1.0418057969751993,spring,15
2025-04-01 21:15:00+00:00,2025-04-01 21:30:00+00:00,322.0240685105456,1.0512039536502147,spring,15
2025-04-01 21:30:00+00:00,2025-04-01 21:45:00+00:00,317.27711874281795,1.0556627427289582,spring,15
2025-04-01 21:45:00+00:00,2025-04-01 22:00:00+00:00,315.44046183109816,1.0452361476991638,spring,15
2025-04-01 22:00:00+00:00,2025-04-01 22:15:00+00:00,305.94310550445954,1.0670816616380028,spring,15
2025-04-01 22:15:00+00:00,2025-04-01 22:30:00+00:00,300.54796675789146,1.078717216317536,spring,15
2025-04-01 22:30:00+00:00,2025-04-01 22:45:00+00:00,299.71984594195766,1.0622171996565493,spring,15
2025-04-01 22:45:00+00:00,2025-04-01 23:00:00+00:00,302.637172649156,1.0620222642827823,spring,15
2025-04-01 23:00:00+00:00,2025-04-01 23:15:00+00:00,299.21544045998763,1.0784394490332885,spring,15
2025-04-01 23:15:00+00:00,2025-04-01 23:30:00+00:00,300.8470955914699,1.0835338127815675,spring,15
2025-04-01 23:30:00+00:00,2025-04-01 23:45:00+00:00,301.1776888653382,1.1019072529364893,spring,15
2025-04-01 23:45:00+00:00,2025-04-02 00:00:00+00:00,301.93856713054157,1.1221387532060785,spring,15
2025-04-02 00:00:00+00:00,2025-04-02 00:15:00+00:00,305.0988337291696,1.0876360447654574,spring,15
2025-04-02 00:15:00+00:00,2025-04-02 00:30:00+00:00,305.9968847578283,1.073468928629838,spring,15
2025-04-02 00:30:00+00:00,2025-04-02 00:45:00+00:00,307.01076580518236,1.0677279381018292,spring,15
2025-04-02 00:45:00+00:00,2025-04-02 01:00:00+00:00,309.1825097036844,1.0754452375672903,spring,15
2025-04-02 01:00:00+00:00,2025-04-02 01:15:00+00:00,312.6461160298427,1.0845347190737953,spring,15
2025-04-02 01:15:00+00:00,2025-04-02 01:30:00+00:00,313.19327352219267,1.101175385431451,spring,15
2025-04-02 01:30:00+00:00,2025-04-02 01:45:00+00:00,315.3329209338091,1.1295573377457808,spring,15
2025-04-02 01:45:00+00:00,2025-04-02 02:00:00+00:00,316.81157683468786,1.1137219568989574,spring,15
2025-04-02 02:00:00+00:00,2025-04-02 02:15:00+00:00,318.05995161331026,1.1246858902959913,spring,15
2025-04-02 02:15:00+00:00,2025-04-02 02:30:00+00:00,319.0040440968917,1.1408464422240958,spring,15
2025-04-02 02:30:00+00:00,2025-04-02 02:45:00+00:00,321.45812613431195,1.1208547478325963,spring,15
2025-04-02 02:45:00+00:00,2025-04-02 03:00:00+00:00,328.60256008107046,1.1559689944718792,spring,15
2025-04-02 03:00:00+00:00,2025-04-02 03:15:00+00:00,337.9791337769942,1.157095111735439,spring,15
2025-04-02 03:15:00+00:00,2025-04-02 03:30:00+00:00,347.9090270035187,1.1275400419242037,spring,15
2025-04-02 03:30:00+00:00,2025-04-02 03:45:00+00:00,349.8092440538451,1.1408779740494053,spring,15
2025-04-02 03:45:00+00:00,2025-04-02 04:00:00+00:00,355.24239289834253,1.13080474822964,spring,15
2025-04-02 04:00:00+00:00,2025-04-02 04:15:00+00:00,348.4162219976393,1.0631669259785845,spring,15
2025-04-02 04:15:00+00:00,2025-04-02 04:30:00+00:00,350.1575582751182,1.044517912295351,spring,15
2025-04-02 04:30:00+00:00,2025-04-02 04:45:00+00:00,355.35094442405347,1.0577685325562471,spring,15
2025-04-02 04:45:00+00:00,2025-04-02 05:00:00+00:00,357.5727719314643,1.0602940111829842,spring,15
2025-04-02 05:00:00+00:00,2025-04-02 05:15:00+00:00,356.91756269350185,1.0455983144228933,spring,15
2025-04-02 05:15:00+00:00,2025-04-02 05:30:00+00:00,356.37959624990054,1.0403555443204575,spring,15
2025-04-02 05:30:00+00:00,2025-04-02 05:45:00+00:00,355.0714999579135,1.0326151760707354,spring,15
2025-04-02 05:45:00+00:00,2025-04-02 06:00:00+00:00,350.4912510343698,1.0183169281682958,spring,15
2025-04-02 06:00:00+00:00,2025-04-02 06:15:00+00:00,339.42680740783766,1.0303659462094201,spring,15
2025-04-02 06:15:00+00:00,2025-04-02 06:30:00+00:00,331.7375188560291,1.0377860850172584,spring,15
2025-04-02 06:30:00+00:00,2025-04-02 06:45:00+00:00,321.58796674902453,1.0033486160955658,spring,15
2025-04-02 06:45:00+00:00,2025-04-02 07:00:00+00:00,315.7119127819312,0.9381632490756897,spring,15
2025-04-02 07:00:00+00:00,2025-04-02 07:15:00+00:00,297.0710051236949,0.9045171631155136,spring,15
2025-04-02 07:15:00+00:00,2025-04-02 07:30:00+00:00,281.70101243422596,0.8822937054022395,spring,15
2025-04-02 07:30:00+00:00,2025-04-02 07:45:00+00:00,259.17586251660003,0.8492072109935784,spring,15
2025-04-02 07:45:00+00:00,2025-04-02 08:00:00+00:00,229.94604905903034,0.8026349364301779,spring,15
2025-04-02 08:00:00+00:00,2025-04-02 08:15:00+00:00,196.51821297962087,0.7361547443266583,spring,15
2025-04-02 08:15:00+00:00,2025-04-02 08:30:00+00:00,176.815016359158,0.6921715861186045,spring,15
2025-04-02 08:30:00+00:00,2025-04-02 08:45:00+00:00,171.04660609957475,0.6667256080496426,spring,15
2025-04-02 08:45:00+00:00,2025-04-02 09:00:00+00:00,167.65785464543163,0.656359548021597,spring,15
2025-04-02 09:00:00+00:00,2025-04-02 09:15:00+00:00,160.0155584447544,0.6354813805797915,spring,15
2025-04-02 09:15:00+00:00,2025-04-02 09:30:00+00:00,157.65278105503035,0.6288273149279487,spring,15
2025-04-02 09:30:00+00:00,2025-04-02 09:45:00+00:00,154.58318884875465,0.620829885432231,spring,15
2025-04-02 09:45:00+00:00,2025-04-02 10:00:00+00:00,153.12696390020673,0.6053564435921058,spring,15
2025-04-02 10:00:00+00:00,2025-04-02 10:15:00+00:00,154.82327048153462,0.615585261022571,spring,15
2025-04-02 10:15:00+00:00,2025-04-02 10:30:00+00:00,154.88630314854387,0.6193793482288612,spring,15
2025-04-02 10:30:00+00:00,2025-04-02 10:45:00+00:00,154.6848641663031,0.6169635538319782,spring,15
2025-04-02 10:45:00+00:00,2025-04-02 11:00:00+00:00,156.15091878041562,0.6184722501683596,spring,15
2025-04-02 11:00:00+00:00,2025-04-02 11:15:00+00:00,155.59742661080222,0.6083507078900152,spring,15
2025-04-02 11:15:00+00:00,2025-04-02 11:30:00+00:00,155.05972291358535,0.6038036059409067,spring,15
2025-04-02 11:30:00+00:00,2025-04-02 11:45:00+00:00,154.96286189794057,0.635866867327219,spring,15
2025-04-02 11:45:00+00:00,2025-04-02 12:00:00+00:00,154.5111852640747,0.6359971721961545,spring,15
2025-04-02 12:00:00+00:00,2025-04-02 12:15:00+00:00,149.2241152447437,0.6216416196479918,spring,15
2025-04-02 12:15:00+00:00,2025-04-02 12:30:00+00:00,148.83394788976543,0.6148758752902282,spring,15
2025-04-02 12:30:00+00:00,2025-04-02 12:45:00+00:00,148.32476710746866,0.6033720045447306,spring,15
2025-04-02 12:45:00+00:00,2025-04-02 13:00:00+00:00,147.2751857925827,0.5963941417381206,spring,15
2025-04-02 13:00:00+00:00,2025-04-02 13:15:00+00:00,146.46588339325876,0.6010923933491642,spring,15
2025-04-02 13:15:00+00:00,2025-04-02 13:30:00+00:00,147.0280156341427,0.5997399740295718,spring,15
2025-04-02 13:30:00+00:00,2025-04-02 13:45:00+00:00,146.45401465950317,0.6018519098858953,spring,15
2025-04-02 13:45:00+00:00,2025-04-02 14:00:00+00:00,148.71717042804798,0.5937018201944317,spring,15
2025-04-02 14:00:00+00:00,2025-04-02 14:15:00+00:00,155.9804187691612,0.6054219041011155,spring,15
2025-04-02 14:15:00+00:00,2025-04-02 14:30:00+00:00,157.5422371369871,0.6363602000054673,spring,15
2025-04-02 14:30:00+00:00,2025-04-02 14:45:00+00:00,160.0155306916829,0.6240066896582129,spring,15
2025-04-02 14:45:00+00:00,2025-04-02 15:00:00+00:00,162.97672459662436,0.6375361825165773,spring,15
2025-04-02 15:00:00+00:00,2025-04-02 15:15:00+00:00,167.55484808003104,0.6582520560586282,spring,15
2025-04-02 15:15:00+00:00,2025-04-02 15:30:00+00:00,172.67609414741295,0.6860918015428397,spring,15
2025-04-02 15:30:00+00:00,2025-04-02 15:45:00+00:00,180.22387988298362,0.69689175672733,spring,15
2025-04-02 15:45:00+00:00,2025-04-02 16:00:00+00:00,199.95483907179522,0.7360139371124423,spring,15
2025-04-02 16:00:00+00:00,2025-04-02 16:15:00+00:00,223.00766713431767,0.7719028266677939,spring,15
2025-04-02 16:15:00+00:00,2025-04-02 16:30:00+00:00,243.86503108337436,0.8230761954929936,spring,15
2025-04-02 16:30:00+00:00,2025-04-02 16:45:00+00:00,259.5806001380193,0.8544903294682523,spring,15
2025-04-02 16:45:00+00:00,2025-04-02 17:00:00+00:00,266.3165478562249,0.8604408894066746,spring,15
2025-04-02 17:00:00+00:00,2025-04-02 17:15:00+00:00,273.82074739732496,0.8909563658427911,spring,15
2025-04-02 17:15:00+00:00,2025-04-02 17:30:00+00:00,277.9858954455037,0.9344868357104327,spring,15
2025-04-02 17:30:00+00:00,2025-04-02 17:45:00+00:00,283.0827514392485,0.9824736397058156,spring,15
2025-04-02 17:45:00+00:00,2025-04-02 18:00:00+00:00,286.46942607933727,0.9765722555952101,spring,15
2025-04-02 18:00:00+00:00,2025-04-02 18:15:00+00:00,285.57379876801474,0.9317103856694637,spring,15
2025-04-02 18:15:00+00:00,2025-04-02 18:30:00+00:00,285.2077730710055,0.9322618304929168,spring,15
2025-04-02 18:30:00+00:00,2025-04-02 18:45:00+00:00,286.0859796155162,0.886929034958818,spring,15
2025-04-02 18:45:00+00:00,2025-04-02 19:00:00+00:00,289.9286960677737,0.8785212028797892,spring,15
2025-04-02 19:00:00+00:00,2025-04-02 19:15:00+00:00,286.7585602294021,0.8804841646869707,spring,15
2025-04-02 19:15:00+00:00,2025-04-02 19:30:00+00:00,283.8618966914031,0.8702737500206459,spring,15
2025-04-02 19:30:00+00:00,2025-04-02 19:45:00+00:00,283.2644215074819,0.8721389838421681,spring,15
2025-04-02 19:45:00+00:00,2025-04-02 20:00:00+00:00,285.03609941387816,0.8788669243845179,spring,15
2025-04-02 20:00:00+00:00,2025-04-02 20:15:00+00:00,290.1328721945294,0.9134937294826763,spring,15
2025-04-02 20:15:00+00:00,2025-04-02 20:30:00+00:00,288.99552531934825,0.898149770772727,spring,15
2025-04-02 20:30:00+00:00,2025-04-02 20:45:00+00:00,289.9829487842463,0.9035992059297415,spring,15
2025-04-02 20:45:00+00:00,2025-04-02 21:00:00+00:00,288.01578442450125,0.9037997692426044,spring,15
2025-04-02 21:00:00+00:00,2025-04-02 21:15:00+00:00,280.2696474262371,0.8995725292964523,spring,15
2025-04-02 21:15:00+00:00,2025-04-02 21:30:00+00:00,274.635100900181,0.8994188339502198,spring,15
2025-04-02 21:30:00+00:00,2025-04-02 21:45:00+00:00,272.9029596630146,0.9026837645624187,spring,15
2025-04-02 21:45:00+00:00,2025-04-02 22:00:00+00:00,269.1673424705097,0.9065771222368565,spring,15
2025-04-02 22:00:00+00:00,2025-04-02 22:15:00+00:00,264.1493095053069,0.9391488123675779,spring,15
2025-04-02 22:15:00+00:00,2025-04-02 22:30:00+00:00,259.05528465820225,0.9148776198459491,spring,15
2025-04-02 22:30:00+00:00,2025-04-02 22:45:00+00:00,261.58352132340474,0.9184945955690018,spring,15
2025-04-02 22:45:00+00:00,2025-04-02 23:00:00+00:00,268.52375632477566,0.9361617925148903,spring,15
2025-04-02 23:00:00+00:00,2025-04-02 23:15:00+00:00,276.8490415252003,0.9546603073347317,spring,15
2025-04-02 23:15:00+00:00,2025-04-02 23:30:00+00:00,281.9172766185934,0.9726630712968272,spring,15
2025-04-02 23:30:00+00:00,2025-04-02 23:45:00+00:00,284.62848679467726,0.9752662703132834,spring,15
2025-04-02 23:45:00+00:00,2025-04-03 00:00:00+00:00,286.1330853434515,0.9871197349502911,spring,15
2025-04-03 00:00:00+00:00,2025-04-03 00:15:00+00:00,286.7374205091985,0.994402935517226,spring,15
2025-04-03 00:15:00+00:00,2025-04-03 00:30:00+00:00,291.9621508717198,1.0109483588679256,spring,15
2025-04-03 00:30:00+00:00,2025-04-03 00:45:00+00:00,295.1487145953069,1.0173217554150358,spring,15
2025-04-03 00:45:00+00:00,2025-04-03 01:00:00+00:00,299.66252825890064,1.0419049370467945,spring,15
2025-04-03 01:00:00+00:00,2025-04-03 01:15:00+00:00,305.63979770208823,1.045132839584422,spring,15
2025-04-03 01:15:00+00:00,2025-04-03 01:30:00+00:00,309.6942219855059,1.0639716896931917,spring,15
2025-04-03 01:30:00+00:00,2025-04-03 01:45:00+00:00,313.2380169194047,1.0740400415098754,spring,15
2025-04-03 01:45:00+00:00,2025-04-03 02:00:00+00:00,318.13547269650803,1.1065875373519183,spring,15
2025-04-03 02:00:00+00:00,2025-04-03 02:15:00+00:00,321.3973144466538,1.1189097510222825,spring,15
2025-04-03 02:15:00+00:00,2025-04-03 02:30:00+00:00,325.3938835152057,1.1135160425522532,spring,15
2025-04-03 02:30:00+00:00,2025-04-03 02:45:00+00:00,329.0252788222079,1.0994460390964982,spring,15
2025-04-03 02:45:00+00:00,2025-04-03 03:00:00+00:00,332.1546703987082,1.0993858433174262,spring,15
2025-04-03 03:00:00+00:00,2025-04-03 03:15:00+00:00,336.1022913719334,1.0869079651808247,spring,15
2025-04-03 03:15:00+00:00,2025-04-03 03:30:00+00:00,337.7313680601902,1.0980924849381553,spring,15
2025-04-03 03:30:00+00:00,2025-04-03 03:45:00+00:00,342.26270623263287,1.0903105965169249,spring,15
2025-04-03 03:45:00+00:00,2025-04-03 04:00:00+00:00,343.2692186515825,1.148362849769457,spring,15
2025-04-03 04:00:00+00:00,2025-04-03 04:15:00+00:00,346.64753438355825,1.0834345546163515,spring,15
2025-04-03 04:15:00+00:00,2025-04-03 04:30:00+00:00,338.52222558527836,1.049541176937159,spring,15
2025-04-03 04:30:00+00:00,2025-04-03 04:45:00+00:00,335.62814611800064,1.069888399675921,spring,15
2025-04-03 04:45:00+00:00,2025-04-03 05:00:00+00:00,336.2807647388452,1.124904488345577,spring,15
2025-04-03 05:00:00+00:00,2025-04-03 05:15:00+00:00,339.30984558539063,1.1665467088873882,spring,15
2025-04-03 05:15:00+00:00,2025-04-03 05:30:00+00:00,344.1322991116346,1.154057521174278,spring,15
2025-04-03 05:30:00+00:00,2025-04-03 05:45:00+00:00,341.95817855266887,1.1226806455148068,spring,15
2025-04-03 05:45:00+00:00,2025-04-03 06:00:00+00:00,336.45527823719067,1.0669361225711778,spring,15
2025-04-03 06:00:00+00:00,2025-04-03 06:15:00+00:00,330.68159377400855,1.0817841639887926,spring,15
2025-04-03 06:15:00+00:00,2025-04-03 06:30:00+00:00,322.53749532357733,0.9911018874412459,spring,15
2025-04-03 06:30:00+00:00,2025-04-03 06:45:00+00:00,313.7299350849541,0.9373946439597161,spring,15
2025-04-03 06:45:00+00:00,2025-04-03 07:00:00+00:00,303.3099226161981,0.9266132538255735,spring,15
2025-04-03 07:00:00+00:00,2025-04-03 07:15:00+00:00,288.70610604200584,0.9242597175099455,spring,15
2025-04-03 07:15:00+00:00,2025-04-03 07:30:00+00:00,281.114355256833,0.8834303334055301,spring,15
2025-04-03 07:30:00+00:00,2025-04-03 07:45:00+00:00,266.87213385941936,0.8563623901304539,spring,15
2025-04-03 07:45:00+00:00,2025-04-03 08:00:00+00:00,244.7436107650342,0.8115890504190169,spring,15
2025-04-03 08:00:00+00:00,2025-04-03 08:15:00+00:00,224.88458271946732,0.7823899826917288,spring,15
2025-04-03 08:15:00+00:00,2025-04-03 08:30:00+00:00,206.72344197389512,0.7445803944911076,spring,15
2025-04-03 08:30:00+00:00,2025-04-03 08:45:00+00:00,191.44253242221072,0.7183313823854496,spring,15
2025-04-03 08:45:00+00:00,2025-04-03 09:00:00+00:00,183.9858803302713,0.6988890423355693,spring,15
2025-04-03 09:00:00+00:00,2025-04-03 09:15:00+00:00,175.4453236911883,0.673417516776947,spring,15
2025-04-03 09:15:00+00:00,2025-04-03 09:30:00+00:00,169.63612947795434,0.6492056299277091,spring,15
2025-04-03 09:30:00+00:00,2025-04-03 09:45:00+00:00,165.31726720571203,0.630154454088723,spring,15
2025-04-03 09:45:00+00:00,2025-04-03 10:00:00+00:00,160.59561813222746,0.619103917649143,spring,15
2025-04-03 10:00:00+00:00,2025-04-03 10:15:00+00:00,155.87161248192496,0.6048353663915733,spring,15
2025-04-03 10:15:00+00:00,2025-04-03 10:30:00+00:00,152.60655883011648,0.6034789282468713,spring,15
2025-04-03 10:30:00+00:00,2025-04-03 10:45:00+00:00,151.20447693008023,0.5985527572348677,spring,15
2025-04-03 10:45:00+00:00,2025-04-03 11:00:00+00:00,150.95645460873513,0.5928450621942194,spring,15
2025-04-03 11:00:00+00:00,2025-04-03 11:15:00+00:00,152.08315339332913,0.6019236733150192,spring,15
2025-04-03 11:15:00+00:00,2025-04-03 11:30:00+00:00,151.82531015252243,0.5939946508690129,spring,15
2025-04-03 11:30:00+00:00,2025-04-03 11:45:00+00:00,152.2657585955829,0.5952494349877359,spring,15
2025-04-03 11:45:00+00:00,2025-04-03 12:00:00+00:00,153.86234396865294,0.6033080166933744,spring,15
2025-04-03 12:00:00+00:00,2025-04-03 12:15:00+00:00,153.80522638382467,0.6048740873928579,spring,15
2025-04-03 12:15:00+00:00,2025-04-03 12:30:00+00:00,154.1465383206774,0.6092247658421129,spring,15
2025-04-03 12:30:00+00:00,2025-04-03 12:45:00+00:00,154.43751233417555,0.608547665341185,spring,15
2025-04-03 12:45:00+00:00,2025-04-03 13:00:00+00:00,154.9802029175443,0.618101259609447,spring,15
2025-04-03 13:00:00+00:00,2025-04-03 13:15:00+00:00,158.65930635034695,0.6309924670414123,spring,15
2025-04-03 13:15:00+00:00,2025-04-03 13:30:00+00:00,162.32756341188676,0.6468020383305414,spring,15
2025-04-03 13:30:00+00:00,2025-04-03 13:45:00+00:00,163.47129741744058,0.6584415657852282,spring,15
2025-04-03 13:45:00+00:00,2025-04-03 14:00:00+00:00,166.9790258371769,0.6750628002332292,spring,15
2025-04-03 14:00:00+00:00,2025-04-03 14:15:00+00:00,177.40887657237735,0.7152638599849999,spring,15
2025-04-03 14:15:00+00:00,2025-04-03 14:30:00+00:00,185.21744580385027,0.7527250242296306,spring,15
2025-04-03 14:30:00+00:00,2025-04-03 14:45:00+00:00,203.1484841195764,0.7837906585530102,spring,15
2025-04-03 14:45:00+00:00,2025-04-03 15:00:00+00:00,226.57459416105854,0.844909901909167,spring,15
2025-04-03 15:00:00+00:00,2025-04-03 15:15:00+00:00,259.10453545914226,0.8934201739319492,spring,15
2025-04-03 15:15:00+00:00,2025-04-03 15:30:00+00:00,290.0160009877632,0.9441534805971539,spring,15
2025-04-03 15:30:00+00:00,2025-04-03 15:45:00+00:00,330.65241334748526,1.0224284851513354,spring,15
2025-04-03 15:45:00+00:00,2025-04-03 16:00:00+00:00,361.74648398246643,1.073675216489836,spring,15
2025-04-03 16:00:00+00:00,2025-04-03 16:15:00+00:00,405.5183332129945,1.1735451730505408,spring,15
2025-04-03 16:15:00+00:00,2025-04-03 16:30:00+00:00,427.12962402700333,1.2328819951919292,spring,15
2025-04-03 16:30:00+00:00,2025-04-03 16:45:00+00:00,437.66097491884665,1.2370797069841692,spring,15
2025-04-03 16:45:00+00:00,2025-04-03 17:00:00+00:00,457.72722104803984,1.351043030230428,spring,15
2025-04-03 17:00:00+00:00,2025-04-03 17:15:00+00:00,478.8164503573471,1.360735120632466,spring,15
2025-04-03 17:15:00+00:00,2025-04-03 17:30:00+00:00,485.95689396965906,1.4572229184425063,spring,15
2025-04-03 17:30:00+00:00,2025-04-03 17:45:00+00:00,484.7215759245271,1.5103572772810387,spring,15
2025-04-03 17:45:00+00:00,2025-04-03 18:00:00+00:00,480.7594924019636,1.4953692295186354,spring,15
2025-04-03 18:00:00+00:00,2025-04-03 18:15:00+00:00,473.17852752566773,1.4673594573145015,spring,15
2025-04-03 18:15:00+00:00,2025-04-03 18:30:00+00:00,467.94454051738586,1.4155026193690634,spring,15
2025-04-03 18:30:00+00:00,2025-04-03 18:45:00+00:00,466.5513334780206,1.3197238145543515,spring,15
2025-04-03 18:45:00+00:00,2025-04-03 19:00:00+00:00,466.9924377787921,1.2977435511376996,spring,15
2025-04-03 19:00:00+00:00,2025-04-03 19:15:00+00:00,459.0064994531046,1.2946812612518197,spring,15
2025-04-03 19:15:00+00:00,2025-04-03 19:30:00+00:00,458.1390026830728,1.2851729927917335,spring,15
2025-04-03 19:30:00+00:00,2025-04-03 19:45:00+00:00,467.75020530309365,1.284931648252786,spring,15
2025-04-03 19:45:00+00:00,2025-04-03 20:00:00+00:00,479.58212754827304,1.3111542393599507,spring,15
2025-04-03 20:00:00+00:00,2025-04-03 20:15:00+00:00,476.0491509795075,1.323568374508432,spring,15
2025-04-03 20:15:00+00:00,2025-04-03 20:30:00+00:00,477.1606279937439,1.3334195577844228,spring,15
2025-04-03 20:30:00+00:00,2025-04-03 20:45:00+00:00,481.85117958535244,1.3437046775432586,spring,15
2025-04-03 20:45:00+00:00,2025-04-03 21:00:00+00:00,491.67747049783344,1.3725650203904898,spring,15
2025-04-03 21:00:00+00:00,2025-04-03 21:15:00+00:00,492.2901462808609,1.3638441016789586,spring,15
2025-04-03 21:15:00+00:00,2025-04-03 21:30:00+00:00,498.41563376411506,1.3797645055107637,spring,15
2025-04-03 21:30:00+00:00,2025-04-03 21:45:00+00:00,507.0901375032575,1.416343015788534,spring,15
2025-04-03 21:45:00+00:00,2025-04-03 22:00:00+00:00,512.4623846309042,1.4455440356955924,spring,15
2025-04-03 22:00:00+00:00,2025-04-03 22:15:00+00:00,520.6436988969836,1.4584416713765709,spring,15
2025-04-03 22:15:00+00:00,2025-04-03 22:30:00+00:00,526.3013173621302,1.475182865547723,spring,15
2025-04-03 22:30:00+00:00,2025-04-03 22:45:00+00:00,529.929530384614,1.4785963355265404,spring,15
2025-04-03 22:45:00+00:00,2025-04-03 23:00:00+00:00,538.5054078334616,1.5015259995591712,spring,15
2025-04-03 23:00:00+00:00,2025-04-03 23:15:00+00:00,543.493083031916,1.5130952472093318,spring,15
2025-04-03 23:15:00+00:00,2025-04-03 23:30:00+00:00,552.3701051973019,1.5372571475856522,spring,15
2025-04-03 23:30:00+00:00,2025-04-03 23:45:00+00:00,559.8529499006462,1.5601969843342105,spring,15
2025-04-03 23:45:00+00:00,2025-04-04 00:00:00+00:00,567.1555137359037,1.5822321124654122,spring,15
2025-04-04 00:00:00+00:00,2025-04-04 00:15:00+00:00,571.970582441914,1.5864159108764315,spring,15
2025-04-04 00:15:00+00:00,2025-04-04 00:30:00+00:00,578.3758402988369,1.6040399038022317,spring,15
2025-04-04 00:30:00+00:00,2025-04-04 00:45:00+00:00,579.9521120066829,1.6142314463431766,spring,15
2025-04-04 00:45:00+00:00,2025-04-04 01:00:00+00:00,585.8481196775631,1.6278142097711688,spring,15
2025-04-04 01:00:00+00:00,2025-04-04 01:15:00+00:00,589.7068539751731,1.6411620648102774,spring,15
2025-04-04 01:15:00+00:00,2025-04-04 01:30:00+00:00,588.4503875742156,1.6603941543419989,spring,15
2025-04-04 01:30:00+00:00,2025-04-04 01:45:00+00:00,589.7178482178916,1.671045199560334,spring,15
2025-04-04 01:45:00+00:00,2025-04-04 02:00:00+00:00,590.4396261864522,1.6749270220242938,spring,15
2025-04-04 02:00:00+00:00,2025-04-04 02:15:00+00:00,600.5603989306301,1.6749911020786532,spring,15
2025-04-04 02:15:00+00:00,2025-04-04 02:30:00+00:00,601.1595971660432,1.6692069805530967,spring,15
2025-04-04 02:30:00+00:00,2025-04-04 02:45:00+00:00,599.6684394114627,1.6594691706273472,spring,15
2025-04-04 02:45:00+00:00,2025-04-04 03:00:00+00:00,599.2542123566274,1.653469368129552,spring,15
2025-04-04 03:00:00+00:00,2025-04-04 03:15:00+00:00,601.1079124851603,1.6546837987618714,spring,15
2025-04-04 03:15:00+00:00,2025-04-04 03:30:00+00:00,597.5207782742475,1.6458479973496165,spring,15
2025-04-04 03:30:00+00:00,2025-04-04 03:45:00+00:00,582.1320999032215,1.609446742142149,spring,15
2025-04-04 03:45:00+00:00,2025-04-04 04:00:00+00:00,565.421848327216,1.5659662242175487,spring,15
2025-04-04 04:00:00+00:00,2025-04-04 04:15:00+00:00,547.7416762607086,1.536852390508348,spring,15
2025-04-04 04:15:00+00:00,2025-04-04 04:30:00+00:00,528.8935483946599,1.5309526039023333,spring,15
2025-04-04 04:30:00+00:00,2025-04-04 04:45:00+00:00,524.5944062179722,1.5243143566497115,spring,15
2025-04-04 04:45:00+00:00,2025-04-04 05:00:00+00:00,519.3641145538925,1.5741921920396453,spring,15
2025-04-04 05:00:00+00:00,2025-04-04 05:15:00+00:00,507.97411122602387,1.6253594827920188,spring,15
2025-04-04 05:15:00+00:00,2025-04-04 05:30:00+00:00,499.5484307795022,1.5017392763154793,spring,15
2025-04-04 05:30:00+00:00,2025-04-04 05:45:00+00:00,488.06592951682603,1.383035335881629,spring,15
2025-04-04 05:45:00+00:00,2025-04-04 06:00:00+00:00,472.6759195287566,1.33971683073535,spring,15
2025-04-04 06:00:00+00:00,2025-04-04 06:15:00+00:00,455.70872234371683,1.252442755753531,spring,15
2025-04-04 06:15:00+00:00,2025-04-04 06:30:00+00:00,445.8030125886597,1.2259243676758478,spring,15
2025-04-04 06:30:00+00:00,2025-04-04 06:45:00+00:00,432.27939591078064,1.1930642493205932,spring,15
2025-04-04 06:45:00+00:00,2025-04-04 07:00:00+00:00,411.66919349335006,1.1490180748959098,spring,15
2025-04-04 07:00:00+00:00,2025-04-04 07:15:00+00:00,370.27289335421074,1.1337333482271092,spring,15
2025-04-04 07:15:00+00:00,2025-04-04 07:30:00+00:00,350.2406938146551,1.0618700012098885,spring,15
2025-04-04 07:30:00+00:00,2025-04-04 07:45:00+00:00,322.6318217562498,1.0149111092201109,spring,15
2025-04-04 07:45:00+00:00,2025-04-04 08:00:00+00:00,295.6939609622661,0.9355371477248609,spring,15
2025-04-04 08:00:00+00:00,2025-04-04 08:15:00+00:00,259.1773545410775,0.905856753405797,spring,15
2025-04-04 08:15:00+00:00,2025-04-04 08:30:00+00:00,235.15883722990614,0.8184083179521476,spring,15
2025-04-04 08:30:00+00:00,2025-04-04 08:45:00+00:00,218.2340946752871,0.7799556634508595,spring,15
2025-04-04 08:45:00+00:00,2025-04-04 09:00:00+00:00,204.3029483411204,0.7489048247505232,spring,15
2025-04-04 09:00:00+00:00,2025-04-04 09:15:00+00:00,192.3296682437231,0.7140691106883484,spring,15
2025-04-04 09:15:00+00:00,2025-04-04 09:30:00+00:00,184.31302513941174,0.6813754271062126,spring,15
2025-04-04 09:30:00+00:00,2025-04-04 09:45:00+00:00,177.7111621620815,0.6646494182249937,spring,15
2025-04-04 09:45:00+00:00,2025-04-04 10:00:00+00:00,171.01378695038025,0.6630728798833402,spring,15
2025-04-04 10:00:00+00:00,2025-04-04 10:15:00+00:00,165.59571049554995,0.6394667953737456,spring,15
2025-04-04 10:15:00+00:00,2025-04-04 10:30:00+00:00,163.91942195436508,0.6298963687522454,spring,15
2025-04-04 10:30:00+00:00,2025-04-04 10:45:00+00:00,163.2256398947297,0.6302347941172474,spring,15
2025-04-04 10:45:00+00:00,2025-04-04 11:00:00+00:00,161.88461930726928,0.6208389230256512,spring,15
2025-04-04 11:00:00+00:00,2025-04-04 11:15:00+00:00,164.16757036296016,0.6314792193862137,spring,15
2025-04-04 11:15:00+00:00,2025-04-04 11:30:00+00:00,164.1142229353187,0.6333493713237527,spring,15
2025-04-04 11:30:00+00:00,2025-04-04 11:45:00+00:00,164.85153212646003,0.6341067914661916,spring,15
2025-04-04 11:45:00+00:00,2025-04-04 12:00:00+00:00,165.38247705647808,0.6290703762723769,spring,15
2025-04-04 12:00:00+00:00,2025-04-04 12:15:00+00:00,167.33373281724232,0.6466920138349861,spring,15
2025-04-04 12:15:00+00:00,2025-04-04 12:30:00+00:00,169.08173881974525,0.6490797288367243,spring,15
2025-04-04 12:30:00+00:00,2025-04-04 12:45:00+00:00,170.71785821371552,0.6556791822381995,spring,15
2025-04-04 12:45:00+00:00,2025-04-04 13:00:00+00:00,171.4672203021294,0.6654495877781844,spring,15
2025-04-04 13:00:00+00:00,2025-04-04 13:15:00+00:00,173.2686877515212,0.6876422554734923,spring,15
2025-04-04 13:15:00+00:00,2025-04-04 13:30:00+00:00,175.3316164895702,0.697862960436432,spring,15
2025-04-04 13:30:00+00:00,2025-04-04 13:45:00+00:00,177.38539485928243,0.7097782669852805,spring,15
2025-04-04 13:45:00+00:00,2025-04-04 14:00:00+00:00,181.38343869354554,0.7315381312280268,spring,15
2025-04-04 14:00:00+00:00,2025-04-04 14:15:00+00:00,191.00444684345769,0.7527099388891567,spring,15
2025-04-04 14:15:00+00:00,2025-04-04 14:30:00+00:00,195.622192225762,0.7854112667778614,spring,15
2025-04-04 14:30:00+00:00,2025-04-04 14:45:00+00:00,204.36095835497574,0.8165658954136212,spring,15
2025-04-04 14:45:00+00:00,2025-04-04 15:00:00+00:00,223.28733174854534,0.8560856714715837,spring,15
2025-04-04 15:00:00+00:00,2025-04-04 15:15:00+00:00,250.90352804478758,0.9258093060585599,spring,15
2025-04-04 15:15:00+00:00,2025-04-04 15:30:00+00:00,283.26860992335264,1.0069119486998075,spring,15
2025-04-04 15:30:00+00:00,2025-04-04 15:45:00+00:00,311.995629079879,1.06860095963987,spring,15
2025-04-04 15:45:00+00:00,2025-04-04 16:00:00+00:00,346.9862922268521,1.1355353032743842,spring,15
2025-04-04 16:00:00+00:00,2025-04-04 16:15:00+00:00,378.2481975338551,1.1761222072955002,spring,15
2025-04-04 16:15:00+00:00,2025-04-04 16:30:00+00:00,395.62886673269355,1.2213746536240473,spring,15
2025-04-04 16:30:00+00:00,2025-04-04 16:45:00+00:00,401.6719332449952,1.214501625979751,spring,15
2025-04-04 16:45:00+00:00,2025-04-04 17:00:00+00:00,412.2725472904286,1.2628469812466467,spring,15
2025-04-04 17:00:00+00:00,2025-04-04 17:15:00+00:00,422.6317685592062,1.2870228679669284,spring,15
2025-04-04 17:15:00+00:00,2025-04-04 17:30:00+00:00,430.689116583587,1.3241697135481865,spring,15
2025-04-04 17:30:00+00:00,2025-04-04 17:45:00+00:00,431.97832909987994,1.3341709747037367,spring,15
2025-04-04 17:45:00+00:00,2025-04-04 18:00:00+00:00,429.145716792669,1.3151638480648356,spring,15
2025-04-04 18:00:00+00:00,2025-04-04 18:15:00+00:00,429.0833144873233,1.2958093265079507,spring,15
2025-04-04 18:15:00+00:00,2025-04-04 18:30:00+00:00,426.82575572980505,1.2892899422518338,spring,15
2025-04-04 18:30:00+00:00,2025-04-04 18:45:00+00:00,426.18069627190897,1.2788892309779536,spring,15
2025-04-04 18:45:00+00:00,2025-04-04 19:00:00+00:00,426.6697392035038,1.2781575406698948,spring,15
2025-04-04 19:00:00+00:00,2025-04-04 19:15:00+00:00,415.7221150309307,1.2489545534970161,spring,15
2025-04-04 19:15:00+00:00,2025-04-04 19:30:00+00:00,418.4792065380646,1.2335518071471305,spring,15
2025-04-04 19:30:00+00:00,2025-04-04 19:45:00+00:00,425.6411142798257,1.246961977850751,spring,15
2025-04-04 19:45:00+00:00,2025-04-04 20:00:00+00:00,432.1481815264718,1.2684473250873496,spring,15
2025-04-04 20:00:00+00:00,2025-04-04 20:15:00+00:00,416.307853997987,1.2376665310678272,spring,15
2025-04-04 20:15:00+00:00,2025-04-04 20:30:00+00:00,416.6686903150224,1.2236971579967961,spring,15
2025-04-04 20:30:00+00:00,2025-04-04 20:45:00+00:00,421.86387866251914,1.2416870984286712,spring,15
2025-04-04 20:45:00+00:00,2025-04-04 21:00:00+00:00,424.7172222181521,1.2589760821489149,spring,15
2025-04-04 21:00:00+00:00,2025-04-04 21:15:00+00:00,421.5057646234112,1.2779151998345808,spring,15
2025-04-04 21:15:00+00:00,2025-04-04 21:30:00+00:00,417.71005417323124,1.2752470891639145,spring,15
2025-04-04 21:30:00+00:00,2025-04-04 21:45:00+00:00,418.818352693323,1.2810238032771581,spring,15
2025-04-04 21:45:00+00:00,2025-04-04 22:00:00+00:00,419.73135503995053,1.2941946961563262,spring,15
2025-04-04 22:00:00+00:00,2025-04-04 22:15:00+00:00,410.1720511964205,1.330438214868037,spring,15
2025-04-04 22:15:00+00:00,2025-04-04 22:30:00+00:00,413.8640698258291,1.3363333389263279,spring,15
2025-04-04 22:30:00+00:00,2025-04-04 22:45:00+00:00,413.46770995347197,1.3709823320834527,spring,15
2025-04-04 22:45:00+00:00,2025-04-04 23:00:00+00:00,405.0769479427375,1.3959284330066344,spring,15
2025-04-04 23:00:00+00:00,2025-04-04 23:15:00+00:00,382.6501270105577,1.3356613535161215,spring,15
2025-04-04 23:15:00+00:00,2025-04-04 23:30:00+00:00,384.2914416094324,1.3266765293559097,spring,15
2025-04-04 23:30:00+00:00,2025-04-04 23:45:00+00:00,388.1792134386593,1.328803201873438,spring,15
2025-04-04 23:45:00+00:00,2025-04-05 00:00:00+00:00,385.0300770266263,1.3537882735902655,spring,15
2025-04-05 00:00:00+00:00,2025-04-05 00:15:00+00:00,395.13553602182577,1.3805794774572901,spring,15
2025-04-05 00:15:00+00:00,2025-04-05 00:30:00+00:00,395.8625584390192,1.3699900642207006,spring,15
2025-04-05 00:30:00+00:00,2025-04-05 00:45:00+00:00,392.75344689236465,1.3626367758595284,spring,15
2025-04-05 00:45:00+00:00,2025-04-05 01:00:00+00:00,389.49533959649585,1.3508850525780256,spring,15
2025-04-05 01:00:00+00:00,2025-04-05 01:15:00+00:00,391.0796521210723,1.3578085769062445,spring,15
2025-04-05 01:15:00+00:00,2025-04-05 01:30:00+00:00,388.3142732035619,1.3414153698897355,spring,15
2025-04-05 01:30:00+00:00,2025-04-05 01:45:00+00:00,385.3330346934535,1.330941227484526,spring,15
2025-04-05 01:45:00+00:00,2025-04-05 02:00:00+00:00,382.0074134478178,1.3201900175149073,spring,15
2025-04-05 02:00:00+00:00,2025-04-05 02:15:00+00:00,378.60617327490775,1.311064040077174,spring,15
2025-04-05 02:15:00+00:00,2025-04-05 02:30:00+00:00,373.252482321949,1.2978432055112072,spring,15
2025-04-05 02:30:00+00:00,2025-04-05 02:45:00+00:00,372.4720349438845,1.289386597920185,spring,15
2025-04-05 02:45:00+00:00,2025-04-05 03:00:00+00:00,368.3336154521939,1.2777227738145205,spring,15
2025-04-05 03:00:00+00:00,2025-04-05 03:15:00+00:00,365.77375644161816,1.2881529326198922,spring,15
2025-04-05 03:15:00+00:00,2025-04-05 03:30:00+00:00,364.3999118859757,1.2900571157046847,spring,15
2025-04-05 03:30:00+00:00,2025-04-05 03:45:00+00:00,362.82143476347414,1.2905971032388484,spring,15
2025-04-05 03:45:00+00:00,2025-04-05 04:00:00+00:00,360.1099436583449,1.2798977859949752,spring,15
2025-04-05 04:00:00+00:00,2025-04-05 04:15:00+00:00,355.1970691775036,1.267490510842962,spring,15
2025-04-05 04:15:00+00:00,2025-04-05 04:30:00+00:00,353.78870750087145,1.2600780327264571,spring,15
2025-04-05 04:30:00+00:00,2025-04-05 04:45:00+00:00,344.23055582238936,1.230789402192401,spring,15
2025-04-05 04:45:00+00:00,2025-04-05 05:00:00+00:00,337.8635480508918,1.2190854032594616,spring,15
2025-04-05 05:00:00+00:00,2025-04-05 05:15:00+00:00,324.9810130472773,1.2197637618053874,spring,15
2025-04-05 05:15:00+00:00,2025-04-05 05:30:00+00:00,311.6412051575547,1.1789755113372633,spring,15
2025-04-05 05:30:00+00:00,2025-04-05 05:45:00+00:00,298.02442075592813,1.1449317225110416,spring,15
2025-04-05 05:45:00+00:00,2025-04-05 06:00:00+00:00,281.5522918426703,1.0958440843584405,spring,15
2025-04-05 06:00:00+00:00,2025-04-05 06:15:00+00:00,252.6037473336149,1.0091433761480084,spring,15
2025-04-05 06:15:00+00:00,2025-04-05 06:30:00+00:00,240.76808543410598,0.9754234525744406,spring,15
2025-04-05 06:30:00+00:00,2025-04-05 06:45:00+00:00,222.65021120534038,0.9333489418393024,spring,15
2025-04-05 06:45:00+00:00,2025-04-05 07:00:00+00:00,199.29769607027043,0.8873372786707624,spring,15
2025-04-05 07:00:00+00:00,2025-04-05 07:15:00+00:00,172.87464298898757,0.8369287705408239,spring,15
2025-04-05 07:15:00+00:00,2025-04-05 07:30:00+00:00,157.20519779694538,0.7714112127819772,spring,15
2025-04-05 07:30:00+00:00,2025-04-05 07:45:00+00:00,145.5460575429244,0.7407616011171495,spring,15
2025-04-05 07:45:00+00:00,2025-04-05 08:00:00+00:00,137.61844491245967,0.7244589068779451,spring,15
2025-04-05 08:00:00+00:00,2025-04-05 08:15:00+00:00,125.23385908807757,0.682511441731814,spring,15
2025-04-05 08:15:00+00:00,2025-04-05 08:30:00+00:00,122.63721392139664,0.6525369038357228,spring,15
2025-04-05 08:30:00+00:00,2025-04-05 08:45:00+00:00,120.3943498357988,0.6425447260717192,spring,15
2025-04-05 08:45:00+00:00,2025-04-05 09:00:00+00:00,118.38528047613589,0.6203837933047831,spring,15
2025-04-05 09:00:00+00:00,2025-04-05 09:15:00+00:00,117.36187205392085,0.6219356676945346,spring,15
2025-04-05 09:15:00+00:00,2025-04-05 09:30:00+00:00,115.86621804946975,0.6092792205322856,spring,15
2025-04-05 09:30:00+00:00,2025-04-05 09:45:00+00:00,115.53142495796048,0.6035441327427994,spring,15
2025-04-05 09:45:00+00:00,2025-04-05 10:00:00+00:00,115.17590151554296,0.6008194307329695,spring,15
2025-04-05 10:00:00+00:00,2025-04-05 10:15:00+00:00,115.97814727612065,0.5942900245167759,spring,15
2025-04-05 10:15:00+00:00,2025-04-05 10:30:00+00:00,115.94673346359434,0.5891892351031055,spring,15
2025-04-05 10:30:00+00:00,2025-04-05 10:45:00+00:00,116.40519207023715,0.6055238845768627,spring,15
2025-04-05 10:45:00+00:00,2025-04-05 11:00:00+00:00,116.95161468192654,0.6008250909721328,spring,15
2025-04-05 11:00:00+00:00,2025-04-05 11:15:00+00:00,119.0383315328697,0.5933490654665952,spring,15
2025-04-05 11:15:00+00:00,2025-04-05 11:30:00+00:00,119.76320845904311,0.5753232909926744,spring,15
2025-04-05 11:30:00+00:00,2025-04-05 11:45:00+00:00,119.82015438964193,0.5763270645841393,spring,15
2025-04-05 11:45:00+00:00,2025-04-05 12:00:00+00:00,121.67589414659852,0.5781153975582628,spring,15
2025-04-05 12:00:00+00:00,2025-04-05 12:15:00+00:00,122.9309134681826,0.5877861715749909,spring,15
2025-04-05 12:15:00+00:00,2025-04-05 12:30:00+00:00,125.26216450837867,0.6060810203012015,spring,15
2025-04-05 12:30:00+00:00,2025-04-05 12:45:00+00:00,127.20091631870982,0.6165516610833562,spring,15
2025-04-05 12:45:00+00:00,2025-04-05 13:00:00+00:00,127.27632634093408,0.6098205756763649,spring,15
2025-04-05 13:00:00+00:00,2025-04-05 13:15:00+00:00,127.33125033766774,0.6302396072156986,spring,15
2025-04-05 13:15:00+00:00,2025-04-05 13:30:00+00:00,126.35701245976827,0.637276336482379,spring,15
2025-04-05 13:30:00+00:00,2025-04-05 13:45:00+00:00,128.18872283613777,0.6415184432322444,spring,15
2025-04-05 13:45:00+00:00,2025-04-05 14:00:00+00:00,127.92313298052798,0.6423736215948195,spring,15
2025-04-05 14:00:00+00:00,2025-04-05 14:15:00+00:00,127.93096923144019,0.6370206578611919,spring,15
2025-04-05 14:15:00+00:00,2025-04-05 14:30:00+00:00,128.57424495726926,0.6599443637961745,spring,15
2025-04-05 14:30:00+00:00,2025-04-05 14:45:00+00:00,128.8065402425164,0.6601048482581532,spring,15
2025-04-05 14:45:00+00:00,2025-04-05 15:00:00+00:00,128.94430448271197,0.6512516299295983,spring,15
2025-04-05 15:00:00+00:00,2025-04-05 15:15:00+00:00,128.11101998749274,0.6465444826127391,spring,15
2025-04-05 15:15:00+00:00,2025-04-05 15:30:00+00:00,129.1420507951945,0.6554706349013385,spring,15
2025-04-05 15:30:00+00:00,2025-04-05 15:45:00+00:00,130.74642952419853,0.6781172454037562,spring,15
2025-04-05 15:45:00+00:00,2025-04-05 16:00:00+00:00,134.50620892057685,0.697586682250175,spring,15
2025-04-05 16:00:00+00:00,2025-04-05 16:15:00+00:00,137.5741122148952,0.7026231290981332,spring,15
2025-04-05 16:15:00+00:00,2025-04-05 16:30:00+00:00,142.06693608628825,0.7211323216684337,spring,15
2025-04-05 16:30:00+00:00,2025-04-05 16:45:00+00:00,145.87002542245156,0.7530182294223735,spring,15
2025-04-05 16:45:00+00:00,2025-04-05 17:00:00+00:00,153.18314479408522,0.7735135332504199,spring,15
2025-04-05 17:00:00+00:00,2025-04-05 17:15:00+00:00,160.83645437603406,0.7996650960861825,spring,15
2025-04-05 17:15:00+00:00,2025-04-05 17:30:00+00:00,162.1522976456295,0.8294358827829209,spring,15
2025-04-05 17:30:00+00:00,2025-04-05 17:45:00+00:00,161.49423585774878,0.815511726904816,spring,15
2025-04-05 17:45:00+00:00,2025-04-05 18:00:00+00:00,163.31075157674107,0.8043021118846363,spring,15
2025-04-05 18:00:00+00:00,2025-04-05 18:15:00+00:00,165.32306239466178,0.7981956371572694,spring,15
2025-04-05 18:15:00+00:00,2025-04-05 18:30:00+00:00,167.87027917266036,0.8068725124444337,spring,15
2025-04-05 18:30:00+00:00,2025-04-05 18:45:00+00:00,167.4060477979794,0.7980383908488179,spring,15
2025-04-05 18:45:00+00:00,2025-04-05 19:00:00+00:00,169.58853126917992,0.801333457380804,spring,15
2025-04-05 19:00:00+00:00,2025-04-05 19:15:00+00:00,166.55417613314935,0.7945665836203216,spring,15
2025-04-05 19:15:00+00:00,2025-04-05 19:30:00+00:00,166.51232673734228,0.7823621809893966,spring,15
2025-04-05 19:30:00+00:00,2025-04-05 19:45:00+00:00,167.35160625732541,0.7586753676430659,spring,15
2025-04-05 19:45:00+00:00,2025-04-05 20:00:00+00:00,171.4514495117671,0.7804912047832911,spring,15
2025-04-05 20:00:00+00:00,2025-04-05 20:15:00+00:00,170.5950370360031,0.7906773286701779,spring,15
2025-04-05 20:15:00+00:00,2025-04-05 20:30:00+00:00,168.86016567093347,0.7814444722266896,spring,15
2025-04-05 20:30:00+00:00,2025-04-05 20:45:00+00:00,166.54396738834953,0.7817629887202715,spring,15
2025-04-05 20:45:00+00:00,2025-04-05 21:00:00+00:00,165.03334155740757,0.7930081333068242,spring,15
2025-04-05 21:00:00+00:00,2025-04-05 21:15:00+00:00,163.22077831236547,0.8087371490105407,spring,15
2025-04-05 21:15:00+00:00,2025-04-05 21:30:00+00:00,164.71803918944238,0.8183034186755045,spring,15
2025-04-05 21:30:00+00:00,2025-04-05 21:45:00+00:00,165.69651404599836,0.8281108315398356,spring,15
2025-04-05 21:45:00+00:00,2025-04-05 22:00:00+00:00,169.1130475829539,0.8511725835648207,spring,15
2025-04-05 22:00:00+00:00,2025-04-05 22:15:00+00:00,167.62300395161205,0.8554134295980266,spring,15
2025-04-05 22:15:00+00:00,2025-04-05 22:30:00+00:00,165.85330298920687,0.8654901512847974,spring,15
2025-04-05 22:30:00+00:00,2025-04-05 22:45:00+00:00,169.56819568915245,0.8910809497096372,spring,15
2025-04-05 22:45:00+00:00,2025-04-05 23:00:00+00:00,175.51884876209732,0.9154194900641743,spring,15
2025-04-05 23:00:00+00:00,2025-04-05 23:15:00+00:00,180.15819150362373,0.9445915118896724,spring,15
2025-04-05 23:15:00+00:00,2025-04-05 23:30:00+00:00,183.52417609289444,0.9499531280677356,spring,15
2025-04-05 23:30:00+00:00,2025-04-05 23:45:00+00:00,184.66718118241874,0.9529447191655616,spring,15
2025-04-05 23:45:00+00:00,2025-04-06 00:00:00+00:00,186.5367418933115,0.9667927867304449,spring,15
2025-04-06 00:00:00+00:00,2025-04-06 00:15:00+00:00,189.9998783341011,0.9852595972153916,spring,15
2025-04-06 00:15:00+00:00,2025-04-06 00:30:00+00:00,195.77701942630964,1.0121256765437596,spring,15
2025-04-06 00:30:00+00:00,2025-04-06 00:45:00+00:00,198.06994383384153,1.0307968722840803,spring,15
2025-04-06 00:45:00+00:00,2025-04-06 01:00:00+00:00,202.37670072882153,1.047775768294735,spring,15
2025-04-06 01:00:00+00:00,2025-04-06 01:15:00+00:00,205.186249196771,1.0545792643022436,spring,15
2025-04-06 01:15:00+00:00,2025-04-06 01:30:00+00:00,207.6944217496637,1.0766864551976996,spring,15
2025-04-06 01:30:00+00:00,2025-04-06 01:45:00+00:00,208.56693133304296,1.0934449689632277,spring,15
2025-04-06 01:45:00+00:00,2025-04-06 02:00:00+00:00,211.88575524222472,1.1270516508706883,spring,15
2025-04-06 02:00:00+00:00,2025-04-06 02:15:00+00:00,216.04156898440212,1.1299348068154078,spring,15
2025-04-06 02:15:00+00:00,2025-04-06 02:30:00+00:00,216.95644745703802,1.1371781291027063,spring,15
2025-04-06 02:30:00+00:00,2025-04-06 02:45:00+00:00,218.23861804564677,1.1695389107629712,spring,15
2025-04-06 02:45:00+00:00,2025-04-06 03:00:00+00:00,219.54376889465615,1.1685974867867268,spring,15
2025-04-06 03:00:00+00:00,2025-04-06 03:15:00+00:00,218.64252985042106,1.195199567125807,spring,15
2025-04-06 03:15:00+00:00,2025-04-06 03:30:00+00:00,217.87252841426871,1.1901211342107827,spring,15
2025-04-06 03:30:00+00:00,2025-04-06 03:45:00+00:00,217.18874497498004,1.1851928112140397,spring,15
2025-04-06 03:45:00+00:00,2025-04-06 04:00:00+00:00,213.76411191743466,1.165794280253532,spring,15
2025-04-06 04:00:00+00:00,2025-04-06 04:15:00+00:00,209.5010183058039,1.143671930697547,spring,15
2025-04-06 04:15:00+00:00,2025-04-06 04:30:00+00:00,210.08414477109676,1.1405589970372443,spring,15
2025-04-06 04:30:00+00:00,2025-04-06 04:45:00+00:00,211.47638460476358,1.158322794090574,spring,15
2025-04-06 04:45:00+00:00,2025-04-06 05:00:00+00:00,212.40798597891302,1.1584572561520334,spring,15
2025-04-06 05:00:00+00:00,2025-04-06 05:15:00+00:00,208.26907667684185,1.1623593621923327,spring,15
2025-04-06 05:15:00+00:00,2025-04-06 05:30:00+00:00,206.1257859452032,1.1243125156762637,spring,15
2025-04-06 05:30:00+00:00,2025-04-06 05:45:00+00:00,202.66823507380792,1.088204503889133,spring,15
2025-04-06 05:45:00+00:00,2025-04-06 06:00:00+00:00,197.65931177917912,1.055961253074139,spring,15
2025-04-06 06:00:00+00:00,2025-04-06 06:15:00+00:00,181.68790747000278,0.9874202830871162,spring,15
2025-04-06 06:15:00+00:00,2025-04-06 06:30:00+00:00,176.75891256081906,0.9254683129476333,spring,15
2025-04-06 06:30:00+00:00,2025-04-06 06:45:00+00:00,167.9195246767523,0.873290391394895,spring,15
2025-04-06 06:45:00+00:00,2025-04-06 07:00:00+00:00,159.25308371781927,0.8236444232479802,spring,15
2025-04-06 07:00:00+00:00,2025-04-06 07:15:00+00:00,147.92079840457555,0.7668216157626547,spring,15
2025-04-06 07:15:00+00:00,2025-04-06 07:30:00+00:00,139.39860833109762,0.746712879639138,spring,15
2025-04-06 07:30:00+00:00,2025-04-06 07:45:00+00:00,134.74512738227966,0.7042039049163011,spring,15
2025-04-06 07:45:00+00:00,2025-04-06 08:00:00+00:00,130.53232289341423,0.6718157586599487,spring,15
2025-04-06 08:00:00+00:00,2025-04-06 08:15:00+00:00,126.06694384292898,0.6446368930381438,spring,15
2025-04-06 08:15:00+00:00,2025-04-06 08:30:00+00:00,122.71877777308963,0.6131480402910047,spring,15
2025-04-06 08:30:00+00:00,2025-04-06 08:45:00+00:00,120.7715901498933,0.6031919290427686,spring,15
2025-04-06 08:45:00+00:00,2025-04-06 09:00:00+00:00,121.90327995573405,0.6029473349526808,spring,15
2025-04-06 09:00:00+00:00,2025-04-06 09:15:00+00:00,119.71119354516553,0.5878249707910174,spring,15
2025-04-06 09:15:00+00:00,2025-04-06 09:30:00+00:00,118.90905306054933,0.5685405110544257,spring,15
2025-04-06 09:30:00+00:00,2025-04-06 09:45:00+00:00,119.05449827165681,0.5661725488581116,spring,15
2025-04-06 09:45:00+00:00,2025-04-06 10:00:00+00:00,119.22913971563402,0.5675691442564871,spring,15
2025-04-06 10:00:00+00:00,2025-04-06 10:15:00+00:00,120.8269651238724,0.5824565580387414,spring,15
2025-04-06 10:15:00+00:00,2025-04-06 10:30:00+00:00,122.25500088271065,0.583587066820441,spring,15
2025-04-06 10:30:00+00:00,2025-04-06 10:45:00+00:00,123.17089816350628,0.5891297116576437,spring,15
2025-04-06 10:45:00+00:00,2025-04-06 11:00:00+00:00,124.46751100348747,0.6039253091576535,spring,15
2025-04-06 11:00:00+00:00,2025-04-06 11:15:00+00:00,124.97394025166861,0.6031259036831745,spring,15
2025-04-06 11:15:00+00:00,2025-04-06 11:30:00+00:00,125.94366279100214,0.6018135041110382,spring,15
2025-04-06 11:30:00+00:00,2025-04-06 11:45:00+00:00,126.62418173642388,0.6050266551596991,spring,15
2025-04-06 11:45:00+00:00,2025-04-06 12:00:00+00:00,127.24386155352838,0.6049127252411126,spring,15
2025-04-06 12:00:00+00:00,2025-04-06 12:15:00+00:00,127.96524651959461,0.607102904877905,spring,15
2025-04-06 12:15:00+00:00,2025-04-06 12:30:00+00:00,129.8595400263505,0.6148316990427237,spring,15
2025-04-06 12:30:00+00:00,2025-04-06 12:45:00+00:00,131.50614876786744,0.6272546376431573,spring,15
2025-04-06 12:45:00+00:00,2025-04-06 13:00:00+00:00,131.8681597403873,0.6343259859681242,spring,15
2025-04-06 13:00:00+00:00,2025-04-06 13:15:00+00:00,133.23754323850432,0.6336917962679209,spring,15
2025-04-06 13:15:00+00:00,2025-04-06 13:30:00+00:00,134.63766092441014,0.6466222254267088,spring,15
2025-04-06 13:30:00+00:00,2025-04-06 13:45:00+00:00,138.2229127019193,0.6649198734317663,spring,15
2025-04-06 13:45:00+00:00,2025-04-06 14:00:00+00:00,139.40521120204085,0.6736863982127939,spring,15
2025-04-06 14:00:00+00:00,2025-04-06 14:15:00+00:00,141.24271525829343,0.6991153343000631,spring,15
2025-04-06 14:15:00+00:00,2025-04-06 14:30:00+00:00,140.63995654701768,0.7103198688663153,spring,15
2025-04-06 14:30:00+00:00,2025-04-06 14:45:00+00:00,142.38053773843984,0.754376832434872,spring,15
2025-04-06 14:45:00+00:00,2025-04-06 15:00:00+00:00,147.17211918293094,0.7308597882494984,spring,15
2025-04-06 15:00:00+00:00,2025-04-06 15:15:00+00:00,158.19657298889592,0.7676304486838834,spring,15
2025-04-06 15:15:00+00:00,2025-04-06 15:30:00+00:00,170.26580450570293,0.8111509098593892,spring,15
2025-04-06 15:30:00+00:00,2025-04-06 15:45:00+00:00,182.7055104162107,0.8491766232963087,spring,15
2025-04-06 15:45:00+00:00,2025-04-06 16:00:00+00:00,205.40096316207513,0.9121222340520867,spring,15
2025-04-06 16:00:00+00:00,2025-04-06 16:15:00+00:00,242.87397240988236,0.9824080317068657,spring,15
2025-04-06 16:15:00+00:00,2025-04-06 16:30:00+00:00,282.1996315569815,1.0673854652315653,spring,15
2025-04-06 16:30:00+00:00,2025-04-06 16:45:00+00:00,320.59807436832733,1.1403618680419305,spring,15
2025-04-06 16:45:00+00:00,2025-04-06 17:00:00+00:00,355.2188130182043,1.2080701616466132,spring,15
2025-04-06 17:00:00+00:00,2025-04-06 17:15:00+00:00,374.39810476217184,1.2593504281800623,spring,15
2025-04-06 17:15:00+00:00,2025-04-06 17:30:00+00:00,384.6445185585604,1.3076333540537355,spring,15
2025-04-06 17:30:00+00:00,2025-04-06 17:45:00+00:00,397.46544149743016,1.3440790146875137,spring,15
2025-04-06 17:45:00+00:00,2025-04-06 18:00:00+00:00,411.52689463473985,1.3577819024359619,spring,15
2025-04-06 18:00:00+00:00,2025-04-06 18:15:00+00:00,404.8113695698993,1.340680386837779,spring,15
2025-04-06 18:15:00+00:00,2025-04-06 18:30:00+00:00,404.6830173762219,1.3231789803819105,spring,15
2025-04-06 18:30:00+00:00,2025-04-06 18:45:00+00:00,413.65550791806635,1.3356138225869516,spring,15
2025-04-06 18:45:00+00:00,2025-04-06 19:00:00+00:00,422.51602135005464,1.2943004366886577,spring,15
2025-04-06 19:00:00+00:00,2025-04-06 19:15:00+00:00,416.6632012540585,1.281724238808983,spring,15
2025-04-06 19:15:00+00:00,2025-04-06 19:30:00+00:00,418.792466162978,1.2850826953924472,spring,15
2025-04-06 19:30:00+00:00,2025-04-06 19:45:00+00:00,422.2859213360321,1.2933577733850814,spring,15
2025-04-06 19:45:00+00:00,2025-04-06 20:00:00+00:00,427.0494913278019,1.2865473656264155,spring,15
2025-04-06 20:00:00+00:00,2025-04-06 20:15:00+00:00,433.36244789572316,1.3508398576309864,spring,15
2025-04-06 20:15:00+00:00,2025-04-06 20:30:00+00:00,439.3597654939604,1.3163348273539326,spring,15
2025-04-06 20:30:00+00:00,2025-04-06 20:45:00+00:00,441.0689278000915,1.3131112831165668,spring,15
2025-04-06 20:45:00+00:00,2025-04-06 21:00:00+00:00,440.3808319438096,1.3144241127648673,spring,15
2025-04-06 21:00:00+00:00,2025-04-06 21:15:00+00:00,441.03141686336494,1.3223991602865255,spring,15
2025-04-06 21:15:00+00:00,2025-04-06 21:30:00+00:00,443.60897677473025,1.3322353810342418,spring,15
2025-04-06 21:30:00+00:00,2025-04-06 21:45:00+00:00,445.6064006848711,1.339161345992757,spring,15
2025-04-06 21:45:00+00:00,2025-04-06 22:00:00+00:00,451.2592744899315,1.352590519623981,spring,15
2025-04-06 22:00:00+00:00,2025-04-06 22:15:00+00:00,459.2734472851697,1.3745079728348046,spring,15
2025-04-06 22:15:00+00:00,2025-04-06 22:30:00+00:00,461.39691261515543,1.3880842252628094,spring,15
2025-04-06 22:30:00+00:00,2025-04-06 22:45:00+00:00,464.74750685936806,1.395972352837202,spring,15
2025-04-06 22:45:00+00:00,2025-04-06 23:00:00+00:00,470.2172323791769,1.4078560080825746,spring,15
2025-04-06 23:00:00+00:00,2025-04-06 23:15:00+00:00,471.4408454887411,1.4099167395357037,spring,15
2025-04-06 23:15:00+00:00,2025-04-06 23:30:00+00:00,476.26830730539916,1.4150391074987996,spring,15
2025-04-06 23:30:00+00:00,2025-04-06 23:45:00+00:00,480.8599364327204,1.4220739751080704,spring,15
2025-04-06 23:45:00+00:00,2025-04-07 00:00:00+00:00,483.50368350811164,1.4228242103206274,spring,15
2025-04-07 00:00:00+00:00,2025-04-07 00:15:00+00:00,486.2810306972186,1.428642210102569,spring,15
2025-04-07 00:15:00+00:00,2025-04-07 00:30:00+00:00,488.58707848983994,1.4340806860787543,spring,15
2025-04-07 00:30:00+00:00,2025-04-07 00:45:00+00:00,490.6305584077295,1.4346496208393447,spring,15
2025-04-07 00:45:00+00:00,2025-04-07 01:00:00+00:00,494.15076571143084,1.4388885061964103,spring,15
2025-04-07 01:00:00+00:00,2025-04-07 01:15:00+00:00,495.679138778974,1.435105057710843,spring,15
2025-04-07 01:15:00+00:00,2025-04-07 01:30:00+00:00,498.8502029614828,1.4398479470236314,spring,15
2025-04-07 01:30:00+00:00,2025-04-07 01:45:00+00:00,502.40070266536713,1.4491963650275188,spring,15
2025-04-07 01:45:00+00:00,2025-04-07 02:00:00+00:00,503.10228092566626,1.4479946714391132,spring,15
2025-04-07 02:00:00+00:00,2025-04-07 02:15:00+00:00,504.53324032716785,1.44208072976879,spring,15
2025-04-07 02:15:00+00:00,2025-04-07 02:30:00+00:00,506.0711235054223,1.4439647725434541,spring,15
2025-04-07 02:30:00+00:00,2025-04-07 02:45:00+00:00,506.43159555970664,1.438041391204627,spring,15
2025-04-07 02:45:00+00:00,2025-04-07 03:00:00+00:00,507.1091426166542,1.4300612314223697,spring,15
2025-04-07 03:00:00+00:00,2025-04-07 03:15:00+00:00,504.84348618270826,1.4114530566360244,spring,15
2025-04-07 03:15:00+00:00,2025-04-07 03:30:00+00:00,504.763812090853,1.4092058933731217,spring,15
2025-04-07 03:30:00+00:00,2025-04-07 03:45:00+00:00,497.87572969993187,1.3920483770975667,spring,15
2025-04-07 03:45:00+00:00,2025-04-07 04:00:00+00:00,493.36951592118567,1.3718058411849672,spring,15
2025-04-07 04:00:00+00:00,2025-04-07 04:15:00+00:00,476.75791444463215,1.3224082213266373,spring,15
2025-04-07 04:15:00+00:00,2025-04-07 04:30:00+00:00,462.9866797335006,1.2863156858276328,spring,15
2025-04-07 04:30:00+00:00,2025-04-07 04:45:00+00:00,454.7040040909476,1.2905424371665697,spring,15
2025-04-07 04:45:00+00:00,2025-04-07 05:00:00+00:00,446.97486797482424,1.281614696578357,spring,15
2025-04-07 05:00:00+00:00,2025-04-07 05:15:00+00:00,443.34090943511137,1.2773878595968489,spring,15
2025-04-07 05:15:00+00:00,2025-04-07 05:30:00+00:00,432.28618255117175,1.2391339630876923,spring,15
2025-04-07 05:30:00+00:00,2025-04-07 05:45:00+00:00,419.81361444448873,1.1978242989397738,spring,15
2025-04-07 05:45:00+00:00,2025-04-07 06:00:00+00:00,407.4498340641044,1.16913760857484,spring,15
2025-04-07 06:00:00+00:00,2025-04-07 06:15:00+00:00,395.14448277982785,1.1286504108299065,spring,15
2025-04-07 06:15:00+00:00,2025-04-07 06:30:00+00:00,383.6843988352977,1.0992122029143296,spring,15
2025-04-07 06:30:00+00:00,2025-04-07 06:45:00+00:00,372.6331397900069,1.071370800863089,spring,15
2025-04-07 06:45:00+00:00,2025-04-07 07:00:00+00:00,360.8749789862859,1.0375085461393472,spring,15
2025-04-07 07:00:00+00:00,2025-04-07 07:15:00+00:00,330.1224250702217,0.9961246135674776,spring,15
2025-04-07 07:15:00+00:00,2025-04-07 07:30:00+00:00,317.7119057266898,0.9414412368283748,spring,15
2025-04-07 07:30:00+00:00,2025-04-07 07:45:00+00:00,304.29524674041846,0.8942564138880885,spring,15
2025-04-07 07:45:00+00:00,2025-04-07 08:00:00+00:00,289.67618102110106,0.8498951990270203,spring,15
2025-04-07 08:00:00+00:00,2025-04-07 08:15:00+00:00,273.85480826589,0.8209332926025658,spring,15
2025-04-07 08:15:00+00:00,2025-04-07 08:30:00+00:00,254.76868878926746,0.7663988483364588,spring,15
2025-04-07 08:30:00+00:00,2025-04-07 08:45:00+00:00,236.1582883257215,0.7246818207470308,spring,15
2025-04-07 08:45:00+00:00,2025-04-07 09:00:00+00:00,215.78562155563193,0.6914705803128159,spring,15
2025-04-07 09:00:00+00:00,2025-04-07 09:15:00+00:00,199.5406882238995,0.6706070336337407,spring,15
2025-04-07 09:15:00+00:00,2025-04-07 09:30:00+00:00,188.45770268316588,0.6493639718574991,spring,15
2025-04-07 09:30:00+00:00,2025-04-07 09:45:00+00:00,178.59453921329109,0.6294191389969618,spring,15
2025-04-07 09:45:00+00:00,2025-04-07 10:00:00+00:00,167.55944078921632,0.599402589981813,spring,15
2025-04-07 10:00:00+00:00,2025-04-07 10:15:00+00:00,157.82516397148714,0.5698011929266776,spring,15
2025-04-07 10:15:00+00:00,2025-04-07 10:30:00+00:00,154.6600856394384,0.5673723456102311,spring,15
2025-04-07 10:30:00+00:00,2025-04-07 10:45:00+00:00,154.6681344178358,0.5572592675880307,spring,15
2025-04-07 10:45:00+00:00,2025-04-07 11:00:00+00:00,153.90108831478983,0.569905388143345,spring,15
2025-04-07 11:00:00+00:00,2025-04-07 11:15:00+00:00,154.25093241825223,0.5884212439115574,spring,15
2025-04-07 11:15:00+00:00,2025-04-07 11:30:00+00:00,154.70463121645773,0.5956803421313976,spring,15
2025-04-07 11:30:00+00:00,2025-04-07 11:45:00+00:00,155.65303134161067,0.6061329938604159,spring,15
2025-04-07 11:45:00+00:00,2025-04-07 12:00:00+00:00,156.69744860235352,0.6199196018345112,spring,15
2025-04-07 12:00:00+00:00,2025-04-07 12:15:00+00:00,157.04694625246705,0.6230959334288583,spring,15
2025-04-07 12:15:00+00:00,2025-04-07 12:30:00+00:00,158.22057714881643,0.6178672335179235,spring,15
2025-04-07 12:30:00+00:00,2025-04-07 12:45:00+00:00,160.6947676795198,0.6183949750617984,spring,15
2025-04-07 12:45:00+00:00,2025-04-07 13:00:00+00:00,162.3317544956721,0.6191026612416883,spring,15
2025-04-07 13:00:00+00:00,2025-04-07 13:15:00+00:00,164.41717677519134,0.6328308961753113,spring,15
2025-04-07 13:15:00+00:00,2025-04-07 13:30:00+00:00,167.03387349295662,0.6385911429391278,spring,15
2025-04-07 13:30:00+00:00,2025-04-07 13:45:00+00:00,169.944040940966,0.6647077828363653,spring,15
2025-04-07 13:45:00+00:00,2025-04-07 14:00:00+00:00,174.81723450713642,0.6892895733751816,spring,15
2025-04-07 14:00:00+00:00,2025-04-07 14:15:00+00:00,183.4833636639753,0.7026575722012622,spring,15
2025-04-07 14:15:00+00:00,2025-04-07 14:30:00+00:00,191.27040336270693,0.7244187096390174,spring,15
2025-04-07 14:30:00+00:00,2025-04-07 14:45:00+00:00,210.90084746449662,0.7840584753025542,spring,15
2025-04-07 14:45:00+00:00,2025-04-07 15:00:00+00:00,239.82583366120866,0.8322087695892737,spring,15
2025-04-07 15:00:00+00:00,2025-04-07 15:15:00+00:00,274.299605369981,0.8888529385490496,spring,15
2025-04-07 15:15:00+00:00,2025-04-07 15:30:00+00:00,304.1707254147006,0.9662608072317521,spring,15
2025-04-07 15:30:00+00:00,2025-04-07 15:45:00+00:00,336.81122464121177,1.0152023570775945,spring,15
2025-04-07 15:45:00+00:00,2025-04-07 16:00:00+00:00,368.56324008257405,1.0683277277263563,spring,15
2025-04-07 16:00:00+00:00,2025-04-07 16:15:00+00:00,405.29383057799174,1.1445358971401371,spring,15
2025-04-07 16:15:00+00:00,2025-04-07 16:30:00+00:00,423.48351095569353,1.22650635306353,spring,15
2025-04-07 16:30:00+00:00,2025-04-07 16:45:00+00:00,437.35346144186826,1.2489148443987357,spring,15
2025-04-07 16:45:00+00:00,2025-04-07 17:00:00+00:00,455.1736459850504,1.3083837116657226,spring,15
2025-04-07 17:00:00+00:00,2025-04-07 17:15:00+00:00,479.71640777461226,1.3851639007019434,spring,15
2025-04-07 17:15:00+00:00,2025-04-07 17:30:00+00:00,483.58381727131695,1.4025340497264056,spring,15
2025-04-07 17:30:00+00:00,2025-04-07 17:45:00+00:00,486.6874460927457,1.4277955173661785,spring,15
2025-04-07 17:45:00+00:00,2025-04-07 18:00:00+00:00,488.6495631267959,1.4902913277279866,spring,15
2025-04-07 18:00:00+00:00,2025-04-07 18:15:00+00:00,481.8985335177355,1.4488588301658554,spring,15
2025-04-07 18:15:00+00:00,2025-04-07 18:30:00+00:00,485.0104435889154,1.4207774356793297,spring,15
2025-04-07 18:30:00+00:00,2025-04-07 18:45:00+00:00,488.7202324266185,1.3720994311778856,spring,15
2025-04-07 18:45:00+00:00,2025-04-07 19:00:00+00:00,493.7607036898067,1.3762138073916894,spring,15
2025-04-07 19:00:00+00:00,2025-04-07 19:15:00+00:00,494.6048194476072,1.3987301395469378,spring,15
2025-04-07 19:15:00+00:00,2025-04-07 19:30:00+00:00,494.9555155611026,1.388930392354364,spring,15
2025-04-07 19:30:00+00:00,2025-04-07 19:45:00+00:00,498.8463035291327,1.385161323949851,spring,15
2025-04-07 19:45:00+00:00,2025-04-07 20:00:00+00:00,508.6582394466765,1.4037848627682297,spring,15
2025-04-07 20:00:00+00:00,2025-04-07 20:15:00+00:00,518.1876009084453,1.3925490994856757,spring,15
2025-04-07 20:15:00+00:00,2025-04-07 20:30:00+00:00,530.3299942734361,1.422473233943032,spring,15
2025-04-07 20:30:00+00:00,2025-04-07 20:45:00+00:00,536.4093661497001,1.4383949989830278,spring,15
2025-04-07 20:45:00+00:00,2025-04-07 21:00:00+00:00,538.1130830374676,1.4440321112814318,spring,15
2025-04-07 21:00:00+00:00,2025-04-07 21:15:00+00:00,537.7735858465331,1.448574588076675,spring,15
2025-04-07 21:15:00+00:00,2025-04-07 21:30:00+00:00,544.3204252307503,1.4621405334592619,spring,15
2025-04-07 21:30:00+00:00,2025-04-07 21:45:00+00:00,552.0758499373977,1.493472208755608,spring,15
2025-04-07 21:45:00+00:00,2025-04-07 22:00:00+00:00,557.1162361938585,1.5084720535580325,spring,15
2025-04-07 22:00:00+00:00,2025-04-07 22:15:00+00:00,564.1573172477812,1.5145071953624638,spring,15
2025-04-07 22:15:00+00:00,2025-04-07 22:30:00+00:00,566.6545944124895,1.5209093291705025,spring,15
2025-04-07 22:30:00+00:00,2025-04-07 22:45:00+00:00,566.29814654735,1.5298245656744995,spring,15
2025-04-07 22:45:00+00:00,2025-04-07 23:00:00+00:00,570.4807307108163,1.5515165172892362,spring,15
2025-04-07 23:00:00+00:00,2025-04-07 23:15:00+00:00,572.1912846020762,1.5667875904423025,spring,15
2025-04-07 23:15:00+00:00,2025-04-07 23:30:00+00:00,575.3305108723783,1.586628842856966,spring,15
2025-04-07 23:30:00+00:00,2025-04-07 23:45:00+00:00,580.1054892836582,1.5860011527739617,spring,15
2025-04-07 23:45:00+00:00,2025-04-08 00:00:00+00:00,582.5976075178941,1.5853417655216862,spring,15
2025-04-08 00:00:00+00:00,2025-04-08 00:15:00+00:00,585.1639842692886,1.5961688932101958,spring,15
2025-04-08 00:15:00+00:00,2025-04-08 00:30:00+00:00,588.7304191026752,1.6215604790054312,spring,15
2025-04-08 00:30:00+00:00,2025-04-08 00:45:00+00:00,590.2895412578337,1.6135520139849695,spring,15
2025-04-08 00:45:00+00:00,2025-04-08 01:00:00+00:00,591.9307672437443,1.6170415037741017,spring,15
2025-04-08 01:00:00+00:00,2025-04-08 01:15:00+00:00,587.1111830602373,1.6246521828927287,spring,15
2025-04-08 01:15:00+00:00,2025-04-08 01:30:00+00:00,585.054789246021,1.6215923333969178,spring,15
2025-04-08 01:30:00+00:00,2025-04-08 01:45:00+00:00,590.074448652913,1.6415408348178435,spring,15
2025-04-08 01:45:00+00:00,2025-04-08 02:00:00+00:00,592.6401055667961,1.6517081258943334,spring,15
2025-04-08 02:00:00+00:00,2025-04-08 02:15:00+00:00,597.9100126321578,1.650507124864986,spring,15
2025-04-08 02:15:00+00:00,2025-04-08 02:30:00+00:00,600.6944740652872,1.657744088207053,spring,15
2025-04-08 02:30:00+00:00,2025-04-08 02:45:00+00:00,598.2508181020545,1.6906337830384248,spring,15
2025-04-08 02:45:00+00:00,2025-04-08 03:00:00+00:00,598.6256721919829,1.7020006602238547,spring,15
2025-04-08 03:00:00+00:00,2025-04-08 03:15:00+00:00,605.6840374204367,1.6675095832828077,spring,15
2025-04-08 03:15:00+00:00,2025-04-08 03:30:00+00:00,601.5495705492602,1.6523896842996302,spring,15
2025-04-08 03:30:00+00:00,2025-04-08 03:45:00+00:00,596.6023693245581,1.6340659642193596,spring,15
2025-04-08 03:45:00+00:00,2025-04-08 04:00:00+00:00,578.6283340969755,1.5926813512218787,spring,15
2025-04-08 04:00:00+00:00,2025-04-08 04:15:00+00:00,548.8575687144544,1.649622008223883,spring,15
2025-04-08 04:15:00+00:00,2025-04-08 04:30:00+00:00,531.3267366386682,1.632974583737692,spring,15
2025-04-08 04:30:00+00:00,2025-04-08 04:45:00+00:00,527.2843686266831,1.7390310976208099,spring,15
2025-04-08 04:45:00+00:00,2025-04-08 05:00:00+00:00,524.848822061635,1.7471741759615043,spring,15
2025-04-08 05:00:00+00:00,2025-04-08 05:15:00+00:00,515.4892865672546,1.7292606063903353,spring,15
2025-04-08 05:15:00+00:00,2025-04-08 05:30:00+00:00,503.5582370784584,1.7206872307080632,spring,15
2025-04-08 05:30:00+00:00,2025-04-08 05:45:00+00:00,490.885646381505,1.618662193835819,spring,15
2025-04-08 05:45:00+00:00,2025-04-08 06:00:00+00:00,476.430267543311,1.4589516515248122,spring,15
2025-04-08 06:00:00+00:00,2025-04-08 06:15:00+00:00,463.9995937695637,1.4142002784321253,spring,15
2025-04-08 06:15:00+00:00,2025-04-08 06:30:00+00:00,449.18320779316787,1.255481453436046,spring,15
2025-04-08 06:30:00+00:00,2025-04-08 06:45:00+00:00,437.97794583851527,1.1967582122804603,spring,15
2025-04-08 06:45:00+00:00,2025-04-08 07:00:00+00:00,425.43662225837613,1.152063018958225,spring,15
2025-04-08 07:00:00+00:00,2025-04-08 07:15:00+00:00,401.4198763845973,1.1609849248700488,spring,15
2025-04-08 07:15:00+00:00,2025-04-08 07:30:00+00:00,380.26601242155726,1.0753663110109979,spring,15
2025-04-08 07:30:00+00:00,2025-04-08 07:45:00+00:00,366.9242767021748,1.004204430204715,spring,15
2025-04-08 07:45:00+00:00,2025-04-08 08:00:00+00:00,349.1841396309361,0.9537907764279873,spring,15
2025-04-08 08:00:00+00:00,2025-04-08 08:15:00+00:00,328.3608359096696,1.008876337108279,spring,15
2025-04-08 08:15:00+00:00,2025-04-08 08:30:00+00:00,302.6577621461898,0.89286066182095,spring,15
2025-04-08 08:30:00+00:00,2025-04-08 08:45:00+00:00,269.9861397314966,0.8306240837974674,spring,15
2025-04-08 08:45:00+00:00,2025-04-08 09:00:00+00:00,237.91176970100508,0.8041473816744269,spring,15
2025-04-08 09:00:00+00:00,2025-04-08 09:15:00+00:00,216.51483893980824,0.7562196911458703,spring,15
2025-04-08 09:15:00+00:00,2025-04-08 09:30:00+00:00,198.9787552447011,0.7582626408880286,spring,15
2025-04-08 09:30:00+00:00,2025-04-08 09:45:00+00:00,192.1935567511335,0.7625419504440302,spring,15
2025-04-08 09:45:00+00:00,2025-04-08 10:00:00+00:00,187.61051508159122,0.7256224687562782,spring,15
2025-04-08 10:00:00+00:00,2025-04-08 10:15:00+00:00,183.21890481795006,0.7087597197582934,spring,15
2025-04-08 10:15:00+00:00,2025-04-08 10:30:00+00:00,180.01768391619348,0.6646146853191216,spring,15
2025-04-08 10:30:00+00:00,2025-04-08 10:45:00+00:00,179.15403888102082,0.6921819592084997,spring,15
2025-04-08 10:45:00+00:00,2025-04-08 11:00:00+00:00,178.6103633225617,0.6712912538011773,spring,15
2025-04-08 11:00:00+00:00,2025-04-08 11:15:00+00:00,177.8980825548409,0.6535730839523962,spring,15
2025-04-08 11:15:00+00:00,2025-04-08 11:30:00+00:00,177.92458439965574,0.6631389560646084,spring,15
2025-04-08 11:30:00+00:00,2025-04-08 11:45:00+00:00,178.92637120045578,0.66253145783559,spring,15
2025-04-08 11:45:00+00:00,2025-04-08 12:00:00+00:00,181.2418628546339,0.6531678977135476,spring,15
2025-04-08 12:00:00+00:00,2025-04-08 12:15:00+00:00,183.04122368200206,0.6806780977951725,spring,15
2025-04-08 12:15:00+00:00,2025-04-08 12:30:00+00:00,184.36453491171892,0.693516193949702,spring,15
2025-04-08 12:30:00+00:00,2025-04-08 12:45:00+00:00,186.93886255548904,0.7096836799051317,spring,15
2025-04-08 12:45:00+00:00,2025-04-08 13:00:00+00:00,190.6847149157378,0.7206582120263371,spring,15
2025-04-08 13:00:00+00:00,2025-04-08 13:15:00+00:00,194.4421639536825,0.7081083907865509,spring,15
2025-04-08 13:15:00+00:00,2025-04-08 13:30:00+00:00,202.89111969909706,0.741999407692096,spring,15
2025-04-08 13:30:00+00:00,2025-04-08 13:45:00+00:00,211.17748301137738,0.7679535741490487,spring,15
2025-04-08 13:45:00+00:00,2025-04-08 14:00:00+00:00,226.27932576995258,0.8436428073767255,spring,15
2025-04-08 14:00:00+00:00,2025-04-08 14:15:00+00:00,243.97553946697533,0.8474543841392174,spring,15
2025-04-08 14:15:00+00:00,2025-04-08 14:30:00+00:00,266.83051855525093,0.8725694745276293,spring,15
2025-04-08 14:30:00+00:00,2025-04-08 14:45:00+00:00,288.1573290186968,0.9248773923828617,spring,15
2025-04-08 14:45:00+00:00,2025-04-08 15:00:00+00:00,313.75051014645794,0.9776084970537244,spring,15
2025-04-08 15:00:00+00:00,2025-04-08 15:15:00+00:00,346.29186936719,1.016873063521414,spring,15
2025-04-08 15:15:00+00:00,2025-04-08 15:30:00+00:00,372.77811506538904,1.0892644485935554,spring,15
2025-04-08 15:30:00+00:00,2025-04-08 15:45:00+00:00,390.566987827132,1.163948387856669,spring,15
2025-04-08 15:45:00+00:00,2025-04-08 16:00:00+00:00,416.25790646365454,1.186307534165078,spring,15
2025-04-08 16:00:00+00:00,2025-04-08 16:15:00+00:00,449.1417496441677,1.2361289683425578,spring,15
2025-04-08 16:15:00+00:00,2025-04-08 16:30:00+00:00,470.271311566613,1.3390945976324111,spring,15
2025-04-08 16:30:00+00:00,2025-04-08 16:45:00+00:00,480.43838697265033,1.3644743570944964,spring,15
2025-04-08 16:45:00+00:00,2025-04-08 17:00:00+00:00,494.2159449685346,1.4136688068899423,spring,15
2025-04-08 17:00:00+00:00,2025-04-08 17:15:00+00:00,513.7671580719651,1.4565093095890027,spring,15
2025-04-08 17:15:00+00:00,2025-04-08 17:30:00+00:00,508.9538937629538,1.4490473391299559,spring,15
2025-04-08 17:30:00+00:00,2025-04-08 17:45:00+00:00,512.0246211372607,1.5492254878200022,spring,15
2025-04-08 17:45:00+00:00,2025-04-08 18:00:00+00:00,512.9296646748757,1.63335800852017,spring,15
2025-04-08 18:00:00+00:00,2025-04-08 18:15:00+00:00,509.9378490918322,1.6413312623963023,spring,15
2025-04-08 18:15:00+00:00,2025-04-08 18:30:00+00:00,508.9329993031914,1.5768217058480514,spring,15
2025-04-08 18:30:00+00:00,2025-04-08 18:45:00+00:00,509.89192660438823,1.4750987723851174,spring,15
2025-04-08 18:45:00+00:00,2025-04-08 19:00:00+00:00,510.96163347852394,1.4747383357810726,spring,15
2025-04-08 19:00:00+00:00,2025-04-08 19:15:00+00:00,509.3920563611806,1.4522537408024547,spring,15
2025-04-08 19:15:00+00:00,2025-04-08 19:30:00+00:00,516.5895492982633,1.4653655184544345,spring,15
2025-04-08 19:30:00+00:00,2025-04-08 19:45:00+00:00,523.1637071480192,1.4843897098315588,spring,15
2025-04-08 19:45:00+00:00,2025-04-08 20:00:00+00:00,526.514621839452,1.4991824486660588,spring,15
2025-04-08 20:00:00+00:00,2025-04-08 20:15:00+00:00,521.1058263270943,1.5112303315859037,spring,15
2025-04-08 20:15:00+00:00,2025-04-08 20:30:00+00:00,523.8059812250432,1.5382421444296925,spring,15
2025-04-08 20:30:00+00:00,2025-04-08 20:45:00+00:00,533.7703301201118,1.5044282973808862,spring,15
2025-04-08 20:45:00+00:00,2025-04-08 21:00:00+00:00,540.4542564712815,1.5084611640478878,spring,15
2025-04-08 21:00:00+00:00,2025-04-08 21:15:00+00:00,536.5565371281144,1.5915613338357235,spring,15
2025-04-08 21:15:00+00:00,2025-04-08 21:30:00+00:00,545.0871924178728,1.5728599470086957,spring,15
2025-04-08 21:30:00+00:00,2025-04-08 21:45:00+00:00,547.8518428517754,1.5684831018202763,spring,15
2025-04-08 21:45:00+00:00,2025-04-08 22:00:00+00:00,554.4367427343692,1.5885844759010712,spring,15
2025-04-08 22:00:00+00:00,2025-04-08 22:15:00+00:00,552.0978668741617,1.5868981500457382,spring,15
2025-04-08 22:15:00+00:00,2025-04-08 22:30:00+00:00,556.7179735595097,1.58071397107775,spring,15
2025-04-08 22:30:00+00:00,2025-04-08 22:45:00+00:00,560.5672538719641,1.585270655598108,spring,15
2025-04-08 22:45:00+00:00,2025-04-08 23:00:00+00:00,560.8150248585675,1.6038468538946693,spring,15
2025-04-08 23:00:00+00:00,2025-04-08 23:15:00+00:00,557.771465203338,1.625375375079651,spring,15
2025-04-08 23:15:00+00:00,2025-04-08 23:30:00+00:00,560.5449763128869,1.61148857913476,spring,15
2025-04-08 23:30:00+00:00,2025-04-08 23:45:00+00:00,563.76029173464,1.5958720839183935,spring,15
2025-04-08 23:45:00+00:00,2025-04-09 00:00:00+00:00,567.7022627217842,1.5980709307995387,spring,15
2025-04-09 00:00:00+00:00,2025-04-09 00:15:00+00:00,567.0871572845961,1.605702360732535,spring,15
2025-04-09 00:15:00+00:00,2025-04-09 00:30:00+00:00,569.6708899474729,1.606330265448928,spring,15
2025-04-09 00:30:00+00:00,2025-04-09 00:45:00+00:00,569.3083418903008,1.6277361301181579,spring,15
2025-04-09 00:45:00+00:00,2025-04-09 01:00:00+00:00,570.1439039017839,1.6313723466099221,spring,15
2025-04-09 01:00:00+00:00,2025-04-09 01:15:00+00:00,570.4123350336329,1.6182441360547186,spring,15
2025-04-09 01:15:00+00:00,2025-04-09 01:30:00+00:00,570.6658843965014,1.6154763379473893,spring,15
2025-04-09 01:30:00+00:00,2025-04-09 01:45:00+00:00,568.5100644254685,1.6424295316406525,spring,15
2025-04-09 01:45:00+00:00,2025-04-09 02:00:00+00:00,564.9291095682427,1.6282505196679604,spring,15
2025-04-09 02:00:00+00:00,2025-04-09 02:15:00+00:00,566.2200057529152,1.5989657903324201,spring,15
2025-04-09 02:15:00+00:00,2025-04-09 02:30:00+00:00,563.3351962081925,1.6083490922303303,spring,15
2025-04-09 02:30:00+00:00,2025-04-09 02:45:00+00:00,558.7138386718012,1.6435146979524093,spring,15
2025-04-09 02:45:00+00:00,2025-04-09 03:00:00+00:00,556.2672063206506,1.654779670653135,spring,15
2025-04-09 03:00:00+00:00,2025-04-09 03:15:00+00:00,561.2181305949108,1.5953110589553803,spring,15
2025-04-09 03:15:00+00:00,2025-04-09 03:30:00+00:00,556.211348669785,1.6161197602316548,spring,15
2025-04-09 03:30:00+00:00,2025-04-09 03:45:00+00:00,541.8542156537479,1.6017161132889872,spring,15
2025-04-09 03:45:00+00:00,2025-04-09 04:00:00+00:00,527.6798957794916,1.5649441176773446,spring,15
2025-04-09 04:00:00+00:00,2025-04-09 04:15:00+00:00,517.1169490208175,1.5270547661130363,spring,15
2025-04-09 04:15:00+00:00,2025-04-09 04:30:00+00:00,496.34280997412264,1.5238938738362888,spring,15
2025-04-09 04:30:00+00:00,2025-04-09 04:45:00+00:00,488.57066948542956,1.5282344770185767,spring,15
2025-04-09 04:45:00+00:00,2025-04-09 05:00:00+00:00,486.29019045574324,1.5368953956742235,spring,15
2025-04-09 05:00:00+00:00,2025-04-09 05:15:00+00:00,473.2627370634059,1.5191075341327862,spring,15
2025-04-09 05:15:00+00:00,2025-04-09 05:30:00+00:00,466.1726330521009,1.4844955917331497,spring,15
2025-04-09 05:30:00+00:00,2025-04-09 05:45:00+00:00,455.83082753560035,1.423959607157129,spring,15
2025-04-09 05:45:00+00:00,2025-04-09 06:00:00+00:00,446.580178902456,1.3459152539048773,spring,15
2025-04-09 06:00:00+00:00,2025-04-09 06:15:00+00:00,432.43464962374804,1.2933004375418835,spring,15
2025-04-09 06:15:00+00:00,2025-04-09 06:30:00+00:00,426.4393613051454,1.2449487425517716,spring,15
2025-04-09 06:30:00+00:00,2025-04-09 06:45:00+00:00,419.89268408123297,1.1809975061522815,spring,15
2025-04-09 06:45:00+00:00,2025-04-09 07:00:00+00:00,417.03312138290704,1.1435455604899936,spring,15
2025-04-09 07:00:00+00:00,2025-04-09 07:15:00+00:00,391.9446668289318,1.1762410899407982,spring,15
2025-04-09 07:15:00+00:00,2025-04-09 07:30:00+00:00,391.1965056860674,1.092154574185094,spring,15
2025-04-09 07:30:00+00:00,2025-04-09 07:45:00+00:00,373.98292977571884,1.0433759319849905,spring,15
2025-04-09 07:45:00+00:00,2025-04-09 08:00:00+00:00,348.3133554722091,1.0170129580693266,spring,15
2025-04-09 08:00:00+00:00,2025-04-09 08:15:00+00:00,319.48458085298006,1.0228979886846132,spring,15
2025-04-09 08:15:00+00:00,2025-04-09 08:30:00+00:00,300.0532758179257,0.9479824932848683,spring,15
2025-04-09 08:30:00+00:00,2025-04-09 08:45:00+00:00,285.0415797616117,0.8678866903517056,spring,15
2025-04-09 08:45:00+00:00,2025-04-09 09:00:00+00:00,270.4814360223007,0.8307867821853732,spring,15
2025-04-09 09:00:00+00:00,2025-04-09 09:15:00+00:00,253.06664061914407,0.7992788008616414,spring,15
2025-04-09 09:15:00+00:00,2025-04-09 09:30:00+00:00,239.05520559888188,0.7781275138452929,spring,15
2025-04-09 09:30:00+00:00,2025-04-09 09:45:00+00:00,226.28069255909722,0.7631957722808674,spring,15
2025-04-09 09:45:00+00:00,2025-04-09 10:00:00+00:00,212.5839679501504,0.754135369515032,spring,15
2025-04-09 10:00:00+00:00,2025-04-09 10:15:00+00:00,190.6630039437814,0.7435045307185199,spring,15
2025-04-09 10:15:00+00:00,2025-04-09 10:30:00+00:00,181.90947765955121,0.7243437178994915,spring,15
2025-04-09 10:30:00+00:00,2025-04-09 10:45:00+00:00,180.60685249788435,0.706752007936838,spring,15
2025-04-09 10:45:00+00:00,2025-04-09 11:00:00+00:00,179.85578647833776,0.6885436875632749,spring,15
2025-04-09 11:00:00+00:00,2025-04-09 11:15:00+00:00,178.72577210393624,0.6740983387061961,spring,15
2025-04-09 11:15:00+00:00,2025-04-09 11:30:00+00:00,176.19450493619274,0.6450422214061629,spring,15
2025-04-09 11:30:00+00:00,2025-04-09 11:45:00+00:00,174.07658408022857,0.6326798427725696,spring,15
2025-04-09 11:45:00+00:00,2025-04-09 12:00:00+00:00,168.17372371504715,0.620385981430043,spring,15
2025-04-09 12:00:00+00:00,2025-04-09 12:15:00+00:00,167.12172861688774,0.6235905350231129,spring,15
2025-04-09 12:15:00+00:00,2025-04-09 12:30:00+00:00,167.66078421951727,0.6275619094817608,spring,15
2025-04-09 12:30:00+00:00,2025-04-09 12:45:00+00:00,166.89180175953425,0.663273838484252,spring,15
2025-04-09 12:45:00+00:00,2025-04-09 13:00:00+00:00,167.33572292912896,0.6358523755948926,spring,15
2025-04-09 13:00:00+00:00,2025-04-09 13:15:00+00:00,168.7679188708854,0.6437293973118189,spring,15
2025-04-09 13:15:00+00:00,2025-04-09 13:30:00+00:00,169.81759747273878,0.673846166346185,spring,15
2025-04-09 13:30:00+00:00,2025-04-09 13:45:00+00:00,172.72393679260972,0.7196527807312738,spring,15
2025-04-09 13:45:00+00:00,2025-04-09 14:00:00+00:00,175.34648409696675,0.716539388969718,spring,15
2025-04-09 14:00:00+00:00,2025-04-09 14:15:00+00:00,189.23536388131302,0.7682280048507586,spring,15
2025-04-09 14:15:00+00:00,2025-04-09 14:30:00+00:00,196.64740925739267,0.7629441997684073,spring,15
2025-04-09 14:30:00+00:00,2025-04-09 14:45:00+00:00,205.71576031274142,0.7808060032212863,spring,15
2025-04-09 14:45:00+00:00,2025-04-09 15:00:00+00:00,221.6256565190449,0.8018234620573873,spring,15
2025-04-09 15:00:00+00:00,2025-04-09 15:15:00+00:00,243.66981421884142,0.8534474527788396,spring,15
2025-04-09 15:15:00+00:00,2025-04-09 15:30:00+00:00,262.1662276699976,0.8992529396880058,spring,15
2025-04-09 15:30:00+00:00,2025-04-09 15:45:00+00:00,279.0611707387583,0.912702914797225,spring,15
2025-04-09 15:45:00+00:00,2025-04-09 16:00:00+00:00,297.05514127695017,0.9665217526952657,spring,15
2025-04-09 16:00:00+00:00,2025-04-09 16:15:00+00:00,318.09532546613127,0.96011470297627,spring,15
2025-04-09 16:15:00+00:00,2025-04-09 16:30:00+00:00,337.19462270305587,1.0321598092365452,spring,15
2025-04-09 16:30:00+00:00,2025-04-09 16:45:00+00:00,347.01048145962295,1.0841019507804408,spring,15
2025-04-09 16:45:00+00:00,2025-04-09 17:00:00+00:00,352.72619689176526,1.0952582042502923,spring,15
2025-04-09 17:00:00+00:00,2025-04-09 17:15:00+00:00,373.0245262557349,1.0892512479023226,spring,15
2025-04-09 17:15:00+00:00,2025-04-09 17:30:00+00:00,371.39706627352825,1.1172426169684933,spring,15
2025-04-09 17:30:00+00:00,2025-04-09 17:45:00+00:00,371.163465159203,1.1758703266277346,spring,15
2025-04-09 17:45:00+00:00,2025-04-09 18:00:00+00:00,372.32613183950207,1.2047089591469105,spring,15
2025-04-09 18:00:00+00:00,2025-04-09 18:15:00+00:00,364.4173244032225,1.1937484048291458,spring,15
2025-04-09 18:15:00+00:00,2025-04-09 18:30:00+00:00,367.1334166767484,1.1598718820152971,spring,15
2025-04-09 18:30:00+00:00,2025-04-09 18:45:00+00:00,372.13946731194955,1.1479240959904191,spring,15
2025-04-09 18:45:00+00:00,2025-04-09 19:00:00+00:00,373.17446904023427,1.0926200897820204,spring,15
2025-04-09 19:00:00+00:00,2025-04-09 19:15:00+00:00,369.8600942284077,1.1428458090084208,spring,15
2025-04-09 19:15:00+00:00,2025-04-09 19:30:00+00:00,373.30016275128196,1.114092913185688,spring,15
2025-04-09 19:30:00+00:00,2025-04-09 19:45:00+00:00,378.2620656718621,1.0835118716323096,spring,15
2025-04-09 19:45:00+00:00,2025-04-09 20:00:00+00:00,388.16741265205303,1.0946458027505477,spring,15
2025-04-09 20:00:00+00:00,2025-04-09 20:15:00+00:00,388.05892859579166,1.1216652187242846,spring,15
2025-04-09 20:15:00+00:00,2025-04-09 20:30:00+00:00,391.0499383378848,1.116085480345608,spring,15
2025-04-09 20:30:00+00:00,2025-04-09 20:45:00+00:00,395.48640865311165,1.1196584489576786,spring,15
2025-04-09 20:45:00+00:00,2025-04-09 21:00:00+00:00,400.91456027224933,1.1178906209413764,spring,15
2025-04-09 21:00:00+00:00,2025-04-09 21:15:00+00:00,404.55901992379023,1.1430215895149785,spring,15
2025-04-09 21:15:00+00:00,2025-04-09 21:30:00+00:00,407.3610528264899,1.1460125428080365,spring,15
2025-04-09 21:30:00+00:00,2025-04-09 21:45:00+00:00,409.39747731469987,1.1525900645019573,spring,15
2025-04-09 21:45:00+00:00,2025-04-09 22:00:00+00:00,411.265257387222,1.1550949247334361,spring,15
2025-04-09 22:00:00+00:00,2025-04-09 22:15:00+00:00,418.86242900434706,1.1651017065889537,spring,15
2025-04-09 22:15:00+00:00,2025-04-09 22:30:00+00:00,418.54678445074927,1.1647535592054146,spring,15
2025-04-09 22:30:00+00:00,2025-04-09 22:45:00+00:00,422.3194286032436,1.1885017887367073,spring,15
2025-04-09 22:45:00+00:00,2025-04-09 23:00:00+00:00,425.93633965604704,1.2045409047424158,spring,15
2025-04-09 23:00:00+00:00,2025-04-09 23:15:00+00:00,431.63807097781347,1.209223246960746,spring,15
2025-04-09 23:15:00+00:00,2025-04-09 23:30:00+00:00,434.6863727340251,1.2331940460606445,spring,15
2025-04-09 23:30:00+00:00,2025-04-09 23:45:00+00:00,441.16915678804924,1.247612442913837,spring,15
2025-04-09 23:45:00+00:00,2025-04-10 00:00:00+00:00,445.4330988528508,1.2609473259522836,spring,15
2025-04-10 00:00:00+00:00,2025-04-10 00:15:00+00:00,448.65189586776313,1.2727199736751564,spring,15
2025-04-10 00:15:00+00:00,2025-04-10 00:30:00+00:00,453.0310228694193,1.2797671016329575,spring,15
2025-04-10 00:30:00+00:00,2025-04-10 00:45:00+00:00,458.398931661398,1.2960194371205973,spring,15
2025-04-10 00:45:00+00:00,2025-04-10 01:00:00+00:00,461.99330698342766,1.305784455572535,spring,15
2025-04-10 01:00:00+00:00,2025-04-10 01:15:00+00:00,468.8170585101591,1.3059877075430468,spring,15
2025-04-10 01:15:00+00:00,2025-04-10 01:30:00+00:00,474.255585284302,1.3169471052551922,spring,15
2025-04-10 01:30:00+00:00,2025-04-10 01:45:00+00:00,479.49348811039255,1.3367781952263353,spring,15
2025-04-10 01:45:00+00:00,2025-04-10 02:00:00+00:00,483.09742476359315,1.3453683580575166,spring,15
2025-04-10 02:00:00+00:00,2025-04-10 02:15:00+00:00,488.7643121671035,1.3623593326342511,spring,15
2025-04-10 02:15:00+00:00,2025-04-10 02:30:00+00:00,494.74716997013786,1.3781375310626454,spring,15
2025-04-10 02:30:00+00:00,2025-04-10 02:45:00+00:00,496.56442308113986,1.3990238589714057,spring,15
2025-04-10 02:45:00+00:00,2025-04-10 03:00:00+00:00,498.79320755508905,1.3995809790376172,spring,15
2025-04-10 03:00:00+00:00,2025-04-10 03:15:00+00:00,506.6242701851085,1.394245637990399,spring,15
2025-04-10 03:15:00+00:00,2025-04-10 03:30:00+00:00,508.53717191622735,1.399407384908388,spring,15
2025-04-10 03:30:00+00:00,2025-04-10 03:45:00+00:00,502.014310801003,1.3836606522977297,spring,15
2025-04-10 03:45:00+00:00,2025-04-10 04:00:00+00:00,488.37491011847845,1.3661599065371257,spring,15
2025-04-10 04:00:00+00:00,2025-04-10 04:15:00+00:00,493.72433125034496,1.3609773773064062,spring,15
2025-04-10 04:15:00+00:00,2025-04-10 04:30:00+00:00,471.23319669230136,1.3932641978499574,spring,15
2025-04-10 04:30:00+00:00,2025-04-10 04:45:00+00:00,467.6574496399893,1.4269622414064913,spring,15
2025-04-10 04:45:00+00:00,2025-04-10 05:00:00+00:00,469.85161840216153,1.4288884754368916,spring,15
2025-04-10 05:00:00+00:00,2025-04-10 05:15:00+00:00,464.37484608380066,1.4368438504665664,spring,15
2025-04-10 05:15:00+00:00,2025-04-10 05:30:00+00:00,459.3151429709328,1.4294773061260615,spring,15
2025-04-10 05:30:00+00:00,2025-04-10 05:45:00+00:00,456.12900515442476,1.3967989815921755,spring,15
2025-04-10 05:45:00+00:00,2025-04-10 06:00:00+00:00,448.6015166557265,1.379513020573984,spring,15
2025-04-10 06:00:00+00:00,2025-04-10 06:15:00+00:00,439.7044606921028,1.3424291493994578,spring,15
2025-04-10 06:15:00+00:00,2025-04-10 06:30:00+00:00,432.41214444080583,1.2957298846266545,spring,15
2025-04-10 06:30:00+00:00,2025-04-10 06:45:00+00:00,424.9066765060007,1.2342869216926442,spring,15
2025-04-10 06:45:00+00:00,2025-04-10 07:00:00+00:00,417.5636265049401,1.1735325304339745,spring,15
2025-04-10 07:00:00+00:00,2025-04-10 07:15:00+00:00,397.09669041348417,1.162610778128172,spring,15
2025-04-10 07:15:00+00:00,2025-04-10 07:30:00+00:00,393.4031781699118,1.1524131536049638,spring,15
2025-04-10 07:30:00+00:00,2025-04-10 07:45:00+00:00,383.1736867402894,1.1109446120313629,spring,15
2025-04-10 07:45:00+00:00,2025-04-10 08:00:00+00:00,364.98146697011185,1.07674689188965,spring,15
2025-04-10 08:00:00+00:00,2025-04-10 08:15:00+00:00,342.82887475520965,1.0525041515442932,spring,15
2025-04-10 08:15:00+00:00,2025-04-10 08:30:00+00:00,330.0518150434518,0.9966559041761184,spring,15
2025-04-10 08:30:00+00:00,2025-04-10 08:45:00+00:00,320.82287898478035,1.004684859660752,spring,15
2025-04-10 08:45:00+00:00,2025-04-10 09:00:00+00:00,312.1618635020784,0.9541140436109651,spring,15
2025-04-10 09:00:00+00:00,2025-04-10 09:15:00+00:00,299.49911422400527,0.9122009420628172,spring,15
2025-04-10 09:15:00+00:00,2025-04-10 09:30:00+00:00,286.3596531322358,0.8911350373438676,spring,15
2025-04-10 09:30:00+00:00,2025-04-10 09:45:00+00:00,272.1729579624375,0.8452555475912017,spring,15
2025-04-10 09:45:00+00:00,2025-04-10 10:00:00+00:00,258.25499101656857,0.8154196122784862,spring,15
2025-04-10 10:00:00+00:00,2025-04-10 10:15:00+00:00,244.19293729451925,0.7901999385068638,spring,15
2025-04-10 10:15:00+00:00,2025-04-10 10:30:00+00:00,232.53951356527088,0.7640691298379906,spring,15
2025-04-10 10:30:00+00:00,2025-04-10 10:45:00+00:00,223.29079600873945,0.7802011887517306,spring,15
2025-04-10 10:45:00+00:00,2025-04-10 11:00:00+00:00,210.6592438702888,0.723666168565146,spring,15
2025-04-10 11:00:00+00:00,2025-04-10 11:15:00+00:00,197.22483421020718,0.7311982836244106,spring,15
2025-04-10 11:15:00+00:00,2025-04-10 11:30:00+00:00,190.12195538045953,0.6787869793973204,spring,15
2025-04-10 11:30:00+00:00,2025-04-10 11:45:00+00:00,184.32184110864821,0.6724822749195698,spring,15
2025-04-10 11:45:00+00:00,2025-04-10 12:00:00+00:00,181.7826635004104,0.6627762695798605,spring,15
2025-04-10 12:00:00+00:00,2025-04-10 12:15:00+00:00,176.2388731256611,0.6473348188419337,spring,15
2025-04-10 12:15:00+00:00,2025-04-10 12:30:00+00:00,172.85106701303076,0.6362240471627966,spring,15
2025-04-10 12:30:00+00:00,2025-04-10 12:45:00+00:00,171.97056555060502,0.6461823765109918,spring,15
2025-04-10 12:45:00+00:00,2025-04-10 13:00:00+00:00,171.88654730894302,0.6565343597390029,spring,15
2025-04-10 13:00:00+00:00,2025-04-10 13:15:00+00:00,172.70545004248683,0.6482846999527996,spring,15
2025-04-10 13:15:00+00:00,2025-04-10 13:30:00+00:00,172.70885606647224,0.6467204749906719,spring,15
2025-04-10 13:30:00+00:00,2025-04-10 13:45:00+00:00,174.73134821430006,0.6573377682601544,spring,15
2025-04-10 13:45:00+00:00,2025-04-10 14:00:00+00:00,176.5747283206215,0.6707908426089568,spring,15
2025-04-10 14:00:00+00:00,2025-04-10 14:15:00+00:00,182.22749834733312,0.7055322755436261,spring,15
2025-04-10 14:15:00+00:00,2025-04-10 14:30:00+00:00,187.52396908293906,0.7239241559093701,spring,15
2025-04-10 14:30:00+00:00,2025-04-10 14:45:00+00:00,192.0049716120427,0.7209412788381592,spring,15
2025-04-10 14:45:00+00:00,2025-04-10 15:00:00+00:00,204.31105781250403,0.7611704609809727,spring,15
2025-04-10 15:00:00+00:00,2025-04-10 15:15:00+00:00,222.34108394699004,0.7722711431196764,spring,15
2025-04-10 15:15:00+00:00,2025-04-10 15:30:00+00:00,241.20767100196792,0.8063423403181308,spring,15
2025-04-10 15:30:00+00:00,2025-04-10 15:45:00+00:00,270.5794076853021,0.8708457827581395,spring,15
2025-04-10 15:45:00+00:00,2025-04-10 16:00:00+00:00,294.6108250003526,0.9079021790015936,spring,15
2025-04-10 16:00:00+00:00,2025-04-10 16:15:00+00:00,312.7624330709326,0.9357655967068298,spring,15
2025-04-10 16:15:00+00:00,2025-04-10 16:30:00+00:00,324.37349428432896,0.9719848996872437,spring,15
2025-04-10 16:30:00+00:00,2025-04-10 16:45:00+00:00,333.0680294847953,0.9967752726895143,spring,15
2025-04-10 16:45:00+00:00,2025-04-10 17:00:00+00:00,341.8494801944219,1.0313656576398516,spring,15
2025-04-10 17:00:00+00:00,2025-04-10 17:15:00+00:00,356.93792876323096,1.0749235643565445,spring,15
2025-04-10 17:15:00+00:00,2025-04-10 17:30:00+00:00,357.7571302986235,1.0701230541568059,spring,15
2025-04-10 17:30:00+00:00,2025-04-10 17:45:00+00:00,360.1790834952466,1.072568957793762,spring,15
2025-04-10 17:45:00+00:00,2025-04-10 18:00:00+00:00,360.5655334571097,1.068644640875724,spring,15
2025-04-10 18:00:00+00:00,2025-04-10 18:15:00+00:00,354.8462622956386,1.0506590049861675,spring,15
2025-04-10 18:15:00+00:00,2025-04-10 18:30:00+00:00,352.96610513327465,1.0391278107147577,spring,15
2025-04-10 18:30:00+00:00,2025-04-10 18:45:00+00:00,348.4406164097182,1.0272551230366358,spring,15
2025-04-10 18:45:00+00:00,2025-04-10 19:00:00+00:00,350.05177153848507,1.0369377311504302,spring,15
2025-04-10 19:00:00+00:00,2025-04-10 19:15:00+00:00,336.7881613364949,1.029811384272794,spring,15
2025-04-10 19:15:00+00:00,2025-04-10 19:30:00+00:00,335.5176564613694,0.9926341276541515,spring,15
2025-04-10 19:30:00+00:00,2025-04-10 19:45:00+00:00,332.9199155742899,0.9998783124683768,spring,15
2025-04-10 19:45:00+00:00,2025-04-10 20:00:00+00:00,331.24488147511835,0.9903483490248004,spring,15
2025-04-10 20:00:00+00:00,2025-04-10 20:15:00+00:00,323.3082953376518,0.979679153923786,spring,15
2025-04-10 20:15:00+00:00,2025-04-10 20:30:00+00:00,322.5421821282166,0.9362415316562747,spring,15
2025-04-10 20:30:00+00:00,2025-04-10 20:45:00+00:00,322.0221347418968,0.9410395890563034,spring,15
2025-04-10 20:45:00+00:00,2025-04-10 21:00:00+00:00,320.22510024545505,0.9351985962133035,spring,15
2025-04-10 21:00:00+00:00,2025-04-10 21:15:00+00:00,316.8929643369465,0.9507913235100547,spring,15
2025-04-10 21:15:00+00:00,2025-04-10 21:30:00+00:00,312.48306568697353,0.9304761818158958,spring,15
2025-04-10 21:30:00+00:00,2025-04-10 21:45:00+00:00,306.4857673134209,0.9171829058011983,spring,15
2025-04-10 21:45:00+00:00,2025-04-10 22:00:00+00:00,299.4124217684665,0.9101233984159929,spring,15
2025-04-10 22:00:00+00:00,2025-04-10 22:15:00+00:00,284.97885102717805,0.8952158278665172,spring,15
2025-04-10 22:15:00+00:00,2025-04-10 22:30:00+00:00,278.5798663377383,0.8877822580456161,spring,15
2025-04-10 22:30:00+00:00,2025-04-10 22:45:00+00:00,273.79904840845785,0.880276801659701,spring,15
2025-04-10 22:45:00+00:00,2025-04-10 23:00:00+00:00,272.30596895888095,0.8761553923393901,spring,15
2025-04-10 23:00:00+00:00,2025-04-10 23:15:00+00:00,269.2001690566303,0.8724880295121683,spring,15
2025-04-10 23:15:00+00:00,2025-04-10 23:30:00+00:00,269.29499383399525,0.8794762208436617,spring,15
2025-04-10 23:30:00+00:00,2025-04-10 23:45:00+00:00,270.03112539493975,0.886551201424055,spring,15
2025-04-10 23:45:00+00:00,2025-04-11 00:00:00+00:00,273.0788250653511,0.884756756600737,spring,15
2025-04-11 00:00:00+00:00,2025-04-11 00:15:00+00:00,277.8190785727172,0.9057639099048173,spring,15
2025-04-11 00:15:00+00:00,2025-04-11 00:30:00+00:00,280.15993661777946,0.9113230072579146,spring,15
2025-04-11 00:30:00+00:00,2025-04-11 00:45:00+00:00,282.04233825866635,0.9127012358050179,spring,15
2025-04-11 00:45:00+00:00,2025-04-11 01:00:00+00:00,284.50758745974014,0.9123087047629687,spring,15
2025-04-11 01:00:00+00:00,2025-04-11 01:15:00+00:00,291.3519548606741,0.9323153270663209,spring,15
2025-04-11 01:15:00+00:00,2025-04-11 01:30:00+00:00,296.0497665211427,0.9315152039819969,spring,15
2025-04-11 01:30:00+00:00,2025-04-11 01:45:00+00:00,298.9623341573016,0.9367723969895895,spring,15
2025-04-11 01:45:00+00:00,2025-04-11 02:00:00+00:00,300.7128282712948,0.94717465446415,spring,15
2025-04-11 02:00:00+00:00,2025-04-11 02:15:00+00:00,302.3528066443657,0.9571590334679818,spring,15
2025-04-11 02:15:00+00:00,2025-04-11 02:30:00+00:00,305.52082815640847,0.9448560035016805,spring,15
2025-04-11 02:30:00+00:00,2025-04-11 02:45:00+00:00,308.237578067894,0.9531056298716004,spring,15
2025-04-11 02:45:00+00:00,2025-04-11 03:00:00+00:00,311.4093394774837,0.9592591608576893,spring,15
2025-04-11 03:00:00+00:00,2025-04-11 03:15:00+00:00,305.3447364271855,0.9514266619135635,spring,15
2025-04-11 03:15:00+00:00,2025-04-11 03:30:00+00:00,307.4859931129879,0.9529682595454175,spring,15
2025-04-11 03:30:00+00:00,2025-04-11 03:45:00+00:00,302.4499301049184,0.9459984363067903,spring,15
2025-04-11 03:45:00+00:00,2025-04-11 04:00:00+00:00,303.6561785067255,0.9320541564474047,spring,15
2025-04-11 04:00:00+00:00,2025-04-11 04:15:00+00:00,300.51209835790286,0.9193978960593895,spring,15
2025-04-11 04:15:00+00:00,2025-04-11 04:30:00+00:00,296.00768559632763,0.9942385704209237,spring,15
2025-04-11 04:30:00+00:00,2025-04-11 04:45:00+00:00,293.62086176478226,1.0163738553495179,spring,15
2025-04-11 04:45:00+00:00,2025-04-11 05:00:00+00:00,292.1557583337494,1.0285324217110547,spring,15
2025-04-11 05:00:00+00:00,2025-04-11 05:15:00+00:00,286.8805520067811,1.0151379967460261,spring,15
2025-04-11 05:15:00+00:00,2025-04-11 05:30:00+00:00,284.2326694901948,1.0204270492728504,spring,15
2025-04-11 05:30:00+00:00,2025-04-11 05:45:00+00:00,281.78368417739625,0.9773247067050701,spring,15
2025-04-11 05:45:00+00:00,2025-04-11 06:00:00+00:00,280.9385124370321,0.9379597574146085,spring,15
2025-04-11 06:00:00+00:00,2025-04-11 06:15:00+00:00,275.3070412530162,0.9603077335253885,spring,15
2025-04-11 06:15:00+00:00,2025-04-11 06:30:00+00:00,269.60810915180906,0.9071082228643994,spring,15
2025-04-11 06:30:00+00:00,2025-04-11 06:45:00+00:00,265.3778974116043,0.8387682151747441,spring,15
2025-04-11 06:45:00+00:00,2025-04-11 07:00:00+00:00,258.9258325152173,0.8263851295214313,spring,15
2025-04-11 07:00:00+00:00,2025-04-11 07:15:00+00:00,240.04700419177382,0.799513671554231,spring,15
2025-04-11 07:15:00+00:00,2025-04-11 07:30:00+00:00,237.07492005717344,0.7590860655345908,spring,15
2025-04-11 07:30:00+00:00,2025-04-11 07:45:00+00:00,227.38014663385601,0.7562362563925525,spring,15
2025-04-11 07:45:00+00:00,2025-04-11 08:00:00+00:00,212.60029916732563,0.7108944740656938,spring,15
2025-04-11 08:00:00+00:00,2025-04-11 08:15:00+00:00,195.15110066241354,0.6715124012754469,spring,15
2025-04-11 08:15:00+00:00,2025-04-11 08:30:00+00:00,186.17172701786765,0.6296903605316729,spring,15
2025-04-11 08:30:00+00:00,2025-04-11 08:45:00+00:00,178.9967270608958,0.6109490735559528,spring,15
2025-04-11 08:45:00+00:00,2025-04-11 09:00:00+00:00,169.57100483669544,0.5903365533159722,spring,15
2025-04-11 09:00:00+00:00,2025-04-11 09:15:00+00:00,154.30114881046373,0.559287277029468,spring,15
2025-04-11 09:15:00+00:00,2025-04-11 09:30:00+00:00,147.93411701883497,0.5449016029040253,spring,15
2025-04-11 09:30:00+00:00,2025-04-11 09:45:00+00:00,143.40041385624806,0.5293877158523573,spring,15
2025-04-11 09:45:00+00:00,2025-04-11 10:00:00+00:00,139.35506146063378,0.5197795740925655,spring,15
2025-04-11 10:00:00+00:00,2025-04-11 10:15:00+00:00,139.12208450269037,0.5257843675181434,spring,15
2025-04-11 10:15:00+00:00,2025-04-11 10:30:00+00:00,136.46807623773265,0.5288715443358881,spring,15
2025-04-11 10:30:00+00:00,2025-04-11 10:45:00+00:00,135.0753347186068,0.5297811404027625,spring,15
2025-04-11 10:45:00+00:00,2025-04-11 11:00:00+00:00,133.5965136006011,0.5266101149686883,spring,15
2025-04-11 11:00:00+00:00,2025-04-11 11:15:00+00:00,130.50654554433638,0.5200864842415059,spring,15
2025-04-11 11:15:00+00:00,2025-04-11 11:30:00+00:00,129.77168175117473,0.5169365757163573,spring,15
2025-04-11 11:30:00+00:00,2025-04-11 11:45:00+00:00,129.51103690719432,0.528336985456972,spring,15
2025-04-11 11:45:00+00:00,2025-04-11 12:00:00+00:00,129.02426683648108,0.5335196284389383,spring,15
2025-04-11 12:00:00+00:00,2025-04-11 12:15:00+00:00,128.38069868625982,0.5382622548026152,spring,15
2025-04-11 12:15:00+00:00,2025-04-11 12:30:00+00:00,128.85345249201876,0.5386030787199352,spring,15
2025-04-11 12:30:00+00:00,2025-04-11 12:45:00+00:00,130.3691628657413,0.5446173620635284,spring,15
2025-04-11 12:45:00+00:00,2025-04-11 13:00:00+00:00,133.2927960426444,0.5547744234057723,spring,15
2025-04-11 13:00:00+00:00,2025-04-11 13:15:00+00:00,135.26050821195247,0.5596339833626897,spring,15
2025-04-11 13:15:00+00:00,2025-04-11 13:30:00+00:00,137.73699741248484,0.5673386409144804,spring,15
2025-04-11 13:30:00+00:00,2025-04-11 13:45:00+00:00,142.59618809378753,0.5808365388088342,spring,15
2025-04-11 13:45:00+00:00,2025-04-11 14:00:00+00:00,148.87791904082346,0.5969918421101668,spring,15
2025-04-11 14:00:00+00:00,2025-04-11 14:15:00+00:00,158.2314106350021,0.6186344892091272,spring,15
2025-04-11 14:15:00+00:00,2025-04-11 14:30:00+00:00,169.6091074860124,0.6505153324380478,spring,15
2025-04-11 14:30:00+00:00,2025-04-11 14:45:00+00:00,179.2274963728553,0.6805526025742158,spring,15
2025-04-11 14:45:00+00:00,2025-04-11 15:00:00+00:00,201.3095314599528,0.7281880443663632,spring,15
2025-04-11 15:00:00+00:00,2025-04-11 15:15:00+00:00,224.22047651246672,0.7693424327796782,spring,15
2025-04-11 15:15:00+00:00,2025-04-11 15:30:00+00:00,247.06210371450052,0.8291198607151188,spring,15
2025-04-11 15:30:00+00:00,2025-04-11 15:45:00+00:00,270.5953184117604,0.8815654357420952,spring,15
2025-04-11 15:45:00+00:00,2025-04-11 16:00:00+00:00,290.11449322935135,0.9456120748695301,spring,15
2025-04-11 16:00:00+00:00,2025-04-11 16:15:00+00:00,313.5412748349733,0.9586156235581,spring,15
2025-04-11 16:15:00+00:00,2025-04-11 16:30:00+00:00,331.53895151946057,1.0273937103632171,spring,15
2025-04-11 16:30:00+00:00,2025-04-11 16:45:00+00:00,342.9037383803094,1.0858348145394443,spring,15
2025-04-11 16:45:00+00:00,2025-04-11 17:00:00+00:00,344.28382717324473,1.0941627350242444,spring,15
2025-04-11 17:00:00+00:00,2025-04-11 17:15:00+00:00,361.0514983137434,1.18785947450486,spring,15
2025-04-11 17:15:00+00:00,2025-04-11 17:30:00+00:00,369.45125572103956,1.2895316681984577,spring,15
2025-04-11 17:30:00+00:00,2025-04-11 17:45:00+00:00,374.22051649322475,1.4071640236043135,spring,15
2025-04-11 17:45:00+00:00,2025-04-11 18:00:00+00:00,383.8140606610657,1.4328795639308547,spring,15
2025-04-11 18:00:00+00:00,2025-04-11 18:15:00+00:00,384.0048436451883,1.4400357677991618,spring,15
2025-04-11 18:15:00+00:00,2025-04-11 18:30:00+00:00,389.5680814956217,1.3863448973954877,spring,15
2025-04-11 18:30:00+00:00,2025-04-11 18:45:00+00:00,389.5703709453975,1.385123656402925,spring,15
2025-04-11 18:45:00+00:00,2025-04-11 19:00:00+00:00,391.34307195034603,1.3467370616408423,spring,15
2025-04-11 19:00:00+00:00,2025-04-11 19:15:00+00:00,393.5442180615996,1.328197872298125,spring,15
2025-04-11 19:15:00+00:00,2025-04-11 19:30:00+00:00,404.4277607359118,1.323092234425491,spring,15
2025-04-11 19:30:00+00:00,2025-04-11 19:45:00+00:00,406.54119809001776,1.3049773051954228,spring,15
2025-04-11 19:45:00+00:00,2025-04-11 20:00:00+00:00,414.62613541187255,1.3012689077743338,spring,15
2025-04-11 20:00:00+00:00,2025-04-11 20:15:00+00:00,418.0816380577576,1.3118993849714877,spring,15
2025-04-11 20:15:00+00:00,2025-04-11 20:30:00+00:00,423.21884836707017,1.325508310701123,spring,15
2025-04-11 20:30:00+00:00,2025-04-11 20:45:00+00:00,430.6162271609531,1.340395130884184,spring,15
2025-04-11 20:45:00+00:00,2025-04-11 21:00:00+00:00,437.70264664045436,1.375857126998583,spring,15
2025-04-11 21:00:00+00:00,2025-04-11 21:15:00+00:00,429.083025986443,1.3804154194722873,spring,15
2025-04-11 21:15:00+00:00,2025-04-11 21:30:00+00:00,438.5359501888764,1.350618973576035,spring,15
2025-04-11 21:30:00+00:00,2025-04-11 21:45:00+00:00,447.96414127641873,1.370708496261175,spring,15
2025-04-11 21:45:00+00:00,2025-04-11 22:00:00+00:00,451.127878075035,1.3868007006114758,spring,15
2025-04-11 22:00:00+00:00,2025-04-11 22:15:00+00:00,448.03653633872966,1.3779382097856792,spring,15
2025-04-11 22:15:00+00:00,2025-04-11 22:30:00+00:00,454.623907790739,1.4000621183887525,spring,15
2025-04-11 22:30:00+00:00,2025-04-11 22:45:00+00:00,462.08795940168494,1.4279501092660276,spring,15
2025-04-11 22:45:00+00:00,2025-04-11 23:00:00+00:00,466.61357024835235,1.4403084238238888,spring,15
2025-04-11 23:00:00+00:00,2025-04-11 23:15:00+00:00,471.6090401869538,1.4744671982611934,spring,15
2025-04-11 23:15:00+00:00,2025-04-11 23:30:00+00:00,485.5503342157904,1.512707522428735,spring,15
2025-04-11 23:30:00+00:00,2025-04-11 23:45:00+00:00,491.524103579014,1.5101375160400934,spring,15
2025-04-11 23:45:00+00:00,2025-04-12 00:00:00+00:00,501.4878412452235,1.5332366505239268,spring,15
2025-04-12 00:00:00+00:00,2025-04-12 00:15:00+00:00,496.12935508742623,1.5335954708136952,spring,15
2025-04-12 00:15:00+00:00,2025-04-12 00:30:00+00:00,502.75036346982404,1.5525617322582215,spring,15
2025-04-12 00:30:00+00:00,2025-04-12 00:45:00+00:00,503.9056992955469,1.5555947943085746,spring,15
2025-04-12 00:45:00+00:00,2025-04-12 01:00:00+00:00,505.9491811854046,1.5514261206841955,spring,15
2025-04-12 01:00:00+00:00,2025-04-12 01:15:00+00:00,504.69838738934556,1.555194513233614,spring,15
2025-04-12 01:15:00+00:00,2025-04-12 01:30:00+00:00,506.25332867139264,1.5465951015780015,spring,15
2025-04-12 01:30:00+00:00,2025-04-12 01:45:00+00:00,509.49029284159707,1.5573505592638974,spring,15
2025-04-12 01:45:00+00:00,2025-04-12 02:00:00+00:00,510.69847136729857,1.5581986093069395,spring,15
2025-04-12 02:00:00+00:00,2025-04-12 02:15:00+00:00,510.98628942846,1.5616162440797183,spring,15
2025-04-12 02:15:00+00:00,2025-04-12 02:30:00+00:00,507.02273429558494,1.561693919111823,spring,15
2025-04-12 02:30:00+00:00,2025-04-12 02:45:00+00:00,509.97616906844524,1.578206763527667,spring,15
2025-04-12 02:45:00+00:00,2025-04-12 03:00:00+00:00,511.1160140659164,1.580808382680379,spring,15
2025-04-12 03:00:00+00:00,2025-04-12 03:15:00+00:00,519.6420766009911,1.6093913767559762,spring,15
2025-04-12 03:15:00+00:00,2025-04-12 03:30:00+00:00,511.6214892451543,1.592391131348843,spring,15
2025-04-12 03:30:00+00:00,2025-04-12 03:45:00+00:00,506.7575717463308,1.5878551615159566,spring,15
2025-04-12 03:45:00+00:00,2025-04-12 04:00:00+00:00,503.9266907777977,1.607244380365984,spring,15
2025-04-12 04:00:00+00:00,2025-04-12 04:15:00+00:00,478.28506734712835,1.4876105754884013,spring,15
2025-04-12 04:15:00+00:00,2025-04-12 04:30:00+00:00,471.5660793317196,1.4673470370578794,spring,15
2025-04-12 04:30:00+00:00,2025-04-12 04:45:00+00:00,468.6976311983795,1.459598602394221,spring,15
2025-04-12 04:45:00+00:00,2025-04-12 05:00:00+00:00,460.1482960303146,1.4454957968647404,spring,15
2025-04-12 05:00:00+00:00,2025-04-12 05:15:00+00:00,449.0020603468193,1.418665160829386,spring,15
2025-04-12 05:15:00+00:00,2025-04-12 05:30:00+00:00,440.97903391681865,1.3639601480820975,spring,15
2025-04-12 05:30:00+00:00,2025-04-12 05:45:00+00:00,428.9964237953525,1.3188504139388677,spring,15
2025-04-12 05:45:00+00:00,2025-04-12 06:00:00+00:00,423.5948760361613,1.3088097498615632,spring,15
2025-04-12 06:00:00+00:00,2025-04-12 06:15:00+00:00,384.8962839886,1.2240472481200673,spring,15
2025-04-12 06:15:00+00:00,2025-04-12 06:30:00+00:00,360.4182216060682,1.1747543644507397,spring,15
2025-04-12 06:30:00+00:00,2025-04-12 06:45:00+00:00,326.4070933648798,1.0889603377022548,spring,15
2025-04-12 06:45:00+00:00,2025-04-12 07:00:00+00:00,304.91533984006713,1.0442044966931459,spring,15
2025-04-12 07:00:00+00:00,2025-04-12 07:15:00+00:00,268.8083122527356,0.9791932440393591,spring,15
2025-04-12 07:15:00+00:00,2025-04-12 07:30:00+00:00,247.1759401841103,0.935774694039933,spring,15
2025-04-12 07:30:00+00:00,2025-04-12 07:45:00+00:00,219.5903261828291,0.8827575277540056,spring,15
2025-04-12 07:45:00+00:00,2025-04-12 08:00:00+00:00,187.65539820253585,0.8246168744920265,spring,15
2025-04-12 08:00:00+00:00,2025-04-12 08:15:00+00:00,165.33762255600766,0.7698684924454097,spring,15
2025-04-12 08:15:00+00:00,2025-04-12 08:30:00+00:00,154.1460454561707,0.7375008549298817,spring,15
2025-04-12 08:30:00+00:00,2025-04-12 08:45:00+00:00,144.72911430463895,0.7050682769241778,spring,15
2025-04-12 08:45:00+00:00,2025-04-12 09:00:00+00:00,138.73296034947413,0.6640903281398088,spring,15
2025-04-12 09:00:00+00:00,2025-04-12 09:15:00+00:00,133.40090711287428,0.6284489875436351,spring,15
2025-04-12 09:15:00+00:00,2025-04-12 09:30:00+00:00,131.50338200431102,0.6032385176297187,spring,15
2025-04-12 09:30:00+00:00,2025-04-12 09:45:00+00:00,128.95694726659087,0.5879925675849921,spring,15
2025-04-12 09:45:00+00:00,2025-04-12 10:00:00+00:00,127.25123712692798,0.5807845650299871,spring,15
2025-04-12 10:00:00+00:00,2025-04-12 10:15:00+00:00,128.23851029857963,0.5907950605400177,spring,15
2025-04-12 10:15:00+00:00,2025-04-12 10:30:00+00:00,126.27354727271069,0.5861795430242128,spring,15
2025-04-12 10:30:00+00:00,2025-04-12 10:45:00+00:00,126.5307971686794,0.5857591987957508,spring,15
2025-04-12 10:45:00+00:00,2025-04-12 11:00:00+00:00,125.98743987292849,0.5809498911925979,spring,15
2025-04-12 11:00:00+00:00,2025-04-12 11:15:00+00:00,124.88126401141776,0.566112396402853,spring,15
2025-04-12 11:15:00+00:00,2025-04-12 11:30:00+00:00,125.10473907993659,0.559303857932518,spring,15
2025-04-12 11:30:00+00:00,2025-04-12 11:45:00+00:00,125.56695935153671,0.5638261900394583,spring,15
2025-04-12 11:45:00+00:00,2025-04-12 12:00:00+00:00,125.2038722523824,0.5573893743432264,spring,15
2025-04-12 12:00:00+00:00,2025-04-12 12:15:00+00:00,125.07438795262036,0.5713634152725479,spring,15
2025-04-12 12:15:00+00:00,2025-04-12 12:30:00+00:00,126.21641719084062,0.5731222679080217,spring,15
2025-04-12 12:30:00+00:00,2025-04-12 12:45:00+00:00,127.2262077145292,0.5806462322525574,spring,15
2025-04-12 12:45:00+00:00,2025-04-12 13:00:00+00:00,128.51679689261917,0.580017155435229,spring,15
2025-04-12 13:00:00+00:00,2025-04-12 13:15:00+00:00,130.15565164651616,0.5865743001705741,spring,15
2025-04-12 13:15:00+00:00,2025-04-12 13:30:00+00:00,131.112629225285,0.5909953140695753,spring,15
2025-04-12 13:30:00+00:00,2025-04-12 13:45:00+00:00,132.19959204213606,0.5979997711052918,spring,15
2025-04-12 13:45:00+00:00,2025-04-12 14:00:00+00:00,134.061068201863,0.6091433594303124,spring,15
2025-04-12 14:00:00+00:00,2025-04-12 14:15:00+00:00,138.5683160498213,0.6375670003690866,spring,15
2025-04-12 14:15:00+00:00,2025-04-12 14:30:00+00:00,141.00947038780754,0.6551338725448967,spring,15
2025-04-12 14:30:00+00:00,2025-04-12 14:45:00+00:00,144.28645055555288,0.6840898088616766,spring,15
2025-04-12 14:45:00+00:00,2025-04-12 15:00:00+00:00,148.09194515857087,0.7125063917058049,spring,15
2025-04-12 15:00:00+00:00,2025-04-12 15:15:00+00:00,156.54669583126983,0.7678382172912713,spring,15
2025-04-12 15:15:00+00:00,2025-04-12 15:30:00+00:00,168.17194346171428,0.8105369387781333,spring,15
2025-04-12 15:30:00+00:00,2025-04-12 15:45:00+00:00,189.37224686001488,0.8621366057022429,spring,15
2025-04-12 15:45:00+00:00,2025-04-12 16:00:00+00:00,218.2881228678046,0.9166708917478034,spring,15
2025-04-12 16:00:00+00:00,2025-04-12 16:15:00+00:00,245.6557249719507,0.9876851267046594,spring,15
2025-04-12 16:15:00+00:00,2025-04-12 16:30:00+00:00,265.7734670717987,1.0447122076808057,spring,15
2025-04-12 16:30:00+00:00,2025-04-12 16:45:00+00:00,271.3551911598771,1.0767454557699943,spring,15
2025-04-12 16:45:00+00:00,2025-04-12 17:00:00+00:00,288.44296787372735,1.113257163590877,spring,15
2025-04-12 17:00:00+00:00,2025-04-12 17:15:00+00:00,294.09414826958925,1.1282326893560102,spring,15
2025-04-12 17:15:00+00:00,2025-04-12 17:30:00+00:00,299.2210156221896,1.1633337130672414,spring,15
2025-04-12 17:30:00+00:00,2025-04-12 17:45:00+00:00,297.01997787116005,1.1966527340320108,spring,15
2025-04-12 17:45:00+00:00,2025-04-12 18:00:00+00:00,294.395941819115,1.2231372628285408,spring,15
2025-04-12 18:00:00+00:00,2025-04-12 18:15:00+00:00,281.8370492798502,1.3534950309755023,spring,15
2025-04-12 18:15:00+00:00,2025-04-12 18:30:00+00:00,275.74034358327475,1.2165029746681004,spring,15
2025-04-12 18:30:00+00:00,2025-04-12 18:45:00+00:00,272.6974830803685,1.0455168955802157,spring,15
2025-04-12 18:45:00+00:00,2025-04-12 19:00:00+00:00,269.00857761130607,1.0273185991223956,spring,15
2025-04-12 19:00:00+00:00,2025-04-12 19:15:00+00:00,258.06240176483436,0.9701588163930983,spring,15
2025-04-12 19:15:00+00:00,2025-04-12 19:30:00+00:00,252.09129004292507,0.9536355377859997,spring,15
2025-04-12 19:30:00+00:00,2025-04-12 19:45:00+00:00,250.54349465764898,0.9450325866868947,spring,15
2025-04-12 19:45:00+00:00,2025-04-12 20:00:00+00:00,249.3148323383778,0.945846056515072,spring,15
2025-04-12 20:00:00+00:00,2025-04-12 20:15:00+00:00,240.57041416866267,0.9233661981640557,spring,15
2025-04-12 20:15:00+00:00,2025-04-12 20:30:00+00:00,235.9596508055506,0.8939464197425367,spring,15
2025-04-12 20:30:00+00:00,2025-04-12 20:45:00+00:00,232.68663624062523,0.8800148724106979,spring,15
2025-04-12 20:45:00+00:00,2025-04-12 21:00:00+00:00,221.0854542001987,0.8592576293959426,spring,15
2025-04-12 21:00:00+00:00,2025-04-12 21:15:00+00:00,214.03161022937965,0.8522442510922213,spring,15
2025-04-12 21:15:00+00:00,2025-04-12 21:30:00+00:00,209.88196349534485,0.8429690306840832,spring,15
2025-04-12 21:30:00+00:00,2025-04-12 21:45:00+00:00,205.01784014207922,0.8336163047867049,spring,15
2025-04-12 21:45:00+00:00,2025-04-12 22:00:00+00:00,201.00742865786586,0.8378141417110546,spring,15
2025-04-12 22:00:00+00:00,2025-04-12 22:15:00+00:00,192.82079422230953,0.8353018173780922,spring,15
2025-04-12 22:15:00+00:00,2025-04-12 22:30:00+00:00,191.63988620060792,0.8513040444365286,spring,15
2025-04-12 22:30:00+00:00,2025-04-12 22:45:00+00:00,194.2093105492865,0.8543804855522511,spring,15
2025-04-12 22:45:00+00:00,2025-04-12 23:00:00+00:00,193.53525843521982,0.8496782078165526,spring,15
2025-04-12 23:00:00+00:00,2025-04-12 23:15:00+00:00,190.59855313209033,0.8410878631062139,spring,15
2025-04-12 23:15:00+00:00,2025-04-12 23:30:00+00:00,190.2230058073087,0.8464412440472079,spring,15
2025-04-12 23:30:00+00:00,2025-04-12 23:45:00+00:00,190.00116919241452,0.851950834397185,spring,15
2025-04-12 23:45:00+00:00,2025-04-13 00:00:00+00:00,190.2330570301957,0.8472934679859939,spring,15
2025-04-13 00:00:00+00:00,2025-04-13 00:15:00+00:00,190.22400315596082,0.8629837638457483,spring,15
2025-04-13 00:15:00+00:00,2025-04-13 00:30:00+00:00,190.27281766980718,0.8754379525946234,spring,15
2025-04-13 00:30:00+00:00,2025-04-13 00:45:00+00:00,191.12304238804276,0.8709403404499715,spring,15
2025-04-13 00:45:00+00:00,2025-04-13 01:00:00+00:00,190.9670018361585,0.8606351336628092,spring,15
2025-04-13 01:00:00+00:00,2025-04-13 01:15:00+00:00,192.31816457894962,0.8894111726116659,spring,15
2025-04-13 01:15:00+00:00,2025-04-13 01:30:00+00:00,191.745208508861,0.8697717096787518,spring,15
2025-04-13 01:30:00+00:00,2025-04-13 01:45:00+00:00,189.64867997769122,0.8550563175219801,spring,15
2025-04-13 01:45:00+00:00,2025-04-13 02:00:00+00:00,189.68436517056173,0.8686156354860202,spring,15
2025-04-13 02:00:00+00:00,2025-04-13 02:15:00+00:00,190.17511067332373,0.8800423288552326,spring,15
2025-04-13 02:15:00+00:00,2025-04-13 02:30:00+00:00,189.12198152467013,0.862230288616777,spring,15
2025-04-13 02:30:00+00:00,2025-04-13 02:45:00+00:00,188.08749928721625,0.8714005596118118,spring,15
2025-04-13 02:45:00+00:00,2025-04-13 03:00:00+00:00,188.16747887969933,0.8719277866604725,spring,15
2025-04-13 03:00:00+00:00,2025-04-13 03:15:00+00:00,186.9130542024121,0.8708288648725991,spring,15
2025-04-13 03:15:00+00:00,2025-04-13 03:30:00+00:00,186.99618321090927,0.8501657322549759,spring,15
2025-04-13 03:30:00+00:00,2025-04-13 03:45:00+00:00,186.53283732526177,0.8591587288643077,spring,15
2025-04-13 03:45:00+00:00,2025-04-13 04:00:00+00:00,189.11065031410143,0.8899436011336184,spring,15
2025-04-13 04:00:00+00:00,2025-04-13 04:15:00+00:00,182.96062782955258,0.8412666676206565,spring,15
2025-04-13 04:15:00+00:00,2025-04-13 04:30:00+00:00,181.54507493220422,0.8315986464209503,spring,15
2025-04-13 04:30:00+00:00,2025-04-13 04:45:00+00:00,180.60076701125615,0.8196324590583269,spring,15
2025-04-13 04:45:00+00:00,2025-04-13 05:00:00+00:00,177.90007430615648,0.8145013687639222,spring,15
2025-04-13 05:00:00+00:00,2025-04-13 05:15:00+00:00,175.12592039069685,0.7994283255156132,spring,15
2025-04-13 05:15:00+00:00,2025-04-13 05:30:00+00:00,171.53515182427574,0.7986452689198308,spring,15
2025-04-13 05:30:00+00:00,2025-04-13 05:45:00+00:00,168.37729568266428,0.7780618077036948,spring,15
2025-04-13 05:45:00+00:00,2025-04-13 06:00:00+00:00,164.25319167492944,0.763138589559263,spring,15
2025-04-13 06:00:00+00:00,2025-04-13 06:15:00+00:00,157.09795140474802,0.7782490157659129,spring,15
2025-04-13 06:15:00+00:00,2025-04-13 06:30:00+00:00,155.68256553613176,0.74068831453699,spring,15
2025-04-13 06:30:00+00:00,2025-04-13 06:45:00+00:00,154.95267370497805,0.7361187059526229,spring,15
2025-04-13 06:45:00+00:00,2025-04-13 07:00:00+00:00,154.16284273938268,0.7283053485229205,spring,15
2025-04-13 07:00:00+00:00,2025-04-13 07:15:00+00:00,149.32363338179772,0.7438571173334259,spring,15
2025-04-13 07:15:00+00:00,2025-04-13 07:30:00+00:00,145.53566707380017,0.6986506176926032,spring,15
2025-04-13 07:30:00+00:00,2025-04-13 07:45:00+00:00,142.83910001562973,0.6917080714630405,spring,15
2025-04-13 07:45:00+00:00,2025-04-13 08:00:00+00:00,140.4460738688336,0.6399772035595636,spring,15
2025-04-13 08:00:00+00:00,2025-04-13 08:15:00+00:00,136.1662577087374,0.6337732696304212,spring,15
2025-04-13 08:15:00+00:00,2025-04-13 08:30:00+00:00,133.7452522020771,0.604735864751478,spring,15
2025-04-13 08:30:00+00:00,2025-04-13 08:45:00+00:00,130.6859335327382,0.5898379726581275,spring,15
2025-04-13 08:45:00+00:00,2025-04-13 09:00:00+00:00,127.81430802990673,0.5865524293335034,spring,15
2025-04-13 09:00:00+00:00,2025-04-13 09:15:00+00:00,129.2186977171264,0.6153245841933721,spring,15
2025-04-13 09:15:00+00:00,2025-04-13 09:30:00+00:00,129.4598167735344,0.5907556103325603,spring,15
2025-04-13 09:30:00+00:00,2025-04-13 09:45:00+00:00,127.39746332633995,0.5744641990209242,spring,15
2025-04-13 09:45:00+00:00,2025-04-13 10:00:00+00:00,127.16467410494542,0.5682515080746383,spring,15
2025-04-13 10:00:00+00:00,2025-04-13 10:15:00+00:00,128.1738258636557,0.561762166616674,spring,15
2025-04-13 10:15:00+00:00,2025-04-13 10:30:00+00:00,127.51525497006331,0.5554675289990545,spring,15
2025-04-13 10:30:00+00:00,2025-04-13 10:45:00+00:00,127.85707636352402,0.5554511844338879,spring,15
2025-04-13 10:45:00+00:00,2025-04-13 11:00:00+00:00,127.21699667647994,0.553001691210899,spring,15
2025-04-13 11:00:00+00:00,2025-04-13 11:15:00+00:00,128.15318794292068,0.5579329829939391,spring,15
2025-04-13 11:15:00+00:00,2025-04-13 11:30:00+00:00,125.33794448031094,0.5493630147968104,spring,15
2025-04-13 11:30:00+00:00,2025-04-13 11:45:00+00:00,125.43149325004896,0.5465729057959118,spring,15
2025-04-13 11:45:00+00:00,2025-04-13 12:00:00+00:00,126.27414910639297,0.5547606408548892,spring,15
2025-04-13 12:00:00+00:00,2025-04-13 12:15:00+00:00,126.62779855696395,0.5585124939295242,spring,15
2025-04-13 12:15:00+00:00,2025-04-13 12:30:00+00:00,125.95777072709548,0.5665469073432485,spring,15
2025-04-13 12:30:00+00:00,2025-04-13 12:45:00+00:00,127.51936041958524,0.5834723969296989,spring,15
2025-04-13 12:45:00+00:00,2025-04-13 13:00:00+00:00,127.6865028625673,0.588952837154998,spring,15
2025-04-13 13:00:00+00:00,2025-04-13 13:15:00+00:00,128.0761419675609,0.5884331389499221,spring,15
2025-04-13 13:15:00+00:00,2025-04-13 13:30:00+00:00,129.28952529156842,0.5859868885052021,spring,15
2025-04-13 13:30:00+00:00,2025-04-13 13:45:00+00:00,130.15228360724993,0.5956192794259506,spring,15
2025-04-13 13:45:00+00:00,2025-04-13 14:00:00+00:00,130.8897930074518,0.5990381125041354,spring,15
2025-04-13 14:00:00+00:00,2025-04-13 14:15:00+00:00,132.41651725499474,0.6087255106281699,spring,15
2025-04-13 14:15:00+00:00,2025-04-13 14:30:00+00:00,134.8388851310474,0.6214781759952035,spring,15
2025-04-13 14:30:00+00:00,2025-04-13 14:45:00+00:00,141.4598190682738,0.6467993194271014,spring,15
2025-04-13 14:45:00+00:00,2025-04-13 15:00:00+00:00,148.43033208801006,0.6811971852318366,spring,15
2025-04-13 15:00:00+00:00,2025-04-13 15:15:00+00:00,167.47153916999534,0.7064627666319843,spring,15
2025-04-13 15:15:00+00:00,2025-04-13 15:30:00+00:00,180.31473223456504,0.7279230465655371,spring,15
2025-04-13 15:30:00+00:00,2025-04-13 15:45:00+00:00,202.7775703130132,0.7795507918571868,spring,15
2025-04-13 15:45:00+00:00,2025-04-13 16:00:00+00:00,226.4236808452304,0.8428904907873638,spring,15
2025-04-13 16:00:00+00:00,2025-04-13 16:15:00+00:00,262.5413777800197,0.9235545246257537,spring,15
2025-04-13 16:15:00+00:00,2025-04-13 16:30:00+00:00,287.28057423500036,0.9816942670796486,spring,15
2025-04-13 16:30:00+00:00,2025-04-13 16:45:00+00:00,304.76638273420923,1.0531667412367953,spring,15
2025-04-13 16:45:00+00:00,2025-04-13 17:00:00+00:00,320.9260397188593,1.0625196328068112,spring,15
2025-04-13 17:00:00+00:00,2025-04-13 17:15:00+00:00,353.9663831383471,1.1819623498084753,spring,15
2025-04-13 17:15:00+00:00,2025-04-13 17:30:00+00:00,367.9749529763984,1.2219732767990645,spring,15
2025-04-13 17:30:00+00:00,2025-04-13 17:45:00+00:00,380.5006888807115,1.2545583654145598,spring,15
2025-04-13 17:45:00+00:00,2025-04-13 18:00:00+00:00,394.12503497869545,1.2819666323487,spring,15
2025-04-13 18:00:00+00:00,2025-04-13 18:15:00+00:00,396.1301949722089,1.2703491156490754,spring,15
2025-04-13 18:15:00+00:00,2025-04-13 18:30:00+00:00,418.64759079845186,1.3351846911913623,spring,15
2025-04-13 18:30:00+00:00,2025-04-13 18:45:00+00:00,420.8673440568733,1.3476203378666312,spring,15
2025-04-13 18:45:00+00:00,2025-04-13 19:00:00+00:00,427.0806403055611,1.3707975470580014,spring,15
2025-04-13 19:00:00+00:00,2025-04-13 19:15:00+00:00,420.79504159937335,1.3415617440906353,spring,15
2025-04-13 19:15:00+00:00,2025-04-13 19:30:00+00:00,440.2860382658445,1.4113369287032436,spring,15
2025-04-13 19:30:00+00:00,2025-04-13 19:45:00+00:00,447.28218448020266,1.4496310192492137,spring,15
2025-04-13 19:45:00+00:00,2025-04-13 20:00:00+00:00,458.1380202420825,1.4618132369557237,spring,15
2025-04-13 20:00:00+00:00,2025-04-13 20:15:00+00:00,454.41922070158233,1.477987754304082,spring,15
2025-04-13 20:15:00+00:00,2025-04-13 20:30:00+00:00,457.102610244128,1.4718321586886143,spring,15
2025-04-13 20:30:00+00:00,2025-04-13 20:45:00+00:00,466.9459093175277,1.5037174036042897,spring,15
2025-04-13 20:45:00+00:00,2025-04-13 21:00:00+00:00,474.46321418524434,1.472922793159387,spring,15
2025-04-13 21:00:00+00:00,2025-04-13 21:15:00+00:00,489.55721815771005,1.5226108083432455,spring,15
2025-04-13 21:15:00+00:00,2025-04-13 21:30:00+00:00,502.914663408369,1.539760616818152,spring,15
2025-04-13 21:30:00+00:00,2025-04-13 21:45:00+00:00,510.09570658283724,1.5372185763884563,spring,15
2025-04-13 21:45:00+00:00,2025-04-13 22:00:00+00:00,518.7278044463254,1.5430623112250692,spring,15
2025-04-13 22:00:00+00:00,2025-04-13 22:15:00+00:00,508.42720131037606,1.5069464791274498,spring,15
2025-04-13 22:15:00+00:00,2025-04-13 22:30:00+00:00,532.8357234425596,1.596893723259356,spring,15
2025-04-13 22:30:00+00:00,2025-04-13 22:45:00+00:00,536.2628157468982,1.6536548714933417,spring,15
2025-04-13 22:45:00+00:00,2025-04-13 23:00:00+00:00,545.8393731076206,1.6678485787322637,spring,15
2025-04-13 23:00:00+00:00,2025-04-13 23:15:00+00:00,549.0158370285324,1.7468497503168456,spring,15
2025-04-13 23:15:00+00:00,2025-04-13 23:30:00+00:00,559.4876195016293,1.7592957982736714,spring,15
2025-04-13 23:30:00+00:00,2025-04-13 23:45:00+00:00,561.7397934651979,1.7883784151608466,spring,15
2025-04-13 23:45:00+00:00,2025-04-14 00:00:00+00:00,566.909978332589,1.7593086822959818,spring,15
2025-04-14 00:00:00+00:00,2025-04-14 00:15:00+00:00,563.5161798686916,1.8042132888724147,spring,15
2025-04-14 00:15:00+00:00,2025-04-14 00:30:00+00:00,565.7760070516586,1.7844058524138802,spring,15
2025-04-14 00:30:00+00:00,2025-04-14 00:45:00+00:00,561.4095169175594,1.7771998445726067,spring,15
2025-04-14 00:45:00+00:00,2025-04-14 01:00:00+00:00,558.6223264891639,1.7345978628876126,spring,15
2025-04-14 01:00:00+00:00,2025-04-14 01:15:00+00:00,548.3428242423971,1.7274711046940714,spring,15
2025-04-14 01:15:00+00:00,2025-04-14 01:30:00+00:00,548.7938577810039,1.7277783494273706,spring,15
2025-04-14 01:30:00+00:00,2025-04-14 01:45:00+00:00,549.6153652313936,1.7054447066117382,spring,15
2025-04-14 01:45:00+00:00,2025-04-14 02:00:00+00:00,547.5551642458222,1.7115544096467579,spring,15
2025-04-14 02:00:00+00:00,2025-04-14 02:15:00+00:00,546.3701068190438,1.6699880481289813,spring,15
2025-04-14 02:15:00+00:00,2025-04-14 02:30:00+00:00,538.8618441885047,1.6328096812744683,spring,15
2025-04-14 02:30:00+00:00,2025-04-14 02:45:00+00:00,536.3138500755842,1.600206979053266,spring,15
2025-04-14 02:45:00+00:00,2025-04-14 03:00:00+00:00,539.8974382378259,1.5881232062504802,spring,15
2025-04-14 03:00:00+00:00,2025-04-14 03:15:00+00:00,543.1464199363385,1.5893969618862933,spring,15
2025-04-14 03:15:00+00:00,2025-04-14 03:30:00+00:00,546.306622185937,1.5878642825550326,spring,15
2025-04-14 03:30:00+00:00,2025-04-14 03:45:00+00:00,543.5175001553896,1.5865726674097738,spring,15
2025-04-14 03:45:00+00:00,2025-04-14 04:00:00+00:00,527.9073595967275,1.5729924286711057,spring,15
2025-04-14 04:00:00+00:00,2025-04-14 04:15:00+00:00,521.7149023448908,1.4740511478198,spring,15
2025-04-14 04:15:00+00:00,2025-04-14 04:30:00+00:00,499.24887006196536,1.4624148713517673,spring,15
2025-04-14 04:30:00+00:00,2025-04-14 04:45:00+00:00,492.95517612152184,1.457143339078294,spring,15
2025-04-14 04:45:00+00:00,2025-04-14 05:00:00+00:00,486.95665793697634,1.4173611508609252,spring,15
2025-04-14 05:00:00+00:00,2025-04-14 05:15:00+00:00,477.22566251666797,1.4099107934693016,spring,15
2025-04-14 05:15:00+00:00,2025-04-14 05:30:00+00:00,472.4330892181771,1.3966622476627484,spring,15
2025-04-14 05:30:00+00:00,2025-04-14 05:45:00+00:00,464.8211313562796,1.3572555696070208,spring,15
2025-04-14 05:45:00+00:00,2025-04-14 06:00:00+00:00,457.13377011425337,1.327018923294055,spring,15
2025-04-14 06:00:00+00:00,2025-04-14 06:15:00+00:00,438.4147462853709,1.2952210800575918,spring,15
2025-04-14 06:15:00+00:00,2025-04-14 06:30:00+00:00,433.655249772852,1.2472732117989052,spring,15
2025-04-14 06:30:00+00:00,2025-04-14 06:45:00+00:00,426.7147023922497,1.2316300308495098,spring,15
2025-04-14 06:45:00+00:00,2025-04-14 07:00:00+00:00,423.3210575044126,1.188377560084833,spring,15
2025-04-14 07:00:00+00:00,2025-04-14 07:15:00+00:00,403.5446088414503,1.1512682151987408,spring,15
2025-04-14 07:15:00+00:00,2025-04-14 07:30:00+00:00,403.1182402777753,1.1234857401835199,spring,15
2025-04-14 07:30:00+00:00,2025-04-14 07:45:00+00:00,392.85607784710703,1.11117878576493,spring,15
2025-04-14 07:45:00+00:00,2025-04-14 08:00:00+00:00,371.72085321606954,1.0745730053391238,spring,15
2025-04-14 08:00:00+00:00,2025-04-14 08:15:00+00:00,346.2183724176697,1.0689599582083777,spring,15
2025-04-14 08:15:00+00:00,2025-04-14 08:30:00+00:00,327.24129516770415,0.9827656189587173,spring,15
2025-04-14 08:30:00+00:00,2025-04-14 08:45:00+00:00,305.8079722356844,0.9241556832159472,spring,15
2025-04-14 08:45:00+00:00,2025-04-14 09:00:00+00:00,281.81407190007536,0.8900218217227441,spring,15
2025-04-14 09:00:00+00:00,2025-04-14 09:15:00+00:00,260.6374256961878,0.8496536623616804,spring,15
2025-04-14 09:15:00+00:00,2025-04-14 09:30:00+00:00,244.01253967307937,0.8154004325500105,spring,15
2025-04-14 09:30:00+00:00,2025-04-14 09:45:00+00:00,227.76646007445888,0.7874811280147926,spring,15
2025-04-14 09:45:00+00:00,2025-04-14 10:00:00+00:00,217.67264637624012,0.7586096190567742,spring,15
2025-04-14 10:00:00+00:00,2025-04-14 10:15:00+00:00,211.59670477691202,0.7506532278699173,spring,15
2025-04-14 10:15:00+00:00,2025-04-14 10:30:00+00:00,209.00815766353008,0.7428392893051053,spring,15
2025-04-14 10:30:00+00:00,2025-04-14 10:45:00+00:00,207.78809021482593,0.7406355955083234,spring,15
2025-04-14 10:45:00+00:00,2025-04-14 11:00:00+00:00,209.17011610932036,0.7416961213913748,spring,15
2025-04-14 11:00:00+00:00,2025-04-14 11:15:00+00:00,209.33928180929772,0.7330171863644293,spring,15
2025-04-14 11:15:00+00:00,2025-04-14 11:30:00+00:00,209.73006986853727,0.7331654026445494,spring,15
2025-04-14 11:30:00+00:00,2025-04-14 11:45:00+00:00,212.16012486945507,0.7436793351038467,spring,15
2025-04-14 11:45:00+00:00,2025-04-14 12:00:00+00:00,212.94462864899336,0.7507110814223465,spring,15
2025-04-14 12:00:00+00:00,2025-04-14 12:15:00+00:00,213.62719770162087,0.752273095683512,spring,15
2025-04-14 12:15:00+00:00,2025-04-14 12:30:00+00:00,215.1338564252292,0.765436973583105,spring,15
2025-04-14 12:30:00+00:00,2025-04-14 12:45:00+00:00,218.93550121936983,0.7760474527117628,spring,15
2025-04-14 12:45:00+00:00,2025-04-14 13:00:00+00:00,224.6131336513551,0.800342192309462,spring,15
2025-04-14 13:00:00+00:00,2025-04-14 13:15:00+00:00,240.87761151548483,0.8137767340988172,spring,15
2025-04-14 13:15:00+00:00,2025-04-14 13:30:00+00:00,253.87746013572576,0.839880696367632,spring,15
2025-04-14 13:30:00+00:00,2025-04-14 13:45:00+00:00,271.1643412768824,0.8827503531585953,spring,15
2025-04-14 13:45:00+00:00,2025-04-14 14:00:00+00:00,280.7596726549447,0.9081028987045772,spring,15
2025-04-14 14:00:00+00:00,2025-04-14 14:15:00+00:00,288.6171358252262,0.9252478947027104,spring,15
2025-04-14 14:15:00+00:00,2025-04-14 14:30:00+00:00,303.0852333623417,0.9814094757486829,spring,15
2025-04-14 14:30:00+00:00,2025-04-14 14:45:00+00:00,325.4695114761108,1.0071474052237437,spring,15
2025-04-14 14:45:00+00:00,2025-04-14 15:00:00+00:00,348.80216675489686,1.0572211369310645,spring,15
2025-04-14 15:00:00+00:00,2025-04-14 15:15:00+00:00,374.33071581139103,1.0685478225309293,spring,15
2025-04-14 15:15:00+00:00,2025-04-14 15:30:00+00:00,393.77686329329475,1.1526845843589073,spring,15
2025-04-14 15:30:00+00:00,2025-04-14 15:45:00+00:00,407.3698483259284,1.1317924413342728,spring,15
2025-04-14 15:45:00+00:00,2025-04-14 16:00:00+00:00,419.21085312782554,1.2215515169598554,spring,15
2025-04-14 16:00:00+00:00,2025-04-14 16:15:00+00:00,443.5087943596268,1.2568030885713277,spring,15
2025-04-14 16:15:00+00:00,2025-04-14 16:30:00+00:00,445.37798158100617,1.2852205805356778,spring,15
2025-04-14 16:30:00+00:00,2025-04-14 16:45:00+00:00,447.32149238841095,1.3094822093819545,spring,15
2025-04-14 16:45:00+00:00,2025-04-14 17:00:00+00:00,460.6077113297423,1.3443514225985564,spring,15
2025-04-14 17:00:00+00:00,2025-04-14 17:15:00+00:00,476.28395793997475,1.3800523859052405,spring,15
2025-04-14 17:15:00+00:00,2025-04-14 17:30:00+00:00,477.70186486612096,1.4230121397042113,spring,15
2025-04-14 17:30:00+00:00,2025-04-14 17:45:00+00:00,481.88887113007456,1.4048894907521494,spring,15
2025-04-14 17:45:00+00:00,2025-04-14 18:00:00+00:00,481.5012002372449,1.4018354118199419,spring,15
2025-04-14 18:00:00+00:00,2025-04-14 18:15:00+00:00,467.6972582161536,1.4153172638290454,spring,15
2025-04-14 18:15:00+00:00,2025-04-14 18:30:00+00:00,459.57389177935977,1.3825136275699568,spring,15
2025-04-14 18:30:00+00:00,2025-04-14 18:45:00+00:00,454.19567434966154,1.3099112568116604,spring,15
2025-04-14 18:45:00+00:00,2025-04-14 19:00:00+00:00,451.4592232147357,1.2737936250243507,spring,15
2025-04-14 19:00:00+00:00,2025-04-14 19:15:00+00:00,425.47334774098283,1.2238627873643129,spring,15
2025-04-14 19:15:00+00:00,2025-04-14 19:30:00+00:00,418.72559417669106,1.1842409849892206,spring,15
2025-04-14 19:30:00+00:00,2025-04-14 19:45:00+00:00,415.7237720186004,1.1479600764140583,spring,15
2025-04-14 19:45:00+00:00,2025-04-14 20:00:00+00:00,409.7248068675476,1.1387093883433066,spring,15
2025-04-14 20:00:00+00:00,2025-04-14 20:15:00+00:00,400.5301879925225,1.1437772635188193,spring,15
2025-04-14 20:15:00+00:00,2025-04-14 20:30:00+00:00,388.6246906617117,1.122006266158498,spring,15
2025-04-14 20:30:00+00:00,2025-04-14 20:45:00+00:00,384.5027668333834,1.1092644078854197,spring,15
2025-04-14 20:45:00+00:00,2025-04-14 21:00:00+00:00,372.1682693420347,1.0817213875833391,spring,15
2025-04-14 21:00:00+00:00,2025-04-14 21:15:00+00:00,360.25462109444044,1.0787432721586412,spring,15
2025-04-14 21:15:00+00:00,2025-04-14 21:30:00+00:00,353.4571590765744,1.0583547698474494,spring,15
2025-04-14 21:30:00+00:00,2025-04-14 21:45:00+00:00,348.182225244278,1.0478882240711456,spring,15
2025-04-14 21:45:00+00:00,2025-04-14 22:00:00+00:00,331.4974039974292,1.0202426654064662,spring,15
2025-04-14 22:00:00+00:00,2025-04-14 22:15:00+00:00,315.7837793414955,0.9960538603669168,spring,15
2025-04-14 22:15:00+00:00,2025-04-14 22:30:00+00:00,308.07499902950815,0.9817304230910993,spring,15
2025-04-14 22:30:00+00:00,2025-04-14 22:45:00+00:00,301.16918726070503,0.9688869418155094,spring,15
2025-04-14 22:45:00+00:00,2025-04-14 23:00:00+00:00,293.76813693899174,0.9663546552566115,spring,15
2025-04-14 23:00:00+00:00,2025-04-14 23:15:00+00:00,283.1495783427717,1.0122852220309013,spring,15
2025-04-14 23:15:00+00:00,2025-04-14 23:30:00+00:00,282.27192027915567,0.9738713135253713,spring,15
2025-04-14 23:30:00+00:00,2025-04-14 23:45:00+00:00,285.2085687158392,0.9478241762418682,spring,15
2025-04-14 23:45:00+00:00,2025-04-15 00:00:00+00:00,289.583331129157,0.9535476950112791,spring,15
2025-04-15 00:00:00+00:00,2025-04-15 00:15:00+00:00,293.217202801418,0.958240645191279,spring,15
2025-04-15 00:15:00+00:00,2025-04-15 00:30:00+00:00,291.9429039551831,0.9590578639636267,spring,15
2025-04-15 00:30:00+00:00,2025-04-15 00:45:00+00:00,293.4472663031944,0.9703905910367528,spring,15
2025-04-15 00:45:00+00:00,2025-04-15 01:00:00+00:00,297.11268499985584,0.9658242176042905,spring,15
2025-04-15 01:00:00+00:00,2025-04-15 01:15:00+00:00,299.7223776037645,0.9750892370258369,spring,15
2025-04-15 01:15:00+00:00,2025-04-15 01:30:00+00:00,301.1542219406462,0.9811230958044023,spring,15
2025-04-15 01:30:00+00:00,2025-04-15 01:45:00+00:00,301.85259496175985,0.982654631043909,spring,15
2025-04-15 01:45:00+00:00,2025-04-15 02:00:00+00:00,302.08074701864683,0.9841952336885635,spring,15
2025-04-15 02:00:00+00:00,2025-04-15 02:15:00+00:00,301.4396039270879,0.9806238686614148,spring,15
2025-04-15 02:15:00+00:00,2025-04-15 02:30:00+00:00,296.47969847835736,0.9714627879254117,spring,15
2025-04-15 02:30:00+00:00,2025-04-15 02:45:00+00:00,298.2018060362342,0.9679928535652018,spring,15
2025-04-15 02:45:00+00:00,2025-04-15 03:00:00+00:00,300.1104820265184,0.9845823921767163,spring,15
2025-04-15 03:00:00+00:00,2025-04-15 03:15:00+00:00,307.4075241387966,0.9788612440052792,spring,15
2025-04-15 03:15:00+00:00,2025-04-15 03:30:00+00:00,312.4349487693065,0.9804043740600741,spring,15
2025-04-15 03:30:00+00:00,2025-04-15 03:45:00+00:00,318.6471571824575,0.9912221899011338,spring,15
2025-04-15 03:45:00+00:00,2025-04-15 04:00:00+00:00,323.3899864152683,1.0008333495824457,spring,15
2025-04-15 04:00:00+00:00,2025-04-15 04:15:00+00:00,331.0281358985783,0.9939811764796104,spring,15
2025-04-15 04:15:00+00:00,2025-04-15 04:30:00+00:00,332.314497986348,1.0096856106533996,spring,15
2025-04-15 04:30:00+00:00,2025-04-15 04:45:00+00:00,331.88561167511307,1.0116760407006287,spring,15
2025-04-15 04:45:00+00:00,2025-04-15 05:00:00+00:00,329.4974863894546,0.9703341357225671,spring,15
2025-04-15 05:00:00+00:00,2025-04-15 05:15:00+00:00,319.71014923860605,0.9683200140950607,spring,15
2025-04-15 05:15:00+00:00,2025-04-15 05:30:00+00:00,309.29083753349266,0.9577648946000783,spring,15
2025-04-15 05:30:00+00:00,2025-04-15 05:45:00+00:00,302.6128637649812,0.9294064986053834,spring,15
2025-04-15 05:45:00+00:00,2025-04-15 06:00:00+00:00,297.1249456551284,0.9056350598801767,spring,15
2025-04-15 06:00:00+00:00,2025-04-15 06:15:00+00:00,289.5815138137247,0.8912498000238306,spring,15
2025-04-15 06:15:00+00:00,2025-04-15 06:30:00+00:00,282.042264817426,0.8720491824492788,spring,15
2025-04-15 06:30:00+00:00,2025-04-15 06:45:00+00:00,276.7603749722713,0.8630809202202818,spring,15
2025-04-15 06:45:00+00:00,2025-04-15 07:00:00+00:00,271.07583975636106,0.8546543324144759,spring,15
2025-04-15 07:00:00+00:00,2025-04-15 07:15:00+00:00,259.6491710610953,0.8082581770642508,spring,15
2025-04-15 07:15:00+00:00,2025-04-15 07:30:00+00:00,249.180399721137,0.766252457929073,spring,15
2025-04-15 07:30:00+00:00,2025-04-15 07:45:00+00:00,231.6643960340833,0.7361184836577925,spring,15
2025-04-15 07:45:00+00:00,2025-04-15 08:00:00+00:00,217.49993614396408,0.715156014217585,spring,15
2025-04-15 08:00:00+00:00,2025-04-15 08:15:00+00:00,202.7475901773838,0.6858462675792737,spring,15
2025-04-15 08:15:00+00:00,2025-04-15 08:30:00+00:00,194.46182449299732,0.674514917372618,spring,15
2025-04-15 08:30:00+00:00,2025-04-15 08:45:00+00:00,187.09042275666505,0.6536603429013568,spring,15
2025-04-15 08:45:00+00:00,2025-04-15 09:00:00+00:00,184.83529189947186,0.6427214998323332,spring,15
2025-04-15 09:00:00+00:00,2025-04-15 09:15:00+00:00,180.60962364194444,0.664016880729218,spring,15
2025-04-15 09:15:00+00:00,2025-04-15 09:30:00+00:00,178.61652501636763,0.6174017573651537,spring,15
2025-04-15 09:30:00+00:00,2025-04-15 09:45:00+00:00,177.93258770964184,0.6121239324952815,spring,15
2025-04-15 09:45:00+00:00,2025-04-15 10:00:00+00:00,178.90214306941232,0.6157998362255909,spring,15
2025-04-15 10:00:00+00:00,2025-04-15 10:15:00+00:00,177.832450655483,0.6109316825610354,spring,15
2025-04-15 10:15:00+00:00,2025-04-15 10:30:00+00:00,177.09460689162634,0.6127135410471348,spring,15
2025-04-15 10:30:00+00:00,2025-04-15 10:45:00+00:00,176.33632989177022,0.6236811859584448,spring,15
2025-04-15 10:45:00+00:00,2025-04-15 11:00:00+00:00,177.47962635279018,0.632073156946055,spring,15
2025-04-15 11:00:00+00:00,2025-04-15 11:15:00+00:00,179.16607869947157,0.6321930411620538,spring,15
2025-04-15 11:15:00+00:00,2025-04-15 11:30:00+00:00,180.0188325467637,0.6282022136741893,spring,15
2025-04-15 11:30:00+00:00,2025-04-15 11:45:00+00:00,181.19262756087502,0.6148413763641817,spring,15
2025-04-15 11:45:00+00:00,2025-04-15 12:00:00+00:00,183.32530752388686,0.6189996507185106,spring,15
2025-04-15 12:00:00+00:00,2025-04-15 12:15:00+00:00,184.59514604052697,0.6402071478092359,spring,15
2025-04-15 12:15:00+00:00,2025-04-15 12:30:00+00:00,188.89203129194885,0.6596186065069245,spring,15
2025-04-15 12:30:00+00:00,2025-04-15 12:45:00+00:00,194.15964719082845,0.6800290359016679,spring,15
2025-04-15 12:45:00+00:00,2025-04-15 13:00:00+00:00,202.86034191287223,0.6933729047777873,spring,15
2025-04-15 13:00:00+00:00,2025-04-15 13:15:00+00:00,210.96450580477747,0.7074125519027724,spring,15
2025-04-15 13:15:00+00:00,2025-04-15 13:30:00+00:00,218.1750937206837,0.7296169428647394,spring,15
2025-04-15 13:30:00+00:00,2025-04-15 13:45:00+00:00,228.99763330053224,0.756759067370756,spring,15
2025-04-15 13:45:00+00:00,2025-04-15 14:00:00+00:00,238.8865426083527,0.7801773049208682,spring,15
2025-04-15 14:00:00+00:00,2025-04-15 14:15:00+00:00,251.13476109449542,0.8003397691065457,spring,15
2025-04-15 14:15:00+00:00,2025-04-15 14:30:00+00:00,259.6538218860547,0.8159562030861565,spring,15
2025-04-15 14:30:00+00:00,2025-04-15 14:45:00+00:00,270.1520894930829,0.8507377093353526,spring,15
2025-04-15 14:45:00+00:00,2025-04-15 15:00:00+00:00,282.1133789518529,0.8791731267928442,spring,15
2025-04-15 15:00:00+00:00,2025-04-15 15:15:00+00:00,298.3597989416331,0.9138896467656897,spring,15
2025-04-15 15:15:00+00:00,2025-04-15 15:30:00+00:00,302.7175253067149,0.947033341874596,spring,15
2025-04-15 15:30:00+00:00,2025-04-15 15:45:00+00:00,312.8890363363608,0.9415292275581486,spring,15
2025-04-15 15:45:00+00:00,2025-04-15 16:00:00+00:00,317.7610183469428,0.9826643293036488,spring,15
2025-04-15 16:00:00+00:00,2025-04-15 16:15:00+00:00,327.0117903265311,0.9717977988230029,spring,15
2025-04-15 16:15:00+00:00,2025-04-15 16:30:00+00:00,330.6177992749528,0.9854562810625519,spring,15
2025-04-15 16:30:00+00:00,2025-04-15 16:45:00+00:00,335.82157940030436,1.028814130015861,spring,15
2025-04-15 16:45:00+00:00,2025-04-15 17:00:00+00:00,345.7865900739199,1.0673046131232562,spring,15
2025-04-15 17:00:00+00:00,2025-04-15 17:15:00+00:00,366.18151941456466,1.0884226384246045,spring,15
2025-04-15 17:15:00+00:00,2025-04-15 17:30:00+00:00,372.4764151093939,1.135443985369403,spring,15
2025-04-15 17:30:00+00:00,2025-04-15 17:45:00+00:00,372.745408044791,1.136002289311344,spring,15
2025-04-15 17:45:00+00:00,2025-04-15 18:00:00+00:00,373.508848215237,1.1413625718927018,spring,15
2025-04-15 18:00:00+00:00,2025-04-15 18:15:00+00:00,374.0948647920023,1.1381299097415567,spring,15
2025-04-15 18:15:00+00:00,2025-04-15 18:30:00+00:00,377.62129956384155,1.14601885880082,spring,15
2025-04-15 18:30:00+00:00,2025-04-15 18:45:00+00:00,385.6112685397974,1.205197449951189,spring,15
2025-04-15 18:45:00+00:00,2025-04-15 19:00:00+00:00,391.1539112095226,1.2564761830488103,spring,15
2025-04-15 19:00:00+00:00,2025-04-15 19:15:00+00:00,391.42114072677134,1.2868996040777834,spring,15
2025-04-15 19:15:00+00:00,2025-04-15 19:30:00+00:00,403.64663132289,1.3826895020041283,spring,15
2025-04-15 19:30:00+00:00,2025-04-15 19:45:00+00:00,412.3998883265784,1.4276921370497846,spring,15
2025-04-15 19:45:00+00:00,2025-04-15 20:00:00+00:00,419.7056904679638,1.4280815567213154,spring,15
2025-04-15 20:00:00+00:00,2025-04-15 20:15:00+00:00,398.8969249222309,1.359101040590073,spring,15
2025-04-15 20:15:00+00:00,2025-04-15 20:30:00+00:00,413.8387553466149,1.239510767056681,spring,15
2025-04-15 20:30:00+00:00,2025-04-15 20:45:00+00:00,421.67499502825837,1.2412562433670735,spring,15
2025-04-15 20:45:00+00:00,2025-04-15 21:00:00+00:00,420.29541450827077,1.3041864080324812,spring,15
2025-04-15 21:00:00+00:00,2025-04-15 21:15:00+00:00,426.50426650335686,1.3772122743760289,spring,15
2025-04-15 21:15:00+00:00,2025-04-15 21:30:00+00:00,439.32699275104716,1.3879263109900295,spring,15
2025-04-15 21:30:00+00:00,2025-04-15 21:45:00+00:00,451.71369773245937,1.457414870616322,spring,15
2025-04-15 21:45:00+00:00,2025-04-15 22:00:00+00:00,454.7695724315376,1.4896676348789244,spring,15
2025-04-15 22:00:00+00:00,2025-04-15 22:15:00+00:00,457.61096089975007,1.5170710648528674,spring,15
2025-04-15 22:15:00+00:00,2025-04-15 22:30:00+00:00,464.1450020980368,1.5380772786742025,spring,15
2025-04-15 22:30:00+00:00,2025-04-15 22:45:00+00:00,475.8054365811172,1.4722440393148115,spring,15
2025-04-15 22:45:00+00:00,2025-04-15 23:00:00+00:00,474.0253566396745,1.4459323603565963,spring,15
2025-04-15 23:00:00+00:00,2025-04-15 23:15:00+00:00,476.9674529934837,1.4433018283037131,spring,15
2025-04-15 23:15:00+00:00,2025-04-15 23:30:00+00:00,478.373460281153,1.4199543103938546,spring,15
2025-04-15 23:30:00+00:00,2025-04-15 23:45:00+00:00,478.3390113677253,1.4167358316323946,spring,15
2025-04-15 23:45:00+00:00,2025-04-16 00:00:00+00:00,475.3471763104049,1.4043554473362339,spring,15
2025-04-16 00:00:00+00:00,2025-04-16 00:15:00+00:00,476.6580929883414,1.4038123337792434,spring,15
2025-04-16 00:15:00+00:00,2025-04-16 00:30:00+00:00,481.98818618795406,1.4210504299366549,spring,15
2025-04-16 00:30:00+00:00,2025-04-16 00:45:00+00:00,487.67923549875354,1.433046863370599,spring,15
2025-04-16 00:45:00+00:00,2025-04-16 01:00:00+00:00,492.66353513280467,1.4453948084051926,spring,15
2025-04-16 01:00:00+00:00,2025-04-16 01:15:00+00:00,497.2705196922032,1.4575512352550697,spring,15
2025-04-16 01:15:00+00:00,2025-04-16 01:30:00+00:00,501.0609433995993,1.4774467510010265,spring,15
2025-04-16 01:30:00+00:00,2025-04-16 01:45:00+00:00,503.5410803347137,1.4807661915230215,spring,15
2025-04-16 01:45:00+00:00,2025-04-16 02:00:00+00:00,508.040912420391,1.4933544831262844,spring,15
2025-04-16 02:00:00+00:00,2025-04-16 02:15:00+00:00,514.0621255985291,1.503445848189423,spring,15
2025-04-16 02:15:00+00:00,2025-04-16 02:30:00+00:00,520.4148848497739,1.5283430498878725,spring,15
2025-04-16 02:30:00+00:00,2025-04-16 02:45:00+00:00,523.3693115737065,1.5242969258000454,spring,15
2025-04-16 02:45:00+00:00,2025-04-16 03:00:00+00:00,525.1898494264801,1.5268699424486694,spring,15
2025-04-16 03:00:00+00:00,2025-04-16 03:15:00+00:00,533.9685742843523,1.5425594942060248,spring,15
2025-04-16 03:15:00+00:00,2025-04-16 03:30:00+00:00,535.8515130168563,1.59118984892245,spring,15
2025-04-16 03:30:00+00:00,2025-04-16 03:45:00+00:00,524.519298751373,1.6658116162985253,spring,15
2025-04-16 03:45:00+00:00,2025-04-16 04:00:00+00:00,503.0490720099347,1.573028928362433,spring,15
2025-04-16 04:00:00+00:00,2025-04-16 04:15:00+00:00,494.4405702743704,1.5535396936438262,spring,15
2025-04-16 04:15:00+00:00,2025-04-16 04:30:00+00:00,478.75073049704736,1.66304333857141,spring,15
2025-04-16 04:30:00+00:00,2025-04-16 04:45:00+00:00,468.10443762686657,1.5901887560745493,spring,15
2025-04-16 04:45:00+00:00,2025-04-16 05:00:00+00:00,459.8234602428262,1.5581735569791797,spring,15
2025-04-16 05:00:00+00:00,2025-04-16 05:15:00+00:00,450.7466636159527,1.524623621061789,spring,15
2025-04-16 05:15:00+00:00,2025-04-16 05:30:00+00:00,439.25634440843936,1.4702215247993276,spring,15
2025-04-16 05:30:00+00:00,2025-04-16 05:45:00+00:00,428.74973058052683,1.3714194573125895,spring,15
2025-04-16 05:45:00+00:00,2025-04-16 06:00:00+00:00,420.28564866154795,1.3687495579749223,spring,15
2025-04-16 06:00:00+00:00,2025-04-16 06:15:00+00:00,399.9770117599812,1.2913021384346992,spring,15
2025-04-16 06:15:00+00:00,2025-04-16 06:30:00+00:00,397.55618810587134,1.1766949858508744,spring,15
2025-04-16 06:30:00+00:00,2025-04-16 06:45:00+00:00,392.53630062271554,1.1890524678574443,spring,15
2025-04-16 06:45:00+00:00,2025-04-16 07:00:00+00:00,383.04373834938093,1.1546237955802305,spring,15
2025-04-16 07:00:00+00:00,2025-04-16 07:15:00+00:00,355.15069773380725,1.2118305213771703,spring,15
2025-04-16 07:15:00+00:00,2025-04-16 07:30:00+00:00,351.2804631974747,1.1470454684653235,spring,15
2025-04-16 07:30:00+00:00,2025-04-16 07:45:00+00:00,346.41070004058446,1.0569335469548495,spring,15
2025-04-16 07:45:00+00:00,2025-04-16 08:00:00+00:00,332.6962425243002,1.0161310712320077,spring,15
2025-04-16 08:00:00+00:00,2025-04-16 08:15:00+00:00,309.4397461360419,0.976352394626927,spring,15
2025-04-16 08:15:00+00:00,2025-04-16 08:30:00+00:00,296.84065640314384,0.9482503980613477,spring,15
2025-04-16 08:30:00+00:00,2025-04-16 08:45:00+00:00,288.5097589493301,0.892033270399237,spring,15
2025-04-16 08:45:00+00:00,2025-04-16 09:00:00+00:00,271.4419455493468,0.8523664688686208,spring,15
2025-04-16 09:00:00+00:00,2025-04-16 09:15:00+00:00,260.1160849623488,0.8597976391614265,spring,15
2025-04-16 09:15:00+00:00,2025-04-16 09:30:00+00:00,248.07359592832566,0.8104466501995111,spring,15
2025-04-16 09:30:00+00:00,2025-04-16 09:45:00+00:00,238.79068860804597,0.7968823202770446,spring,15
2025-04-16 09:45:00+00:00,2025-04-16 10:00:00+00:00,229.08501415934606,0.7749128930002808,spring,15
2025-04-16 10:00:00+00:00,2025-04-16 10:15:00+00:00,219.60459854917602,0.7989221997208287,spring,15
2025-04-16 10:15:00+00:00,2025-04-16 10:30:00+00:00,215.68254842822193,0.8017979081877963,spring,15
2025-04-16 10:30:00+00:00,2025-04-16 10:45:00+00:00,214.30647330914573,0.7843422020270022,spring,15
2025-04-16 10:45:00+00:00,2025-04-16 11:00:00+00:00,214.9632112626174,0.7983454749519797,spring,15
2025-04-16 11:00:00+00:00,2025-04-16 11:15:00+00:00,217.00136038255403,0.7744365380593754,spring,15
2025-04-16 11:15:00+00:00,2025-04-16 11:30:00+00:00,219.0308842307262,0.8152613801483778,spring,15
2025-04-16 11:30:00+00:00,2025-04-16 11:45:00+00:00,224.12088288399542,0.7930960035559318,spring,15
2025-04-16 11:45:00+00:00,2025-04-16 12:00:00+00:00,228.87861485540387,0.8171492357366549,spring,15
2025-04-16 12:00:00+00:00,2025-04-16 12:15:00+00:00,236.54367035495721,0.8326875572366252,spring,15
2025-04-16 12:15:00+00:00,2025-04-16 12:30:00+00:00,247.9839443828406,0.8447907675657861,spring,15
2025-04-16 12:30:00+00:00,2025-04-16 12:45:00+00:00,254.57016051993625,0.8713023243931407,spring,15
2025-04-16 12:45:00+00:00,2025-04-16 13:00:00+00:00,261.73980733511826,0.8726007273515919,spring,15
2025-04-16 13:00:00+00:00,2025-04-16 13:15:00+00:00,271.85882192135335,0.8795753112667021,spring,15
2025-04-16 13:15:00+00:00,2025-04-16 13:30:00+00:00,283.31544406797946,0.928580276486303,spring,15
2025-04-16 13:30:00+00:00,2025-04-16 13:45:00+00:00,291.36126619735876,0.9100963604013083,spring,15
2025-04-16 13:45:00+00:00,2025-04-16 14:00:00+00:00,302.95774329345096,0.9425235591443021,spring,15
2025-04-16 14:00:00+00:00,2025-04-16 14:15:00+00:00,316.9193482124166,0.9564827346335938,spring,15
2025-04-16 14:15:00+00:00,2025-04-16 14:30:00+00:00,327.5506170546962,0.9845058004338864,spring,15
2025-04-16 14:30:00+00:00,2025-04-16 14:45:00+00:00,337.8088427743188,1.0054186399960856,spring,15
2025-04-16 14:45:00+00:00,2025-04-16 15:00:00+00:00,346.40738172591574,1.03184811236265,spring,15
2025-04-16 15:00:00+00:00,2025-04-16 15:15:00+00:00,363.06650378547823,1.0695836147117623,spring,15
2025-04-16 15:15:00+00:00,2025-04-16 15:30:00+00:00,373.8591126048426,1.128385788821301,spring,15
2025-04-16 15:30:00+00:00,2025-04-16 15:45:00+00:00,378.15000843122175,1.2179717154390088,spring,15
2025-04-16 15:45:00+00:00,2025-04-16 16:00:00+00:00,378.4726359452419,1.2106757656010718,spring,15
2025-04-16 16:00:00+00:00,2025-04-16 16:15:00+00:00,390.469244019405,1.1185208994635314,spring,15
2025-04-16 16:15:00+00:00,2025-04-16 16:30:00+00:00,398.23308042062035,1.2102785893478243,spring,15
2025-04-16 16:30:00+00:00,2025-04-16 16:45:00+00:00,394.8205766049709,1.2625480061914716,spring,15
2025-04-16 16:45:00+00:00,2025-04-16 17:00:00+00:00,393.66703172124,1.2721428295008625,spring,15
2025-04-16 17:00:00+00:00,2025-04-16 17:15:00+00:00,403.254252636109,1.3519788120993537,spring,15
2025-04-16 17:15:00+00:00,2025-04-16 17:30:00+00:00,401.72321984335935,1.3797826717297854,spring,15
2025-04-16 17:30:00+00:00,2025-04-16 17:45:00+00:00,398.6900228732826,1.3816480936859699,spring,15
2025-04-16 17:45:00+00:00,2025-04-16 18:00:00+00:00,398.34148534507733,1.3692379832198254,spring,15
2025-04-16 18:00:00+00:00,2025-04-16 18:15:00+00:00,404.5787840770405,1.405099010328986,spring,15
2025-04-16 18:15:00+00:00,2025-04-16 18:30:00+00:00,402.5118920663777,1.2882241480260257,spring,15
2025-04-16 18:30:00+00:00,2025-04-16 18:45:00+00:00,403.09659670167144,1.2681786533812918,spring,15
2025-04-16 18:45:00+00:00,2025-04-16 19:00:00+00:00,404.7494650909972,1.2568325738401156,spring,15
2025-04-16 19:00:00+00:00,2025-04-16 19:15:00+00:00,392.5881266221974,1.2296467257234147,spring,15
2025-04-16 19:15:00+00:00,2025-04-16 19:30:00+00:00,392.5270680867804,1.2083795845140564,spring,15
2025-04-16 19:30:00+00:00,2025-04-16 19:45:00+00:00,401.89408205486507,1.2283569253909734,spring,15
2025-04-16 19:45:00+00:00,2025-04-16 20:00:00+00:00,405.24684997016146,1.1773695484441158,spring,15
2025-04-16 20:00:00+00:00,2025-04-16 20:15:00+00:00,392.52843306505343,1.1756065268434446,spring,15
2025-04-16 20:15:00+00:00,2025-04-16 20:30:00+00:00,392.266651284717,1.1675138768607431,spring,15
2025-04-16 20:30:00+00:00,2025-04-16 20:45:00+00:00,393.63146840769076,1.1700241505505422,spring,15
2025-04-16 20:45:00+00:00,2025-04-16 21:00:00+00:00,393.13093722738154,1.175484044224536,spring,15
2025-04-16 21:00:00+00:00,2025-04-16 21:15:00+00:00,394.62341718763275,1.226356330839364,spring,15
2025-04-16 21:15:00+00:00,2025-04-16 21:30:00+00:00,396.66022596007804,1.1871491172775317,spring,15
2025-04-16 21:30:00+00:00,2025-04-16 21:45:00+00:00,395.97023134856136,1.2030855516910086,spring,15
2025-04-16 21:45:00+00:00,2025-04-16 22:00:00+00:00,398.49885146570386,1.2016496574814526,spring,15
2025-04-16 22:00:00+00:00,2025-04-16 22:15:00+00:00,401.1503904690569,1.2292997679573427,spring,15
2025-04-16 22:15:00+00:00,2025-04-16 22:30:00+00:00,400.2168670491041,1.2150758796414016,spring,15
2025-04-16 22:30:00+00:00,2025-04-16 22:45:00+00:00,401.91104502377425,1.2339999159838195,spring,15
2025-04-16 22:45:00+00:00,2025-04-16 23:00:00+00:00,403.046258285895,1.218294267225815,spring,15
2025-04-16 23:00:00+00:00,2025-04-16 23:15:00+00:00,401.94500885469205,1.2476932855955807,spring,15
2025-04-16 23:15:00+00:00,2025-04-16 23:30:00+00:00,401.30838327419565,1.2348154698285554,spring,15
2025-04-16 23:30:00+00:00,2025-04-16 23:45:00+00:00,404.83047908341126,1.2166933468538665,spring,15
2025-04-16 23:45:00+00:00,2025-04-17 00:00:00+00:00,403.7989786183749,1.2081815557228681,spring,15
2025-04-17 00:00:00+00:00,2025-04-17 00:15:00+00:00,398.9893498571254,1.201167292444885,spring,15
2025-04-17 00:15:00+00:00,2025-04-17 00:30:00+00:00,397.59411651798194,1.1957809505519594,spring,15
2025-04-17 00:30:00+00:00,2025-04-17 00:45:00+00:00,396.0945633577495,1.1957507298825394,spring,15
2025-04-17 00:45:00+00:00,2025-04-17 01:00:00+00:00,395.85787455207696,1.1980520812740114,spring,15
2025-04-17 01:00:00+00:00,2025-04-17 01:15:00+00:00,395.86709304575186,1.2044002131901175,spring,15
2025-04-17 01:15:00+00:00,2025-04-17 01:30:00+00:00,393.24524985500835,1.2029324017248866,spring,15
2025-04-17 01:30:00+00:00,2025-04-17 01:45:00+00:00,391.1874486946348,1.2037410590628097,spring,15
2025-04-17 01:45:00+00:00,2025-04-17 02:00:00+00:00,393.6408737713433,1.2148526391128844,spring,15
2025-04-17 02:00:00+00:00,2025-04-17 02:15:00+00:00,399.8612915881947,1.2229880368199526,spring,15
2025-04-17 02:15:00+00:00,2025-04-17 02:30:00+00:00,401.9707884343231,1.2238691922936664,spring,15
2025-04-17 02:30:00+00:00,2025-04-17 02:45:00+00:00,405.58264669913314,1.233432863954288,spring,15
2025-04-17 02:45:00+00:00,2025-04-17 03:00:00+00:00,406.8937147688967,1.2337628890008825,spring,15
2025-04-17 03:00:00+00:00,2025-04-17 03:15:00+00:00,410.2204562270691,1.240948245589949,spring,15
2025-04-17 03:15:00+00:00,2025-04-17 03:30:00+00:00,414.491083323781,1.2402700205897739,spring,15
2025-04-17 03:30:00+00:00,2025-04-17 03:45:00+00:00,419.5995474807016,1.2596077118862106,spring,15
2025-04-17 03:45:00+00:00,2025-04-17 04:00:00+00:00,422.4032817868529,1.2571226005149074,spring,15
2025-04-17 04:00:00+00:00,2025-04-17 04:15:00+00:00,422.3973117973867,1.2623182575787806,spring,15
2025-04-17 04:15:00+00:00,2025-04-17 04:30:00+00:00,417.50417149667385,1.2650124827571176,spring,15
2025-04-17 04:30:00+00:00,2025-04-17 04:45:00+00:00,410.6873323015215,1.3224043938897467,spring,15
2025-04-17 04:45:00+00:00,2025-04-17 05:00:00+00:00,404.3683796502879,1.3221318270637679,spring,15
2025-04-17 05:00:00+00:00,2025-04-17 05:15:00+00:00,384.95121722563573,1.2782869931247531,spring,15
2025-04-17 05:15:00+00:00,2025-04-17 05:30:00+00:00,379.9666827402749,1.23509717615645,spring,15
2025-04-17 05:30:00+00:00,2025-04-17 05:45:00+00:00,372.8677060089851,1.2168483870285622,spring,15
2025-04-17 05:45:00+00:00,2025-04-17 06:00:00+00:00,368.517361231292,1.1886044370732054,spring,15
2025-04-17 06:00:00+00:00,2025-04-17 06:15:00+00:00,357.8993824211272,1.232197081685882,spring,15
2025-04-17 06:15:00+00:00,2025-04-17 06:30:00+00:00,352.1909854275436,1.2192907341704884,spring,15
2025-04-17 06:30:00+00:00,2025-04-17 06:45:00+00:00,349.76189088904994,1.174665896950709,spring,15
2025-04-17 06:45:00+00:00,2025-04-17 07:00:00+00:00,344.98929694547206,1.1550864974016222,spring,15
2025-04-17 07:00:00+00:00,2025-04-17 07:15:00+00:00,340.6273970558928,1.1758289294668265,spring,15
2025-04-17 07:15:00+00:00,2025-04-17 07:30:00+00:00,335.3127233583957,1.1852137047076432,spring,15
2025-04-17 07:30:00+00:00,2025-04-17 07:45:00+00:00,335.17489930308375,1.1584624222766027,spring,15
2025-04-17 07:45:00+00:00,2025-04-17 08:00:00+00:00,331.39919085668424,1.1778673018318488,spring,15
2025-04-17 08:00:00+00:00,2025-04-17 08:15:00+00:00,322.38502734690013,1.1429085817275715,spring,15
2025-04-17 08:15:00+00:00,2025-04-17 08:30:00+00:00,323.5014769507217,1.1278750730726195,spring,15
2025-04-17 08:30:00+00:00,2025-04-17 08:45:00+00:00,319.5656973015788,1.1062646240884308,spring,15
2025-04-17 08:45:00+00:00,2025-04-17 09:00:00+00:00,311.4075541454294,1.0571887999697867,spring,15
2025-04-17 09:00:00+00:00,2025-04-17 09:15:00+00:00,303.4380833735878,1.1097422951970521,spring,15
2025-04-17 09:15:00+00:00,2025-04-17 09:30:00+00:00,300.13144990281194,1.0864366843956774,spring,15
2025-04-17 09:30:00+00:00,2025-04-17 09:45:00+00:00,297.60700839109467,1.0177808784867834,spring,15
2025-04-17 09:45:00+00:00,2025-04-17 10:00:00+00:00,292.5801650652599,0.9272639016462834,spring,15
2025-04-17 10:00:00+00:00,2025-04-17 10:15:00+00:00,282.5621259496032,0.9475737453706631,spring,15
2025-04-17 10:15:00+00:00,2025-04-17 10:30:00+00:00,278.7129787267805,0.930752374507332,spring,15
2025-04-17 10:30:00+00:00,2025-04-17 10:45:00+00:00,275.85568282529186,0.9201429711383046,spring,15
2025-04-17 10:45:00+00:00,2025-04-17 11:00:00+00:00,273.32391603006835,0.9071408103287709,spring,15
2025-04-17 11:00:00+00:00,2025-04-17 11:15:00+00:00,273.45028964166346,0.9134179396106722,spring,15
2025-04-17 11:15:00+00:00,2025-04-17 11:30:00+00:00,273.05983727465207,0.9090995282999267,spring,15
2025-04-17 11:30:00+00:00,2025-04-17 11:45:00+00:00,275.391842861227,0.9023362638099928,spring,15
2025-04-17 11:45:00+00:00,2025-04-17 12:00:00+00:00,276.5648311875684,0.9054018293527062,spring,15
2025-04-17 12:00:00+00:00,2025-04-17 12:15:00+00:00,278.057308997097,0.898359943891507,spring,15
2025-04-17 12:15:00+00:00,2025-04-17 12:30:00+00:00,278.23856446748346,0.9216164424548882,spring,15
2025-04-17 12:30:00+00:00,2025-04-17 12:45:00+00:00,278.3227652478197,0.9022662878521533,spring,15
2025-04-17 12:45:00+00:00,2025-04-17 13:00:00+00:00,278.96989677240464,0.9318899293564491,spring,15
2025-04-17 13:00:00+00:00,2025-04-17 13:15:00+00:00,287.0523742670591,0.9079491699715663,spring,15
2025-04-17 13:15:00+00:00,2025-04-17 13:30:00+00:00,291.8841665032745,0.917298675567023,spring,15
2025-04-17 13:30:00+00:00,2025-04-17 13:45:00+00:00,296.4642447506487,0.9109081388447287,spring,15
2025-04-17 13:45:00+00:00,2025-04-17 14:00:00+00:00,302.1817028142145,0.939782775152774,spring,15
2025-04-17 14:00:00+00:00,2025-04-17 14:15:00+00:00,310.10778133412424,0.9527697263043027,spring,15
2025-04-17 14:15:00+00:00,2025-04-17 14:30:00+00:00,313.99428285962045,0.9839316244852165,spring,15
2025-04-17 14:30:00+00:00,2025-04-17 14:45:00+00:00,321.6210539882174,1.0022340422585556,spring,15
2025-04-17 14:45:00+00:00,2025-04-17 15:00:00+00:00,327.0125317194908,1.0293000150129998,spring,15
2025-04-17 15:00:00+00:00,2025-04-17 15:15:00+00:00,340.6788547014274,1.0310438601544845,spring,15
2025-04-17 15:15:00+00:00,2025-04-17 15:30:00+00:00,344.88003373327854,1.1168028960200926,spring,15
2025-04-17 15:30:00+00:00,2025-04-17 15:45:00+00:00,345.0936941779983,1.2176602691934597,spring,15
2025-04-17 15:45:00+00:00,2025-04-17 16:00:00+00:00,347.6790123790342,1.1807203108697821,spring,15
2025-04-17 16:00:00+00:00,2025-04-17 16:15:00+00:00,351.27520295916395,1.1163137767033917,spring,15
2025-04-17 16:15:00+00:00,2025-04-17 16:30:00+00:00,356.14505206463855,1.161628353993991,spring,15
2025-04-17 16:30:00+00:00,2025-04-17 16:45:00+00:00,355.6958681715796,1.1873793935242274,spring,15
2025-04-17 16:45:00+00:00,2025-04-17 17:00:00+00:00,357.6605276789916,1.2155564151617821,spring,15
2025-04-17 17:00:00+00:00,2025-04-17 17:15:00+00:00,366.4673692146502,1.2671057381356712,spring,15
2025-04-17 17:15:00+00:00,2025-04-17 17:30:00+00:00,365.7856939146964,1.2696060434614322,spring,15
2025-04-17 17:30:00+00:00,2025-04-17 17:45:00+00:00,367.5976073242349,1.3009181179331493,spring,15
2025-04-17 17:45:00+00:00,2025-04-17 18:00:00+00:00,369.47401528076927,1.3180421396383288,spring,15
2025-04-17 18:00:00+00:00,2025-04-17 18:15:00+00:00,373.1312279260945,1.2927350346170243,spring,15
2025-04-17 18:15:00+00:00,2025-04-17 18:30:00+00:00,380.34537476286226,1.3385975149790628,spring,15
2025-04-17 18:30:00+00:00,2025-04-17 18:45:00+00:00,388.5069124180026,1.340705931134481,spring,15
2025-04-17 18:45:00+00:00,2025-04-17 19:00:00+00:00,391.3469530407954,1.3615176159981135,spring,15
2025-04-17 19:00:00+00:00,2025-04-17 19:15:00+00:00,391.9881196095329,1.4077819486836625,spring,15
2025-04-17 19:15:00+00:00,2025-04-17 19:30:00+00:00,394.91201678563414,1.417398558397379,spring,15
2025-04-17 19:30:00+00:00,2025-04-17 19:45:00+00:00,404.84406675494273,1.4531524481602862,spring,15
2025-04-17 19:45:00+00:00,2025-04-17 20:00:00+00:00,407.03058879055874,1.3390397900973332,spring,15
2025-04-17 20:00:00+00:00,2025-04-17 20:15:00+00:00,416.3682224481669,1.3344947227893773,spring,15
2025-04-17 20:15:00+00:00,2025-04-17 20:30:00+00:00,416.2326532304779,1.304564352152163,spring,15
2025-04-17 20:30:00+00:00,2025-04-17 20:45:00+00:00,418.2727807440053,1.3011748967406267,spring,15
2025-04-17 20:45:00+00:00,2025-04-17 21:00:00+00:00,422.2005557751396,1.308248908906933,spring,15
2025-04-17 21:00:00+00:00,2025-04-17 21:15:00+00:00,422.4943007601373,1.3331526614261724,spring,15
2025-04-17 21:15:00+00:00,2025-04-17 21:30:00+00:00,428.49426900406206,1.336794711481242,spring,15
2025-04-17 21:30:00+00:00,2025-04-17 21:45:00+00:00,432.7715386852787,1.3652379300415831,spring,15
2025-04-17 21:45:00+00:00,2025-04-17 22:00:00+00:00,439.4410715019584,1.4163269230036553,spring,15
2025-04-17 22:00:00+00:00,2025-04-17 22:15:00+00:00,432.8061853636424,1.447057918666689,spring,15
2025-04-17 22:15:00+00:00,2025-04-17 22:30:00+00:00,437.3024648990186,1.4412011044928221,spring,15
2025-04-17 22:30:00+00:00,2025-04-17 22:45:00+00:00,442.43883363079186,1.4626938054280523,spring,15
2025-04-17 22:45:00+00:00,2025-04-17 23:00:00+00:00,444.9291058457391,1.4820778404406325,spring,15
2025-04-17 23:00:00+00:00,2025-04-17 23:15:00+00:00,443.1335724016427,1.5079633390816791,spring,15
2025-04-17 23:15:00+00:00,2025-04-17 23:30:00+00:00,445.40771147802207,1.502178186798403,spring,15
2025-04-17 23:30:00+00:00,2025-04-17 23:45:00+00:00,445.06966140760903,1.479820118863942,spring,15
2025-04-17 23:45:00+00:00,2025-04-18 00:00:00+00:00,445.6978027558392,1.4940264855069514,spring,15
2025-04-18 00:00:00+00:00,2025-04-18 00:15:00+00:00,448.4353354032807,1.518259474593023,spring,15
2025-04-18 00:15:00+00:00,2025-04-18 00:30:00+00:00,450.31843249482284,1.5159562561344593,spring,15
2025-04-18 00:30:00+00:00,2025-04-18 00:45:00+00:00,448.5146243280149,1.5099937307609945,spring,15
2025-04-18 00:45:00+00:00,2025-04-18 01:00:00+00:00,445.86963544677326,1.49000758898578,spring,15
2025-04-18 01:00:00+00:00,2025-04-18 01:15:00+00:00,441.971370546304,1.4773746952472795,spring,15
2025-04-18 01:15:00+00:00,2025-04-18 01:30:00+00:00,441.83770409145654,1.4775647181297416,spring,15
2025-04-18 01:30:00+00:00,2025-04-18 01:45:00+00:00,443.56868246940974,1.485738001560634,spring,15
2025-04-18 01:45:00+00:00,2025-04-18 02:00:00+00:00,445.0260679438955,1.4983552172941965,spring,15
2025-04-18 02:00:00+00:00,2025-04-18 02:15:00+00:00,442.2847318887102,1.4901456638064678,spring,15
2025-04-18 02:15:00+00:00,2025-04-18 02:30:00+00:00,438.8730930408523,1.4792048003244738,spring,15
2025-04-18 02:30:00+00:00,2025-04-18 02:45:00+00:00,435.147647222301,1.4695590044668214,spring,15
2025-04-18 02:45:00+00:00,2025-04-18 03:00:00+00:00,432.75944127050917,1.4593653317935689,spring,15
2025-04-18 03:00:00+00:00,2025-04-18 03:15:00+00:00,432.1794436643844,1.4469761213728964,spring,15
2025-04-18 03:15:00+00:00,2025-04-18 03:30:00+00:00,429.2963312181026,1.4307005047041799,spring,15
2025-04-18 03:30:00+00:00,2025-04-18 03:45:00+00:00,428.81373556243494,1.4422631190693735,spring,15
2025-04-18 03:45:00+00:00,2025-04-18 04:00:00+00:00,426.8239722530065,1.4502210797406931,spring,15
2025-04-18 04:00:00+00:00,2025-04-18 04:15:00+00:00,423.0027199372988,1.4227117725051213,spring,15
2025-04-18 04:15:00+00:00,2025-04-18 04:30:00+00:00,421.8024425081429,1.4051974220333552,spring,15
2025-04-18 04:30:00+00:00,2025-04-18 04:45:00+00:00,418.43357711389916,1.400817392955766,spring,15
2025-04-18 04:45:00+00:00,2025-04-18 05:00:00+00:00,413.43232849887386,1.3910126028638579,spring,15
2025-04-18 05:00:00+00:00,2025-04-18 05:15:00+00:00,411.6593501355353,1.37473994199345,spring,15
2025-04-18 05:15:00+00:00,2025-04-18 05:30:00+00:00,412.2629018197074,1.3814752181077632,spring,15
2025-04-18 05:30:00+00:00,2025-04-18 05:45:00+00:00,412.90224230775806,1.3816577070788743,spring,15
2025-04-18 05:45:00+00:00,2025-04-18 06:00:00+00:00,410.95165100057426,1.3970598759533837,spring,15
2025-04-18 06:00:00+00:00,2025-04-18 06:15:00+00:00,410.26547029512517,1.3790540406746425,spring,15
2025-04-18 06:15:00+00:00,2025-04-18 06:30:00+00:00,407.56821890979165,1.3681730694719525,spring,15
2025-04-18 06:30:00+00:00,2025-04-18 06:45:00+00:00,408.6692701883624,1.3670382585548706,spring,15
2025-04-18 06:45:00+00:00,2025-04-18 07:00:00+00:00,406.0856374958322,1.3624890195739305,spring,15
2025-04-18 07:00:00+00:00,2025-04-18 07:15:00+00:00,398.5924096900122,1.3673411069822756,spring,15
2025-04-18 07:15:00+00:00,2025-04-18 07:30:00+00:00,394.900738258415,1.3470401805302936,spring,15
2025-04-18 07:30:00+00:00,2025-04-18 07:45:00+00:00,391.6453618102179,1.3590113724024813,spring,15
2025-04-18 07:45:00+00:00,2025-04-18 08:00:00+00:00,390.9653494379707,1.3474974512516398,spring,15
2025-04-18 08:00:00+00:00,2025-04-18 08:15:00+00:00,383.456824448256,1.3387414131698046,spring,15
2025-04-18 08:15:00+00:00,2025-04-18 08:30:00+00:00,378.9963733314218,1.302546594436064,spring,15
2025-04-18 08:30:00+00:00,2025-04-18 08:45:00+00:00,374.4231673681795,1.2625269770320064,spring,15
2025-04-18 08:45:00+00:00,2025-04-18 09:00:00+00:00,370.3661271539892,1.2732045825051952,spring,15
2025-04-18 09:00:00+00:00,2025-04-18 09:15:00+00:00,367.0433617473758,1.2466177899153343,spring,15
2025-04-18 09:15:00+00:00,2025-04-18 09:30:00+00:00,367.397973662442,1.2355472863986565,spring,15
2025-04-18 09:30:00+00:00,2025-04-18 09:45:00+00:00,366.82502618223094,1.2397731580670623,spring,15
2025-04-18 09:45:00+00:00,2025-04-18 10:00:00+00:00,364.2911845586566,1.2196777254123388,spring,15
2025-04-18 10:00:00+00:00,2025-04-18 10:15:00+00:00,361.2789603664978,1.2176800273314001,spring,15
2025-04-18 10:15:00+00:00,2025-04-18 10:30:00+00:00,361.539659894933,1.2189907382479845,spring,15
2025-04-18 10:30:00+00:00,2025-04-18 10:45:00+00:00,360.1482416398142,1.2246068826034615,spring,15
2025-04-18 10:45:00+00:00,2025-04-18 11:00:00+00:00,358.60017608635894,1.2273767382628504,spring,15
2025-04-18 11:00:00+00:00,2025-04-18 11:15:00+00:00,358.5961554473227,1.238612923796104,spring,15
2025-04-18 11:15:00+00:00,2025-04-18 11:30:00+00:00,355.73643447546743,1.236616310511615,spring,15
2025-04-18 11:30:00+00:00,2025-04-18 11:45:00+00:00,354.34423236643175,1.24476690041546,spring,15
2025-04-18 11:45:00+00:00,2025-04-18 12:00:00+00:00,352.64299735022837,1.2658046820786117,spring,15
2025-04-18 12:00:00+00:00,2025-04-18 12:15:00+00:00,349.17759255198104,1.2701334624112772,spring,15
2025-04-18 12:15:00+00:00,2025-04-18 12:30:00+00:00,349.07049838987564,1.2628608859774793,spring,15
2025-04-18 12:30:00+00:00,2025-04-18 12:45:00+00:00,353.96240690210595,1.269995944332433,spring,15
2025-04-18 12:45:00+00:00,2025-04-18 13:00:00+00:00,359.5810552325755,1.2855679421939816,spring,15
2025-04-18 13:00:00+00:00,2025-04-18 13:15:00+00:00,364.982304744927,1.2980137831523335,spring,15
2025-04-18 13:15:00+00:00,2025-04-18 13:30:00+00:00,368.55808784924795,1.3078528776477547,spring,15
2025-04-18 13:30:00+00:00,2025-04-18 13:45:00+00:00,372.8771560151541,1.3178943215396601,spring,15
2025-04-18 13:45:00+00:00,2025-04-18 14:00:00+00:00,383.04501391460855,1.3405315774350761,spring,15
2025-04-18 14:00:00+00:00,2025-04-18 14:15:00+00:00,393.61604000043957,1.368550336766358,spring,15
2025-04-18 14:15:00+00:00,2025-04-18 14:30:00+00:00,402.34101152275565,1.3880280164261847,spring,15
2025-04-18 14:30:00+00:00,2025-04-18 14:45:00+00:00,409.30634633198935,1.4040131927336266,spring,15
2025-04-18 14:45:00+00:00,2025-04-18 15:00:00+00:00,417.8469036996893,1.4209019827049492,spring,15
2025-04-18 15:00:00+00:00,2025-04-18 15:15:00+00:00,430.6826496582529,1.4420740092067212,spring,15
2025-04-18 15:15:00+00:00,2025-04-18 15:30:00+00:00,437.1447029174258,1.504111777696102,spring,15
2025-04-18 15:30:00+00:00,2025-04-18 15:45:00+00:00,436.4197078951612,1.5156949758383977,spring,15
2025-04-18 15:45:00+00:00,2025-04-18 16:00:00+00:00,438.153687132336,1.5214841467595153,spring,15
2025-04-18 16:00:00+00:00,2025-04-18 16:15:00+00:00,452.6666662093247,1.5461136711712005,spring,15
2025-04-18 16:15:00+00:00,2025-04-18 16:30:00+00:00,449.85357495274604,1.5468398141217308,spring,15
2025-04-18 16:30:00+00:00,2025-04-18 16:45:00+00:00,440.90548597009285,1.518980064341492,spring,15
2025-04-18 16:45:00+00:00,2025-04-18 17:00:00+00:00,432.9906812467562,1.5863927763612533,spring,15
2025-04-18 17:00:00+00:00,2025-04-18 17:15:00+00:00,446.41349009574276,1.5793274507033601,spring,15
2025-04-18 17:15:00+00:00,2025-04-18 17:30:00+00:00,443.6188062876213,1.5864509813378498,spring,15
2025-04-18 17:30:00+00:00,2025-04-18 17:45:00+00:00,437.07412940055576,1.5918434467433529,spring,15
2025-04-18 17:45:00+00:00,2025-04-18 18:00:00+00:00,446.49130366582153,1.6136275865582568,spring,15
2025-04-18 18:00:00+00:00,2025-04-18 18:15:00+00:00,460.405562811416,1.6700191690500112,spring,15
2025-04-18 18:15:00+00:00,2025-04-18 18:30:00+00:00,450.6032784144261,1.6255323002797182,spring,15
2025-04-18 18:30:00+00:00,2025-04-18 18:45:00+00:00,449.0641745175944,1.6122558733413548,spring,15
2025-04-18 18:45:00+00:00,2025-04-18 19:00:00+00:00,450.3089685122553,1.5626705508708572,spring,15
2025-04-18 19:00:00+00:00,2025-04-18 19:15:00+00:00,442.20066266359913,1.5745558292968709,spring,15
2025-04-18 19:15:00+00:00,2025-04-18 19:30:00+00:00,453.6559778402836,1.554697080269961,spring,15
2025-04-18 19:30:00+00:00,2025-04-18 19:45:00+00:00,463.20878534786317,1.5904656690627443,spring,15
2025-04-18 19:45:00+00:00,2025-04-18 20:00:00+00:00,470.4956921847282,1.571665453732837,spring,15
2025-04-18 20:00:00+00:00,2025-04-18 20:15:00+00:00,474.64227561905125,1.579313119768259,spring,15
2025-04-18 20:15:00+00:00,2025-04-18 20:30:00+00:00,474.23086117543437,1.5332286779977957,spring,15
2025-04-18 20:30:00+00:00,2025-04-18 20:45:00+00:00,483.9234399919064,1.5698880885766942,spring,15
2025-04-18 20:45:00+00:00,2025-04-18 21:00:00+00:00,488.4760857221032,1.5812844215212456,spring,15
2025-04-18 21:00:00+00:00,2025-04-18 21:15:00+00:00,491.6507869692797,1.6048011751146973,spring,15
2025-04-18 21:15:00+00:00,2025-04-18 21:30:00+00:00,494.7315642285015,1.6172484869389436,spring,15
2025-04-18 21:30:00+00:00,2025-04-18 21:45:00+00:00,496.69697500666734,1.6669298986610044,spring,15
2025-04-18 21:45:00+00:00,2025-04-18 22:00:00+00:00,493.78990098844037,1.6642716889543168,spring,15
2025-04-18 22:00:00+00:00,2025-04-18 22:15:00+00:00,496.42997667321964,1.7126652254157235,spring,15
2025-04-18 22:15:00+00:00,2025-04-18 22:30:00+00:00,499.67867728605256,1.7548627592425752,spring,15
2025-04-18 22:30:00+00:00,2025-04-18 22:45:00+00:00,506.6114232649332,1.7773640719530546,spring,15
2025-04-18 22:45:00+00:00,2025-04-18 23:00:00+00:00,505.21266045865485,1.7664924076731314,spring,15
2025-04-18 23:00:00+00:00,2025-04-18 23:15:00+00:00,509.4395095896307,1.7775411015058435,spring,15
2025-04-18 23:15:00+00:00,2025-04-18 23:30:00+00:00,509.1012678633113,1.8030040110754164,spring,15
2025-04-18 23:30:00+00:00,2025-04-18 23:45:00+00:00,506.1958544203885,1.7922461651524129,spring,15
2025-04-18 23:45:00+00:00,2025-04-19 00:00:00+00:00,506.324350598608,1.794297809012797,spring,15
2025-04-19 00:00:00+00:00,2025-04-19 00:15:00+00:00,508.99348569856613,1.8149704326350244,spring,15
2025-04-19 00:15:00+00:00,2025-04-19 00:30:00+00:00,511.83933611352603,1.796250657396067,spring,15
2025-04-19 00:30:00+00:00,2025-04-19 00:45:00+00:00,515.2555770640091,1.7987129183674988,spring,15
2025-04-19 00:45:00+00:00,2025-04-19 01:00:00+00:00,517.4503737718238,1.7986746674234624,spring,15
2025-04-19 01:00:00+00:00,2025-04-19 01:15:00+00:00,517.8278276366457,1.7974179309218072,spring,15
2025-04-19 01:15:00+00:00,2025-04-19 01:30:00+00:00,511.84958909056377,1.7773933741842998,spring,15
2025-04-19 01:30:00+00:00,2025-04-19 01:45:00+00:00,515.2402302972198,1.7891802178160547,spring,15
2025-04-19 01:45:00+00:00,2025-04-19 02:00:00+00:00,518.3502646319105,1.8014395908737213,spring,15
2025-04-19 02:00:00+00:00,2025-04-19 02:15:00+00:00,520.6208422738579,1.8061841235060407,spring,15
2025-04-19 02:15:00+00:00,2025-04-19 02:30:00+00:00,521.6669310592525,1.808383658300849,spring,15
2025-04-19 02:30:00+00:00,2025-04-19 02:45:00+00:00,522.9571305055447,1.8048272481218168,spring,15
2025-04-19 02:45:00+00:00,2025-04-19 03:00:00+00:00,523.729307002288,1.8356318370869977,spring,15
2025-04-19 03:00:00+00:00,2025-04-19 03:15:00+00:00,526.8548414916966,1.8296012231536922,spring,15
2025-04-19 03:15:00+00:00,2025-04-19 03:30:00+00:00,528.1837344715686,1.8384286625918544,spring,15
2025-04-19 03:30:00+00:00,2025-04-19 03:45:00+00:00,528.4995067667887,1.832410369242126,spring,15
2025-04-19 03:45:00+00:00,2025-04-19 04:00:00+00:00,526.9200498119128,1.8400534440624399,spring,15
2025-04-19 04:00:00+00:00,2025-04-19 04:15:00+00:00,519.1003607131684,1.8269994201915138,spring,15
2025-04-19 04:15:00+00:00,2025-04-19 04:30:00+00:00,512.0729779231407,1.8550792761372041,spring,15
2025-04-19 04:30:00+00:00,2025-04-19 04:45:00+00:00,506.1850588734721,1.8931835306960947,spring,15
2025-04-19 04:45:00+00:00,2025-04-19 05:00:00+00:00,495.6429771908137,1.8382608294515002,spring,15
2025-04-19 05:00:00+00:00,2025-04-19 05:15:00+00:00,471.0453005104141,1.7931963746307726,spring,15
2025-04-19 05:15:00+00:00,2025-04-19 05:30:00+00:00,461.13061125016446,1.683553754572221,spring,15
2025-04-19 05:30:00+00:00,2025-04-19 05:45:00+00:00,455.37551446325,1.6396697319110278,spring,15
2025-04-19 05:45:00+00:00,2025-04-19 06:00:00+00:00,430.0060624140775,1.5602141100348843,spring,15
2025-04-19 06:00:00+00:00,2025-04-19 06:15:00+00:00,395.2611991455715,1.537324507758818,spring,15
2025-04-19 06:15:00+00:00,2025-04-19 06:30:00+00:00,364.7846466326933,1.4465285297682329,spring,15
2025-04-19 06:30:00+00:00,2025-04-19 06:45:00+00:00,337.919414903487,1.3705999977850374,spring,15
2025-04-19 06:45:00+00:00,2025-04-19 07:00:00+00:00,308.0769247009997,1.283304344989986,spring,15
2025-04-19 07:00:00+00:00,2025-04-19 07:15:00+00:00,269.42641605673856,1.1936506709520256,spring,15
2025-04-19 07:15:00+00:00,2025-04-19 07:30:00+00:00,246.77572654296844,1.1204568093256424,spring,15
2025-04-19 07:30:00+00:00,2025-04-19 07:45:00+00:00,228.56327982584483,1.0609493631519327,spring,15
2025-04-19 07:45:00+00:00,2025-04-19 08:00:00+00:00,210.9034831455438,1.0144221234231996,spring,15
2025-04-19 08:00:00+00:00,2025-04-19 08:15:00+00:00,191.5823488387234,0.9662918044093406,spring,15
2025-04-19 08:15:00+00:00,2025-04-19 08:30:00+00:00,179.88703009892254,0.9274383945434281,spring,15
2025-04-19 08:30:00+00:00,2025-04-19 08:45:00+00:00,172.5691042925601,0.8938873854878133,spring,15
2025-04-19 08:45:00+00:00,2025-04-19 09:00:00+00:00,163.9829217550033,0.8760306364910517,spring,15
2025-04-19 09:00:00+00:00,2025-04-19 09:15:00+00:00,157.13281191164984,0.846308815510211,spring,15
2025-04-19 09:15:00+00:00,2025-04-19 09:30:00+00:00,152.22925893385386,0.8189985067516894,spring,15
2025-04-19 09:30:00+00:00,2025-04-19 09:45:00+00:00,150.21959035904928,0.7949769186128846,spring,15
2025-04-19 09:45:00+00:00,2025-04-19 10:00:00+00:00,147.73772214485228,0.7788340060690955,spring,15
2025-04-19 10:00:00+00:00,2025-04-19 10:15:00+00:00,145.97820792914652,0.768678375457373,spring,15
2025-04-19 10:15:00+00:00,2025-04-19 10:30:00+00:00,145.21944670767715,0.7572970864980315,spring,15
2025-04-19 10:30:00+00:00,2025-04-19 10:45:00+00:00,143.9218579483706,0.7583857541539284,spring,15
2025-04-19 10:45:00+00:00,2025-04-19 11:00:00+00:00,143.3385144421014,0.7549958755764888,spring,15
2025-04-19 11:00:00+00:00,2025-04-19 11:15:00+00:00,143.37823935799568,0.7616883336618956,spring,15
2025-04-19 11:15:00+00:00,2025-04-19 11:30:00+00:00,143.508947767047,0.7611099318958451,spring,15
2025-04-19 11:30:00+00:00,2025-04-19 11:45:00+00:00,143.43414575408516,0.7621018114561372,spring,15
2025-04-19 11:45:00+00:00,2025-04-19 12:00:00+00:00,144.4842141014115,0.7709434322538261,spring,15
2025-04-19 12:00:00+00:00,2025-04-19 12:15:00+00:00,145.88154348548508,0.8020950277136814,spring,15
2025-04-19 12:15:00+00:00,2025-04-19 12:30:00+00:00,147.19841755963188,0.8086014997902118,spring,15
2025-04-19 12:30:00+00:00,2025-04-19 12:45:00+00:00,147.71910056771668,0.8084830620418606,spring,15
2025-04-19 12:45:00+00:00,2025-04-19 13:00:00+00:00,149.53873449778388,0.8167022152499035,spring,15
2025-04-19 13:00:00+00:00,2025-04-19 13:15:00+00:00,151.20744852280552,0.8194612516561498,spring,15
2025-04-19 13:15:00+00:00,2025-04-19 13:30:00+00:00,153.9955816650511,0.8179846901824664,spring,15
2025-04-19 13:30:00+00:00,2025-04-19 13:45:00+00:00,156.0444285127509,0.8242650011785237,spring,15
2025-04-19 13:45:00+00:00,2025-04-19 14:00:00+00:00,158.97451022859818,0.8571419248279109,spring,15
2025-04-19 14:00:00+00:00,2025-04-19 14:15:00+00:00,161.82177923832944,0.8740441973993127,spring,15
2025-04-19 14:15:00+00:00,2025-04-19 14:30:00+00:00,166.9827440846149,0.9005431333075747,spring,15
2025-04-19 14:30:00+00:00,2025-04-19 14:45:00+00:00,174.0805139428372,0.936550315973612,spring,15
2025-04-19 14:45:00+00:00,2025-04-19 15:00:00+00:00,183.39304761847117,0.971437024265413,spring,15
2025-04-19 15:00:00+00:00,2025-04-19 15:15:00+00:00,197.28668909786478,1.0048817461021018,spring,15
2025-04-19 15:15:00+00:00,2025-04-19 15:30:00+00:00,213.62881596786667,1.0775911440865806,spring,15
2025-04-19 15:30:00+00:00,2025-04-19 15:45:00+00:00,236.56066287959916,1.1371564914524996,spring,15
2025-04-19 15:45:00+00:00,2025-04-19 16:00:00+00:00,272.1837874929434,1.212426980076213,spring,15
2025-04-19 16:00:00+00:00,2025-04-19 16:15:00+00:00,308.31814283331994,1.2798439360271,spring,15
2025-04-19 16:15:00+00:00,2025-04-19 16:30:00+00:00,331.61964112902507,1.3577614420297233,spring,15
2025-04-19 16:30:00+00:00,2025-04-19 16:45:00+00:00,340.4973649893685,1.4394793970176931,spring,15
2025-04-19 16:45:00+00:00,2025-04-19 17:00:00+00:00,349.5924290606146,1.6475159864147217,spring,15
2025-04-19 17:00:00+00:00,2025-04-19 17:15:00+00:00,368.6429041326269,1.5546602783782155,spring,15
2025-04-19 17:15:00+00:00,2025-04-19 17:30:00+00:00,373.65586989150796,1.5612157230907278,spring,15
2025-04-19 17:30:00+00:00,2025-04-19 17:45:00+00:00,370.8867402409327,1.6467620815235964,spring,15
2025-04-19 17:45:00+00:00,2025-04-19 18:00:00+00:00,374.4069238627095,1.6825860116654157,spring,15
2025-04-19 18:00:00+00:00,2025-04-19 18:15:00+00:00,380.2167973830222,1.6301828065556774,spring,15
2025-04-19 18:15:00+00:00,2025-04-19 18:30:00+00:00,379.37967667357884,1.6970017596168796,spring,15
2025-04-19 18:30:00+00:00,2025-04-19 18:45:00+00:00,379.6473862694486,1.6851189055276188,spring,15
2025-04-19 18:45:00+00:00,2025-04-19 19:00:00+00:00,379.0356607966274,1.6279902353950164,spring,15
2025-04-19 19:00:00+00:00,2025-04-19 19:15:00+00:00,375.67987363441523,1.6703923239544929,spring,15
2025-04-19 19:15:00+00:00,2025-04-19 19:30:00+00:00,374.58292710373337,1.5895941100306528,spring,15
2025-04-19 19:30:00+00:00,2025-04-19 19:45:00+00:00,377.75545146281144,1.534752401038651,spring,15
2025-04-19 19:45:00+00:00,2025-04-19 20:00:00+00:00,382.94237175786424,1.5122313719538207,spring,15
2025-04-19 20:00:00+00:00,2025-04-19 20:15:00+00:00,367.779113223404,1.6270034347664448,spring,15
2025-04-19 20:15:00+00:00,2025-04-19 20:30:00+00:00,375.172280684985,1.5253156101345442,spring,15
2025-04-19 20:30:00+00:00,2025-04-19 20:45:00+00:00,377.25268952115334,1.5027177610879967,spring,15
2025-04-19 20:45:00+00:00,2025-04-19 21:00:00+00:00,384.25177574235215,1.4436791933701112,spring,15
2025-04-19 21:00:00+00:00,2025-04-19 21:15:00+00:00,395.6091114418804,1.5551235469317368,spring,15
2025-04-19 21:15:00+00:00,2025-04-19 21:30:00+00:00,396.34592508524037,1.4988244882727044,spring,15
2025-04-19 21:30:00+00:00,2025-04-19 21:45:00+00:00,406.6958366937431,1.5402882923163361,spring,15
2025-04-19 21:45:00+00:00,2025-04-19 22:00:00+00:00,407.0631871548946,1.5578496263246997,spring,15
2025-04-19 22:00:00+00:00,2025-04-19 22:15:00+00:00,412.72318367256963,1.6121692094089406,spring,15
2025-04-19 22:15:00+00:00,2025-04-19 22:30:00+00:00,409.05851105394476,1.6195478672548478,spring,15
2025-04-19 22:30:00+00:00,2025-04-19 22:45:00+00:00,408.29533193303797,1.631188598619635,spring,15
2025-04-19 22:45:00+00:00,2025-04-19 23:00:00+00:00,408.64947368723404,1.614864629754882,spring,15
2025-04-19 23:00:00+00:00,2025-04-19 23:15:00+00:00,408.95520371191736,1.630422767400224,spring,15
2025-04-19 23:15:00+00:00,2025-04-19 23:30:00+00:00,411.13025734516475,1.6346388954564355,spring,15
2025-04-19 23:30:00+00:00,2025-04-19 23:45:00+00:00,413.75814217347016,1.6453602772945166,spring,15
2025-04-19 23:45:00+00:00,2025-04-20 00:00:00+00:00,414.3810734701112,1.6550268458871895,spring,15
2025-04-20 00:00:00+00:00,2025-04-20 00:15:00+00:00,414.19070559978724,1.6862058451510062,spring,15
2025-04-20 00:15:00+00:00,2025-04-20 00:30:00+00:00,409.5072644651744,1.6880012321500768,spring,15
2025-04-20 00:30:00+00:00,2025-04-20 00:45:00+00:00,405.07276619259545,1.6759808490410188,spring,15
2025-04-20 00:45:00+00:00,2025-04-20 01:00:00+00:00,405.28499498454005,1.6836600313602497,spring,15
2025-04-20 01:00:00+00:00,2025-04-20 01:15:00+00:00,405.92168400627855,1.67659240426413,spring,15
2025-04-20 01:15:00+00:00,2025-04-20 01:30:00+00:00,409.859971376819,1.7000283677643828,spring,15
2025-04-20 01:30:00+00:00,2025-04-20 01:45:00+00:00,412.34320364012467,1.705378082882713,spring,15
2025-04-20 01:45:00+00:00,2025-04-20 02:00:00+00:00,412.64349486383287,1.713948647217999,spring,15
2025-04-20 02:00:00+00:00,2025-04-20 02:15:00+00:00,417.4858953985824,1.7465343789511194,spring,15
2025-04-20 02:15:00+00:00,2025-04-20 02:30:00+00:00,416.2385086510584,1.7393276162941254,spring,15
2025-04-20 02:30:00+00:00,2025-04-20 02:45:00+00:00,411.4772651163498,1.7220033599701636,spring,15
2025-04-20 02:45:00+00:00,2025-04-20 03:00:00+00:00,406.10461563517515,1.698885330835614,spring,15
2025-04-20 03:00:00+00:00,2025-04-20 03:15:00+00:00,400.4859586406311,1.695842551024444,spring,15
2025-04-20 03:15:00+00:00,2025-04-20 03:30:00+00:00,394.8919395240868,1.680620910786502,spring,15
2025-04-20 03:30:00+00:00,2025-04-20 03:45:00+00:00,402.3446672255147,1.7098051460665853,spring,15
2025-04-20 03:45:00+00:00,2025-04-20 04:00:00+00:00,401.36389577251555,1.701115881159065,spring,15
2025-04-20 04:00:00+00:00,2025-04-20 04:15:00+00:00,393.61996774697076,1.6815954060457337,spring,15
2025-04-20 04:15:00+00:00,2025-04-20 04:30:00+00:00,391.0594595835608,1.687227454540567,spring,15
2025-04-20 04:30:00+00:00,2025-04-20 04:45:00+00:00,387.85954386206834,1.6912439156676051,spring,15
2025-04-20 04:45:00+00:00,2025-04-20 05:00:00+00:00,378.2511878216467,1.6496863563976365,spring,15
2025-04-20 05:00:00+00:00,2025-04-20 05:15:00+00:00,352.0501919354129,1.5474871073222571,spring,15
2025-04-20 05:15:00+00:00,2025-04-20 05:30:00+00:00,337.17283331515597,1.4856258933650894,spring,15
2025-04-20 05:30:00+00:00,2025-04-20 05:45:00+00:00,315.60267498471836,1.4157234512484311,spring,15
2025-04-20 05:45:00+00:00,2025-04-20 06:00:00+00:00,285.1613605622338,1.3135227396082396,spring,15
2025-04-20 06:00:00+00:00,2025-04-20 06:15:00+00:00,257.77556083984643,1.2362812574432178,spring,15
2025-04-20 06:15:00+00:00,2025-04-20 06:30:00+00:00,225.06155322666262,1.1433162930734815,spring,15
2025-04-20 06:30:00+00:00,2025-04-20 06:45:00+00:00,207.60260336790026,1.0627298139118433,spring,15
2025-04-20 06:45:00+00:00,2025-04-20 07:00:00+00:00,192.6216176894922,0.9979014465485919,spring,15
2025-04-20 07:00:00+00:00,2025-04-20 07:15:00+00:00,180.07416157629058,0.9287856533941676,spring,15
2025-04-20 07:15:00+00:00,2025-04-20 07:30:00+00:00,173.0605775546561,0.9208128872588139,spring,15
2025-04-20 07:30:00+00:00,2025-04-20 07:45:00+00:00,164.9871845093744,0.856157942408525,spring,15
2025-04-20 07:45:00+00:00,2025-04-20 08:00:00+00:00,159.84399502079472,0.8070547503356257,spring,15
2025-04-20 08:00:00+00:00,2025-04-20 08:15:00+00:00,152.52753990032494,0.7569821704548251,spring,15
2025-04-20 08:15:00+00:00,2025-04-20 08:30:00+00:00,147.75998833526367,0.7231562161356396,spring,15
2025-04-20 08:30:00+00:00,2025-04-20 08:45:00+00:00,143.51173617873042,0.6852196451854602,spring,15
2025-04-20 08:45:00+00:00,2025-04-20 09:00:00+00:00,139.9897483298955,0.6885492635534263,spring,15
2025-04-20 09:00:00+00:00,2025-04-20 09:15:00+00:00,136.8844274315359,0.6597234383005766,spring,15
2025-04-20 09:15:00+00:00,2025-04-20 09:30:00+00:00,135.1956906802628,0.6455223332514375,spring,15
2025-04-20 09:30:00+00:00,2025-04-20 09:45:00+00:00,136.4189614574481,0.6534563071494394,spring,15
2025-04-20 09:45:00+00:00,2025-04-20 10:00:00+00:00,135.4001261283724,0.6464342221060448,spring,15
2025-04-20 10:00:00+00:00,2025-04-20 10:15:00+00:00,135.32590160651907,0.6429711079803944,spring,15
2025-04-20 10:15:00+00:00,2025-04-20 10:30:00+00:00,135.02325024304574,0.6306076349996423,spring,15
2025-04-20 10:30:00+00:00,2025-04-20 10:45:00+00:00,135.36406872418527,0.6271080903789215,spring,15
2025-04-20 10:45:00+00:00,2025-04-20 11:00:00+00:00,136.1654211463296,0.6352014056539302,spring,15
2025-04-20 11:00:00+00:00,2025-04-20 11:15:00+00:00,137.1108878312242,0.6467633926405081,spring,15
2025-04-20 11:15:00+00:00,2025-04-20 11:30:00+00:00,137.9371056055931,0.6533329432507679,spring,15
2025-04-20 11:30:00+00:00,2025-04-20 11:45:00+00:00,139.43715380908353,0.6600629220531394,spring,15
2025-04-20 11:45:00+00:00,2025-04-20 12:00:00+00:00,140.57183631508428,0.6863879887436773,spring,15
2025-04-20 12:00:00+00:00,2025-04-20 12:15:00+00:00,143.0442045875129,0.6988631461512466,spring,15
2025-04-20 12:15:00+00:00,2025-04-20 12:30:00+00:00,144.8614611835592,0.7047734605468269,spring,15
2025-04-20 12:30:00+00:00,2025-04-20 12:45:00+00:00,146.31854709785617,0.7068716860869851,spring,15
2025-04-20 12:45:00+00:00,2025-04-20 13:00:00+00:00,146.73709421407167,0.7062101820598474,spring,15
2025-04-20 13:00:00+00:00,2025-04-20 13:15:00+00:00,148.15292892949176,0.7297000277361954,spring,15
2025-04-20 13:15:00+00:00,2025-04-20 13:30:00+00:00,148.6142583246126,0.7241010928530389,spring,15
2025-04-20 13:30:00+00:00,2025-04-20 13:45:00+00:00,150.99494533974382,0.740732132979656,spring,15
2025-04-20 13:45:00+00:00,2025-04-20 14:00:00+00:00,154.43575156449145,0.7672332191554762,spring,15
2025-04-20 14:00:00+00:00,2025-04-20 14:15:00+00:00,158.96344483511652,0.7953081539075813,spring,15
2025-04-20 14:15:00+00:00,2025-04-20 14:30:00+00:00,160.87101401831873,0.8070063860166027,spring,15
2025-04-20 14:30:00+00:00,2025-04-20 14:45:00+00:00,164.67269906313467,0.8465560311136784,spring,15
2025-04-20 14:45:00+00:00,2025-04-20 15:00:00+00:00,172.7143157883064,0.9318600008099008,spring,15
2025-04-20 15:00:00+00:00,2025-04-20 15:15:00+00:00,193.8967882181985,1.0055431124725358,spring,15
2025-04-20 15:15:00+00:00,2025-04-20 15:30:00+00:00,214.68830102089612,1.0796556526278465,spring,15
2025-04-20 15:30:00+00:00,2025-04-20 15:45:00+00:00,243.54807645347293,1.1674635795745087,spring,15
2025-04-20 15:45:00+00:00,2025-04-20 16:00:00+00:00,266.98606971158665,1.2213328244557813,spring,15
2025-04-20 16:00:00+00:00,2025-04-20 16:15:00+00:00,293.4606835800395,1.2549574178348188,spring,15
2025-04-20 16:15:00+00:00,2025-04-20 16:30:00+00:00,325.79651397349255,1.339034081095031,spring,15
2025-04-20 16:30:00+00:00,2025-04-20 16:45:00+00:00,338.7292945559381,1.435329154790108,spring,15
2025-04-20 16:45:00+00:00,2025-04-20 17:00:00+00:00,346.90531768253703,1.4914691862705407,spring,15
2025-04-20 17:00:00+00:00,2025-04-20 17:15:00+00:00,355.9044705965325,1.532134804166288,spring,15
2025-04-20 17:15:00+00:00,2025-04-20 17:30:00+00:00,355.78582228521094,1.5424286831720344,spring,15
2025-04-20 17:30:00+00:00,2025-04-20 17:45:00+00:00,362.8350592935072,1.5023880462912365,spring,15
2025-04-20 17:45:00+00:00,2025-04-20 18:00:00+00:00,373.80250324309026,1.6117992280287512,spring,15
2025-04-20 18:00:00+00:00,2025-04-20 18:15:00+00:00,381.9148942830283,1.6800205197596874,spring,15
2025-04-20 18:15:00+00:00,2025-04-20 18:30:00+00:00,385.63583428420725,1.659645864909785,spring,15
2025-04-20 18:30:00+00:00,2025-04-20 18:45:00+00:00,390.3490103555319,1.6230293467881762,spring,15
2025-04-20 18:45:00+00:00,2025-04-20 19:00:00+00:00,393.6071528424768,1.5930123780821808,spring,15
2025-04-20 19:00:00+00:00,2025-04-20 19:15:00+00:00,403.28012648018444,1.5711441403860709,spring,15
2025-04-20 19:15:00+00:00,2025-04-20 19:30:00+00:00,409.8995840320682,1.5947672334293594,spring,15
2025-04-20 19:30:00+00:00,2025-04-20 19:45:00+00:00,415.17274843252864,1.5867515124680638,spring,15
2025-04-20 19:45:00+00:00,2025-04-20 20:00:00+00:00,424.2765724376902,1.5709812519951967,spring,15
2025-04-20 20:00:00+00:00,2025-04-20 20:15:00+00:00,400.01364323195673,1.6386061725886714,spring,15
2025-04-20 20:15:00+00:00,2025-04-20 20:30:00+00:00,396.60967413903677,1.6145589335029622,spring,15
2025-04-20 20:30:00+00:00,2025-04-20 20:45:00+00:00,404.74985682131427,1.5595258805238015,spring,15
2025-04-20 20:45:00+00:00,2025-04-20 21:00:00+00:00,417.9428690329503,1.5563624689441875,spring,15
2025-04-20 21:00:00+00:00,2025-04-20 21:15:00+00:00,434.89136954563537,1.6443778707283734,spring,15
2025-04-20 21:15:00+00:00,2025-04-20 21:30:00+00:00,447.6293573100802,1.643745995621854,spring,15
2025-04-20 21:30:00+00:00,2025-04-20 21:45:00+00:00,452.56727933349794,1.6607085164183792,spring,15
2025-04-20 21:45:00+00:00,2025-04-20 22:00:00+00:00,466.66349429020767,1.7136858435725837,spring,15
2025-04-20 22:00:00+00:00,2025-04-20 22:15:00+00:00,473.44295358930475,1.6966440007011765,spring,15
2025-04-20 22:15:00+00:00,2025-04-20 22:30:00+00:00,478.87043519451726,1.7140631083432591,spring,15
2025-04-20 22:30:00+00:00,2025-04-20 22:45:00+00:00,487.68824772950484,1.742462567987654,spring,15
2025-04-20 22:45:00+00:00,2025-04-20 23:00:00+00:00,499.4670141235211,1.789040301041805,spring,15
2025-04-20 23:00:00+00:00,2025-04-20 23:15:00+00:00,511.65128182349514,1.8256207318300832,spring,15
2025-04-20 23:15:00+00:00,2025-04-20 23:30:00+00:00,519.9646226409374,1.855269132210978,spring,15
2025-04-20 23:30:00+00:00,2025-04-20 23:45:00+00:00,523.5114801614891,1.8686221655753823,spring,15
2025-04-20 23:45:00+00:00,2025-04-21 00:00:00+00:00,529.812628236611,1.8970781398148655,spring,15
2025-04-21 00:00:00+00:00,2025-04-21 00:15:00+00:00,519.9339348818835,1.861478788786609,spring,15
2025-04-21 00:15:00+00:00,2025-04-21 00:30:00+00:00,522.2347075896245,1.8653922497795026,spring,15
2025-04-21 00:30:00+00:00,2025-04-21 00:45:00+00:00,523.0160140509545,1.870793030019314,spring,15
2025-04-21 00:45:00+00:00,2025-04-21 01:00:00+00:00,525.086708626209,1.8758291001547676,spring,15
2025-04-21 01:00:00+00:00,2025-04-21 01:15:00+00:00,522.4031640579342,1.8652390647924157,spring,15
2025-04-21 01:15:00+00:00,2025-04-21 01:30:00+00:00,518.4281151277519,1.8478828930427655,spring,15
2025-04-21 01:30:00+00:00,2025-04-21 01:45:00+00:00,516.5235329765751,1.8416825413872744,spring,15
2025-04-21 01:45:00+00:00,2025-04-21 02:00:00+00:00,515.9744887856747,1.8442125175972937,spring,15
2025-04-21 02:00:00+00:00,2025-04-21 02:15:00+00:00,517.735253448825,1.8431937188673435,spring,15
2025-04-21 02:15:00+00:00,2025-04-21 02:30:00+00:00,519.745029311127,1.852341804945761,spring,15
2025-04-21 02:30:00+00:00,2025-04-21 02:45:00+00:00,518.0536128999062,1.8390526327618717,spring,15
2025-04-21 02:45:00+00:00,2025-04-21 03:00:00+00:00,516.7099415033468,1.8448120781600839,spring,15
2025-04-21 03:00:00+00:00,2025-04-21 03:15:00+00:00,505.9484064462553,1.8152148049926258,spring,15
2025-04-21 03:15:00+00:00,2025-04-21 03:30:00+00:00,505.0394524598297,1.8125816174097695,spring,15
2025-04-21 03:30:00+00:00,2025-04-21 03:45:00+00:00,498.7910255149346,1.787040466798709,spring,15
2025-04-21 03:45:00+00:00,2025-04-21 04:00:00+00:00,497.29826520618514,1.7808470439343063,spring,15
2025-04-21 04:00:00+00:00,2025-04-21 04:15:00+00:00,501.9769602872046,1.7936111684146698,spring,15
2025-04-21 04:15:00+00:00,2025-04-21 04:30:00+00:00,499.2585654739016,1.7849887582047843,spring,15
2025-04-21 04:30:00+00:00,2025-04-21 04:45:00+00:00,497.99476153031486,1.7840301023385565,spring,15
2025-04-21 04:45:00+00:00,2025-04-21 05:00:00+00:00,493.1935046839532,1.7787698877583964,spring,15
2025-04-21 05:00:00+00:00,2025-04-21 05:15:00+00:00,468.9932678123374,1.7451909240218615,spring,15
2025-04-21 05:15:00+00:00,2025-04-21 05:30:00+00:00,463.5958157382729,1.7377368826262527,spring,15
2025-04-21 05:30:00+00:00,2025-04-21 05:45:00+00:00,455.432481664634,1.662952220796602,spring,15
2025-04-21 05:45:00+00:00,2025-04-21 06:00:00+00:00,436.8567356003216,1.6101464731487527,spring,15
2025-04-21 06:00:00+00:00,2025-04-21 06:15:00+00:00,395.05528742127996,1.5474752720585316,spring,15
2025-04-21 06:15:00+00:00,2025-04-21 06:30:00+00:00,380.7495192084207,1.4809334815666662,spring,15
2025-04-21 06:30:00+00:00,2025-04-21 06:45:00+00:00,360.55513638888084,1.38559591758561,spring,15
2025-04-21 06:45:00+00:00,2025-04-21 07:00:00+00:00,334.95408796137997,1.3203137058244603,spring,15
2025-04-21 07:00:00+00:00,2025-04-21 07:15:00+00:00,300.2769602446057,1.2802226309395917,spring,15
2025-04-21 07:15:00+00:00,2025-04-21 07:30:00+00:00,281.6897719012691,1.1988321982991759,spring,15
2025-04-21 07:30:00+00:00,2025-04-21 07:45:00+00:00,263.69283613646434,1.140523655605175,spring,15
2025-04-21 07:45:00+00:00,2025-04-21 08:00:00+00:00,247.9914070687833,1.0854892478485982,spring,15
2025-04-21 08:00:00+00:00,2025-04-21 08:15:00+00:00,229.07139172327172,1.0386434255053252,spring,15
2025-04-21 08:15:00+00:00,2025-04-21 08:30:00+00:00,220.72124564771116,0.9838315735964499,spring,15
2025-04-21 08:30:00+00:00,2025-04-21 08:45:00+00:00,213.56746941717338,0.9538181560590855,spring,15
2025-04-21 08:45:00+00:00,2025-04-21 09:00:00+00:00,206.7126284348014,0.9360349591848361,spring,15
2025-04-21 09:00:00+00:00,2025-04-21 09:15:00+00:00,199.9050002389461,0.9124911264619421,spring,15
2025-04-21 09:15:00+00:00,2025-04-21 09:30:00+00:00,196.14917674204202,0.8863207237887467,spring,15
2025-04-21 09:30:00+00:00,2025-04-21 09:45:00+00:00,194.41892711819474,0.8626300050902563,spring,15
2025-04-21 09:45:00+00:00,2025-04-21 10:00:00+00:00,191.88862756455163,0.8483251823605019,spring,15
2025-04-21 10:00:00+00:00,2025-04-21 10:15:00+00:00,188.38626509761917,0.8699416347331159,spring,15
2025-04-21 10:15:00+00:00,2025-04-21 10:30:00+00:00,186.21830538166637,0.8495649294568725,spring,15
2025-04-21 10:30:00+00:00,2025-04-21 10:45:00+00:00,182.9589160868641,0.8548047191748729,spring,15
2025-04-21 10:45:00+00:00,2025-04-21 11:00:00+00:00,182.69896482906262,0.838576266612484,spring,15
2025-04-21 11:00:00+00:00,2025-04-21 11:15:00+00:00,183.3799352204925,0.8244353757436615,spring,15
2025-04-21 11:15:00+00:00,2025-04-21 11:30:00+00:00,184.3963450043003,0.8268408518905758,spring,15
2025-04-21 11:30:00+00:00,2025-04-21 11:45:00+00:00,184.59803021654722,0.8361242991679821,spring,15
2025-04-21 11:45:00+00:00,2025-04-21 12:00:00+00:00,185.2479249174006,0.8405252602371664,spring,15
2025-04-21 12:00:00+00:00,2025-04-21 12:15:00+00:00,184.59384777598515,0.8473391357534004,spring,15
2025-04-21 12:15:00+00:00,2025-04-21 12:30:00+00:00,186.4726320149868,0.856164076775464,spring,15
2025-04-21 12:30:00+00:00,2025-04-21 12:45:00+00:00,188.10468764922686,0.8516742170041849,spring,15
2025-04-21 12:45:00+00:00,2025-04-21 13:00:00+00:00,190.31108541637843,0.8670169430561226,spring,15
2025-04-21 13:00:00+00:00,2025-04-21 13:15:00+00:00,194.28835627419986,0.8703499867925435,spring,15
2025-04-21 13:15:00+00:00,2025-04-21 13:30:00+00:00,198.68179082348664,0.8809683415752194,spring,15
2025-04-21 13:30:00+00:00,2025-04-21 13:45:00+00:00,204.57696823255637,0.9097906668843596,spring,15
2025-04-21 13:45:00+00:00,2025-04-21 14:00:00+00:00,214.5563916226374,0.9465305058153167,spring,15
2025-04-21 14:00:00+00:00,2025-04-21 14:15:00+00:00,231.01801557293854,0.9948931738019571,spring,15
2025-04-21 14:15:00+00:00,2025-04-21 14:30:00+00:00,246.1976507163634,1.0189332616524411,spring,15
2025-04-21 14:30:00+00:00,2025-04-21 14:45:00+00:00,267.0173544984016,1.0635600210358802,spring,15
2025-04-21 14:45:00+00:00,2025-04-21 15:00:00+00:00,289.30565725640076,1.1183792748012014,spring,15
2025-04-21 15:00:00+00:00,2025-04-21 15:15:00+00:00,317.9139099575589,1.1999259196441714,spring,15
2025-04-21 15:15:00+00:00,2025-04-21 15:30:00+00:00,339.49739731659247,1.2475784436831217,spring,15
2025-04-21 15:30:00+00:00,2025-04-21 15:45:00+00:00,360.2275842168321,1.2790060353591433,spring,15
2025-04-21 15:45:00+00:00,2025-04-21 16:00:00+00:00,368.7867581389177,1.3193520023140677,spring,15
2025-04-21 16:00:00+00:00,2025-04-21 16:15:00+00:00,402.23981636870144,1.3601867759224089,spring,15
2025-04-21 16:15:00+00:00,2025-04-21 16:30:00+00:00,426.73693429396394,1.4211417898864185,spring,15
2025-04-21 16:30:00+00:00,2025-04-21 16:45:00+00:00,442.01069108645555,1.4581388724660664,spring,15
2025-04-21 16:45:00+00:00,2025-04-21 17:00:00+00:00,455.96661169198484,1.524613229183084,spring,15
2025-04-21 17:00:00+00:00,2025-04-21 17:15:00+00:00,479.4923151407109,1.5882386543685836,spring,15
2025-04-21 17:15:00+00:00,2025-04-21 17:30:00+00:00,487.8322391554947,1.635866798313243,spring,15
2025-04-21 17:30:00+00:00,2025-04-21 17:45:00+00:00,484.50630327986767,1.6676116517697217,spring,15
2025-04-21 17:45:00+00:00,2025-04-21 18:00:00+00:00,489.60042479529045,1.679578592721959,spring,15
2025-04-21 18:00:00+00:00,2025-04-21 18:15:00+00:00,491.33859687141796,1.7210854135924158,spring,15
2025-04-21 18:15:00+00:00,2025-04-21 18:30:00+00:00,499.3298524649642,1.71335682622775,spring,15
2025-04-21 18:30:00+00:00,2025-04-21 18:45:00+00:00,508.537323356267,1.7296398248898948,spring,15
2025-04-21 18:45:00+00:00,2025-04-21 19:00:00+00:00,512.533746285932,1.742841543999037,spring,15
2025-04-21 19:00:00+00:00,2025-04-21 19:15:00+00:00,495.79809956817303,1.7572839943888023,spring,15
2025-04-21 19:15:00+00:00,2025-04-21 19:30:00+00:00,504.46841292544866,1.76289740009252,spring,15
2025-04-21 19:30:00+00:00,2025-04-21 19:45:00+00:00,513.3948832121222,1.767462311499234,spring,15
2025-04-21 19:45:00+00:00,2025-04-21 20:00:00+00:00,521.8237671198976,1.7588764458892852,spring,15
2025-04-21 20:00:00+00:00,2025-04-21 20:15:00+00:00,524.9131674759773,1.7539851661455235,spring,15
2025-04-21 20:15:00+00:00,2025-04-21 20:30:00+00:00,532.1483662877115,1.7766241443374584,spring,15
2025-04-21 20:30:00+00:00,2025-04-21 20:45:00+00:00,538.9164341136368,1.7681111439701405,spring,15
2025-04-21 20:45:00+00:00,2025-04-21 21:00:00+00:00,537.7445880647832,1.739116133550933,spring,15
2025-04-21 21:00:00+00:00,2025-04-21 21:15:00+00:00,537.324761630495,1.7043832646609567,spring,15
2025-04-21 21:15:00+00:00,2025-04-21 21:30:00+00:00,539.1741676101498,1.7382725763586948,spring,15
2025-04-21 21:30:00+00:00,2025-04-21 21:45:00+00:00,542.3444153780505,1.714131424673553,spring,15
2025-04-21 21:45:00+00:00,2025-04-21 22:00:00+00:00,540.2758840329536,1.7026387383515638,spring,15
2025-04-21 22:00:00+00:00,2025-04-21 22:15:00+00:00,533.9846604185778,1.7665039293088682,spring,15
2025-04-21 22:15:00+00:00,2025-04-21 22:30:00+00:00,538.3260873905801,1.734481498501433,spring,15
2025-04-21 22:30:00+00:00,2025-04-21 22:45:00+00:00,540.3949741943064,1.778524364172534,spring,15
2025-04-21 22:45:00+00:00,2025-04-21 23:00:00+00:00,541.8246010623251,1.7312445041130309,spring,15
2025-04-21 23:00:00+00:00,2025-04-21 23:15:00+00:00,541.3581152299478,1.764924690162956,spring,15
2025-04-21 23:15:00+00:00,2025-04-21 23:30:00+00:00,540.7271096866351,1.720803587025078,spring,15
2025-04-21 23:30:00+00:00,2025-04-21 23:45:00+00:00,537.099175269146,1.7106434443321301,spring,15
2025-04-21 23:45:00+00:00,2025-04-22 00:00:00+00:00,535.6647452413,1.707346012425308,spring,15
2025-04-22 00:00:00+00:00,2025-04-22 00:15:00+00:00,537.03727920018,1.7281970528836241,spring,15
2025-04-22 00:15:00+00:00,2025-04-22 00:30:00+00:00,539.8372484978992,1.7273295953754304,spring,15
2025-04-22 00:30:00+00:00,2025-04-22 00:45:00+00:00,543.912759398634,1.7410861667571256,spring,15
2025-04-22 00:45:00+00:00,2025-04-22 01:00:00+00:00,545.5835213400021,1.7495032208641939,spring,15
2025-04-22 01:00:00+00:00,2025-04-22 01:15:00+00:00,545.5487990795547,1.7631064289191034,spring,15
2025-04-22 01:15:00+00:00,2025-04-22 01:30:00+00:00,547.9702581631906,1.7721735831682455,spring,15
2025-04-22 01:30:00+00:00,2025-04-22 01:45:00+00:00,551.9240780734788,1.7589194683017564,spring,15
2025-04-22 01:45:00+00:00,2025-04-22 02:00:00+00:00,553.9621149656402,1.7452168337931622,spring,15
2025-04-22 02:00:00+00:00,2025-04-22 02:15:00+00:00,554.2387008201807,1.7489473900983785,spring,15
2025-04-22 02:15:00+00:00,2025-04-22 02:30:00+00:00,556.9243071221101,1.7564656105431613,spring,15
2025-04-22 02:30:00+00:00,2025-04-22 02:45:00+00:00,558.1559076662145,1.7713469092618357,spring,15
2025-04-22 02:45:00+00:00,2025-04-22 03:00:00+00:00,561.9294480732533,1.7491661349296301,spring,15
2025-04-22 03:00:00+00:00,2025-04-22 03:15:00+00:00,562.628007412208,1.7331650213899001,spring,15
2025-04-22 03:15:00+00:00,2025-04-22 03:30:00+00:00,564.4457995772879,1.7402907770579894,spring,15
2025-04-22 03:30:00+00:00,2025-04-22 03:45:00+00:00,562.3080664374203,1.7387614809330745,spring,15
2025-04-22 03:45:00+00:00,2025-04-22 04:00:00+00:00,555.144343246722,1.7670756342370693,spring,15
2025-04-22 04:00:00+00:00,2025-04-22 04:15:00+00:00,543.4644367250967,1.6760894426618314,spring,15
2025-04-22 04:15:00+00:00,2025-04-22 04:30:00+00:00,519.4562325656362,1.6352109572044808,spring,15
2025-04-22 04:30:00+00:00,2025-04-22 04:45:00+00:00,503.92815153932145,1.5935891577235215,spring,15
2025-04-22 04:45:00+00:00,2025-04-22 05:00:00+00:00,494.14258241531525,1.5274576418439008,spring,15
2025-04-22 05:00:00+00:00,2025-04-22 05:15:00+00:00,451.75116356119065,1.4357182207902992,spring,15
2025-04-22 05:15:00+00:00,2025-04-22 05:30:00+00:00,440.5480647167474,1.3989573947932008,spring,15
2025-04-22 05:30:00+00:00,2025-04-22 05:45:00+00:00,430.503838543836,1.359424013981152,spring,15
2025-04-22 05:45:00+00:00,2025-04-22 06:00:00+00:00,421.4462480825925,1.3146604375501374,spring,15
2025-04-22 06:00:00+00:00,2025-04-22 06:15:00+00:00,406.92859214750564,1.2784106320808284,spring,15
2025-04-22 06:15:00+00:00,2025-04-22 06:30:00+00:00,392.23302864411374,1.2264739997669352,spring,15
2025-04-22 06:30:00+00:00,2025-04-22 06:45:00+00:00,383.10469045958155,1.1840383700553698,spring,15
2025-04-22 06:45:00+00:00,2025-04-22 07:00:00+00:00,373.78288950278005,1.1674588614717227,spring,15
2025-04-22 07:00:00+00:00,2025-04-22 07:15:00+00:00,352.63026635921545,1.1230928951753874,spring,15
2025-04-22 07:15:00+00:00,2025-04-22 07:30:00+00:00,347.5786374776524,1.0683090338060743,spring,15
2025-04-22 07:30:00+00:00,2025-04-22 07:45:00+00:00,341.2798910100119,1.0588297985542086,spring,15
2025-04-22 07:45:00+00:00,2025-04-22 08:00:00+00:00,336.7087476923368,1.0693523150742135,spring,15
2025-04-22 08:00:00+00:00,2025-04-22 08:15:00+00:00,332.91425681785404,1.0558276712421837,spring,15
2025-04-22 08:15:00+00:00,2025-04-22 08:30:00+00:00,327.1890877401566,1.0569675620402335,spring,15
2025-04-22 08:30:00+00:00,2025-04-22 08:45:00+00:00,319.6800827153023,1.0412208309933637,spring,15
2025-04-22 08:45:00+00:00,2025-04-22 09:00:00+00:00,305.3413565221609,1.0031149562035042,spring,15
2025-04-22 09:00:00+00:00,2025-04-22 09:15:00+00:00,292.8479122816655,0.9826476091201075,spring,15
2025-04-22 09:15:00+00:00,2025-04-22 09:30:00+00:00,281.7919050405034,0.9579943935348192,spring,15
2025-04-22 09:30:00+00:00,2025-04-22 09:45:00+00:00,273.04852105319634,0.95139180999731,spring,15
2025-04-22 09:45:00+00:00,2025-04-22 10:00:00+00:00,264.09038160574386,0.9440400705860333,spring,15
2025-04-22 10:00:00+00:00,2025-04-22 10:15:00+00:00,257.0299300259633,0.9333468647133076,spring,15
2025-04-22 10:15:00+00:00,2025-04-22 10:30:00+00:00,249.7938661671261,0.9251043668476826,spring,15
2025-04-22 10:30:00+00:00,2025-04-22 10:45:00+00:00,244.87925310305485,0.9088163696000531,spring,15
2025-04-22 10:45:00+00:00,2025-04-22 11:00:00+00:00,242.51467893338713,0.9035177559767048,spring,15
2025-04-22 11:00:00+00:00,2025-04-22 11:15:00+00:00,242.96377424815955,0.9130122618879921,spring,15
2025-04-22 11:15:00+00:00,2025-04-22 11:30:00+00:00,244.2865015089354,0.9058714115975215,spring,15
2025-04-22 11:30:00+00:00,2025-04-22 11:45:00+00:00,246.8062819556527,0.9074172770103331,spring,15
2025-04-22 11:45:00+00:00,2025-04-22 12:00:00+00:00,250.68935692671198,0.9145954509760648,spring,15
2025-04-22 12:00:00+00:00,2025-04-22 12:15:00+00:00,258.4903170230199,0.9217431349773307,spring,15
2025-04-22 12:15:00+00:00,2025-04-22 12:30:00+00:00,265.4477108606032,0.9259111096749609,spring,15
2025-04-22 12:30:00+00:00,2025-04-22 12:45:00+00:00,271.04027952069725,0.9426982320905789,spring,15
2025-04-22 12:45:00+00:00,2025-04-22 13:00:00+00:00,275.3504951232616,0.9532870914427145,spring,15
2025-04-22 13:00:00+00:00,2025-04-22 13:15:00+00:00,276.5831740936905,0.9578338324836954,spring,15
2025-04-22 13:15:00+00:00,2025-04-22 13:30:00+00:00,278.27386560866756,0.9715546002988504,spring,15
2025-04-22 13:30:00+00:00,2025-04-22 13:45:00+00:00,287.70489157204275,0.9994733781519701,spring,15
2025-04-22 13:45:00+00:00,2025-04-22 14:00:00+00:00,305.8593010270942,1.0392438301805842,spring,15
2025-04-22 14:00:00+00:00,2025-04-22 14:15:00+00:00,320.4783318273159,1.054963353299626,spring,15
2025-04-22 14:15:00+00:00,2025-04-22 14:30:00+00:00,332.3430751131612,1.0807687098039023,spring,15
2025-04-22 14:30:00+00:00,2025-04-22 14:45:00+00:00,347.65764677251053,1.1098737267186354,spring,15
2025-04-22 14:45:00+00:00,2025-04-22 15:00:00+00:00,363.4116473258002,1.1480993422646444,spring,15
2025-04-22 15:00:00+00:00,2025-04-22 15:15:00+00:00,380.844130586241,1.154746305844643,spring,15
2025-04-22 15:15:00+00:00,2025-04-22 15:30:00+00:00,396.54346270740166,1.1919097762895339,spring,15
2025-04-22 15:30:00+00:00,2025-04-22 15:45:00+00:00,409.758864716777,1.2464147516533508,spring,15
2025-04-22 15:45:00+00:00,2025-04-22 16:00:00+00:00,418.8593612460655,1.2700906366006348,spring,15
2025-04-22 16:00:00+00:00,2025-04-22 16:15:00+00:00,448.81817195922247,1.311784144463974,spring,15
2025-04-22 16:15:00+00:00,2025-04-22 16:30:00+00:00,464.01633486739223,1.360310646746958,spring,15
2025-04-22 16:30:00+00:00,2025-04-22 16:45:00+00:00,469.8931782191131,1.38025381244118,spring,15
2025-04-22 16:45:00+00:00,2025-04-22 17:00:00+00:00,476.4269036992443,1.501430168759552,spring,15
2025-04-22 17:00:00+00:00,2025-04-22 17:15:00+00:00,496.8667751490424,1.5127349484254586,spring,15
2025-04-22 17:15:00+00:00,2025-04-22 17:30:00+00:00,502.50121232890496,1.5452805851926403,spring,15
2025-04-22 17:30:00+00:00,2025-04-22 17:45:00+00:00,507.92926209903015,1.6368880153849423,spring,15
2025-04-22 17:45:00+00:00,2025-04-22 18:00:00+00:00,515.0305737013043,1.671274646782539,spring,15
2025-04-22 18:00:00+00:00,2025-04-22 18:15:00+00:00,517.1572401787181,1.6844751450114517,spring,15
2025-04-22 18:15:00+00:00,2025-04-22 18:30:00+00:00,519.5616688355561,1.7312446630235665,spring,15
2025-04-22 18:30:00+00:00,2025-04-22 18:45:00+00:00,523.1663140442757,1.6894002583340133,spring,15
2025-04-22 18:45:00+00:00,2025-04-22 19:00:00+00:00,524.6237262734332,1.69687606782033,spring,15
2025-04-22 19:00:00+00:00,2025-04-22 19:15:00+00:00,540.2055876308195,1.8024800826337217,spring,15
2025-04-22 19:15:00+00:00,2025-04-22 19:30:00+00:00,533.2102154148486,1.780061708414888,spring,15
2025-04-22 19:30:00+00:00,2025-04-22 19:45:00+00:00,537.6553034776758,1.7196187597190689,spring,15
2025-04-22 19:45:00+00:00,2025-04-22 20:00:00+00:00,552.7059349796814,1.7136566674017601,spring,15
2025-04-22 20:00:00+00:00,2025-04-22 20:15:00+00:00,566.7432087907019,1.7124163742213958,spring,15
2025-04-22 20:15:00+00:00,2025-04-22 20:30:00+00:00,573.1836733105608,1.6797968685039313,spring,15
2025-04-22 20:30:00+00:00,2025-04-22 20:45:00+00:00,573.0695781564741,1.6365969482223082,spring,15
2025-04-22 20:45:00+00:00,2025-04-22 21:00:00+00:00,600.6427339336497,1.698860362798532,spring,15
2025-04-22 21:00:00+00:00,2025-04-22 21:15:00+00:00,597.8680086434848,1.701303655568361,spring,15
2025-04-22 21:15:00+00:00,2025-04-22 21:30:00+00:00,612.9954657742279,1.7499511482722772,spring,15
2025-04-22 21:30:00+00:00,2025-04-22 21:45:00+00:00,616.9765550983069,1.7661847757185491,spring,15
2025-04-22 21:45:00+00:00,2025-04-22 22:00:00+00:00,621.4603651195249,1.8404553377387058,spring,15
2025-04-22 22:00:00+00:00,2025-04-22 22:15:00+00:00,633.3229324248704,1.8085456290921655,spring,15
2025-04-22 22:15:00+00:00,2025-04-22 22:30:00+00:00,638.2848604471418,1.8310053915634974,spring,15
2025-04-22 22:30:00+00:00,2025-04-22 22:45:00+00:00,633.886309829878,1.827964516955888,spring,15
2025-04-22 22:45:00+00:00,2025-04-22 23:00:00+00:00,631.902112679724,1.8319266255978595,spring,15
2025-04-22 23:00:00+00:00,2025-04-22 23:15:00+00:00,631.592078837366,1.8511327152583337,spring,15
2025-04-22 23:15:00+00:00,2025-04-22 23:30:00+00:00,635.7310665063146,1.8573818938214341,spring,15
2025-04-22 23:30:00+00:00,2025-04-22 23:45:00+00:00,633.4922172459501,1.8546682478043506,spring,15
2025-04-22 23:45:00+00:00,2025-04-23 00:00:00+00:00,630.8344168843985,1.857054302235328,spring,15
2025-04-23 00:00:00+00:00,2025-04-23 00:15:00+00:00,629.5369208198123,1.866089024951794,spring,15
2025-04-23 00:15:00+00:00,2025-04-23 00:30:00+00:00,629.7594749112218,1.8629168563317868,spring,15
2025-04-23 00:30:00+00:00,2025-04-23 00:45:00+00:00,627.6210157470024,1.854014142560806,spring,15
2025-04-23 00:45:00+00:00,2025-04-23 01:00:00+00:00,628.2484232583101,1.852133770118017,spring,15
2025-04-23 01:00:00+00:00,2025-04-23 01:15:00+00:00,629.4420632235679,1.85732947924898,spring,15
2025-04-23 01:15:00+00:00,2025-04-23 01:30:00+00:00,630.1913399971055,1.8551976159875587,spring,15
2025-04-23 01:30:00+00:00,2025-04-23 01:45:00+00:00,629.5745841901494,1.8532751834257097,spring,15
2025-04-23 01:45:00+00:00,2025-04-23 02:00:00+00:00,631.448747491883,1.8555142585109266,spring,15
2025-04-23 02:00:00+00:00,2025-04-23 02:15:00+00:00,629.6870026394254,1.8406575918321897,spring,15
2025-04-23 02:15:00+00:00,2025-04-23 02:30:00+00:00,625.9361893213512,1.8335605025529564,spring,15
2025-04-23 02:30:00+00:00,2025-04-23 02:45:00+00:00,627.5258455291915,1.8362666822071132,spring,15
2025-04-23 02:45:00+00:00,2025-04-23 03:00:00+00:00,631.1057658177895,1.82710549707326,spring,15
2025-04-23 03:00:00+00:00,2025-04-23 03:15:00+00:00,624.0596687712203,1.8041380999853758,spring,15
2025-04-23 03:15:00+00:00,2025-04-23 03:30:00+00:00,623.7733280306111,1.7958225119806606,spring,15
2025-04-23 03:30:00+00:00,2025-04-23 03:45:00+00:00,621.4830883380273,1.7909245085147605,spring,15
2025-04-23 03:45:00+00:00,2025-04-23 04:00:00+00:00,609.2718498177778,1.7600320677810886,spring,15
2025-04-23 04:00:00+00:00,2025-04-23 04:15:00+00:00,582.923848984575,1.719556820713115,spring,15
2025-04-23 04:15:00+00:00,2025-04-23 04:30:00+00:00,561.3375566308175,1.65348781647747,spring,15
2025-04-23 04:30:00+00:00,2025-04-23 04:45:00+00:00,538.9499445653939,1.5869269076862045,spring,15
2025-04-23 04:45:00+00:00,2025-04-23 05:00:00+00:00,525.0724896182868,1.5498255998053199,spring,15
2025-04-23 05:00:00+00:00,2025-04-23 05:15:00+00:00,503.7964994875537,1.478933269484745,spring,15
2025-04-23 05:15:00+00:00,2025-04-23 05:30:00+00:00,491.8882777975461,1.4406260533878747,spring,15
2025-04-23 05:30:00+00:00,2025-04-23 05:45:00+00:00,482.74904715583466,1.4129565540243663,spring,15
2025-04-23 05:45:00+00:00,2025-04-23 06:00:00+00:00,472.11538319607604,1.3851378563572105,spring,15
2025-04-23 06:00:00+00:00,2025-04-23 06:15:00+00:00,439.6752556181274,1.290570842531126,spring,15
2025-04-23 06:15:00+00:00,2025-04-23 06:30:00+00:00,427.2952468967814,1.2492465453965391,spring,15
2025-04-23 06:30:00+00:00,2025-04-23 06:45:00+00:00,411.65708159738637,1.197172871595918,spring,15
2025-04-23 06:45:00+00:00,2025-04-23 07:00:00+00:00,400.01921646314094,1.176009487665437,spring,15
2025-04-23 07:00:00+00:00,2025-04-23 07:15:00+00:00,374.0346823750214,1.123306390285281,spring,15
2025-04-23 07:15:00+00:00,2025-04-23 07:30:00+00:00,362.50741593736495,1.098195175239676,spring,15
2025-04-23 07:30:00+00:00,2025-04-23 07:45:00+00:00,347.5930025833518,1.0607630782699462,spring,15
2025-04-23 07:45:00+00:00,2025-04-23 08:00:00+00:00,332.65520316047713,1.0300065095308515,spring,15
2025-04-23 08:00:00+00:00,2025-04-23 08:15:00+00:00,319.35533151397874,1.0142153781953225,spring,15
2025-04-23 08:15:00+00:00,2025-04-23 08:30:00+00:00,305.27729677962947,0.9816397137285289,spring,15
2025-04-23 08:30:00+00:00,2025-04-23 08:45:00+00:00,294.7874456196219,0.949550450041335,spring,15
2025-04-23 08:45:00+00:00,2025-04-23 09:00:00+00:00,285.8034417644948,0.9231008994662121,spring,15
2025-04-23 09:00:00+00:00,2025-04-23 09:15:00+00:00,276.2421382352781,0.9119854522723493,spring,15
2025-04-23 09:15:00+00:00,2025-04-23 09:30:00+00:00,266.92655404533,0.8893599750620038,spring,15
2025-04-23 09:30:00+00:00,2025-04-23 09:45:00+00:00,264.2440228650329,0.8749064172810797,spring,15
2025-04-23 09:45:00+00:00,2025-04-23 10:00:00+00:00,257.6287337696641,0.8646941386289112,spring,15
2025-04-23 10:00:00+00:00,2025-04-23 10:15:00+00:00,248.89622501176828,0.8585174215965091,spring,15
2025-04-23 10:15:00+00:00,2025-04-23 10:30:00+00:00,239.8975701507498,0.8461196874569779,spring,15
2025-04-23 10:30:00+00:00,2025-04-23 10:45:00+00:00,242.78655710121924,0.8491418880306245,spring,15
2025-04-23 10:45:00+00:00,2025-04-23 11:00:00+00:00,243.22541951134576,0.8514960577433018,spring,15
2025-04-23 11:00:00+00:00,2025-04-23 11:15:00+00:00,242.89234225847957,0.8558673982089102,spring,15
2025-04-23 11:15:00+00:00,2025-04-23 11:30:00+00:00,244.58368798810613,0.8642341320448547,spring,15
2025-04-23 11:30:00+00:00,2025-04-23 11:45:00+00:00,243.36973842283396,0.867191878835723,spring,15
2025-04-23 11:45:00+00:00,2025-04-23 12:00:00+00:00,245.94331152767862,0.8764818234776299,spring,15
2025-04-23 12:00:00+00:00,2025-04-23 12:15:00+00:00,250.4683277333061,0.8858178294809296,spring,15
2025-04-23 12:15:00+00:00,2025-04-23 12:30:00+00:00,257.00804584036723,0.8965764709558124,spring,15
2025-04-23 12:30:00+00:00,2025-04-23 12:45:00+00:00,265.74490417389984,0.9144909575863543,spring,15
2025-04-23 12:45:00+00:00,2025-04-23 13:00:00+00:00,273.7987180806017,0.928644657901936,spring,15
2025-04-23 13:00:00+00:00,2025-04-23 13:15:00+00:00,274.2412810626066,0.9375983477966838,spring,15
2025-04-23 13:15:00+00:00,2025-04-23 13:30:00+00:00,276.62697345216674,0.9507428970646448,spring,15
2025-04-23 13:30:00+00:00,2025-04-23 13:45:00+00:00,286.42674206270135,0.9768443913695377,spring,15
2025-04-23 13:45:00+00:00,2025-04-23 14:00:00+00:00,296.4769072531943,1.0117787262939166,spring,15
2025-04-23 14:00:00+00:00,2025-04-23 14:15:00+00:00,315.54951259287185,1.0350962953347878,spring,15
2025-04-23 14:15:00+00:00,2025-04-23 14:30:00+00:00,331.4565844466401,1.0530895884981062,spring,15
2025-04-23 14:30:00+00:00,2025-04-23 14:45:00+00:00,345.5166045610656,1.0717270672276753,spring,15
2025-04-23 14:45:00+00:00,2025-04-23 15:00:00+00:00,354.93044062832615,1.0916398368484383,spring,15
2025-04-23 15:00:00+00:00,2025-04-23 15:15:00+00:00,362.19726056099324,1.1085467931255732,spring,15
2025-04-23 15:15:00+00:00,2025-04-23 15:30:00+00:00,372.26692410629386,1.1345530735185514,spring,15
2025-04-23 15:30:00+00:00,2025-04-23 15:45:00+00:00,382.25434904778973,1.1691109204126915,spring,15
2025-04-23 15:45:00+00:00,2025-04-23 16:00:00+00:00,388.7378098569528,1.2075238965728006,spring,15
2025-04-23 16:00:00+00:00,2025-04-23 16:15:00+00:00,409.3933873543737,1.2472701305446987,spring,15
2025-04-23 16:15:00+00:00,2025-04-23 16:30:00+00:00,421.8404244647086,1.2828811779630165,spring,15
2025-04-23 16:30:00+00:00,2025-04-23 16:45:00+00:00,418.1844452126644,1.3004197517646332,spring,15
2025-04-23 16:45:00+00:00,2025-04-23 17:00:00+00:00,416.76913047733586,1.406391338527478,spring,15
2025-04-23 17:00:00+00:00,2025-04-23 17:15:00+00:00,424.26413630839545,1.3980806600920657,spring,15
2025-04-23 17:15:00+00:00,2025-04-23 17:30:00+00:00,428.81714553974405,1.4234251461630962,spring,15
2025-04-23 17:30:00+00:00,2025-04-23 17:45:00+00:00,432.6275645385973,1.4436947345584972,spring,15
2025-04-23 17:45:00+00:00,2025-04-23 18:00:00+00:00,431.4960110123109,1.420210304163226,spring,15
2025-04-23 18:00:00+00:00,2025-04-23 18:15:00+00:00,428.8296075758648,1.3823874211791105,spring,15
2025-04-23 18:15:00+00:00,2025-04-23 18:30:00+00:00,430.55717924290525,1.3590698941371564,spring,15
2025-04-23 18:30:00+00:00,2025-04-23 18:45:00+00:00,435.95547940665136,1.360130145205862,spring,15
2025-04-23 18:45:00+00:00,2025-04-23 19:00:00+00:00,441.14578178825025,1.3478176321507385,spring,15
2025-04-23 19:00:00+00:00,2025-04-23 19:15:00+00:00,432.41946047895885,1.2813158306331125,spring,15
2025-04-23 19:15:00+00:00,2025-04-23 19:30:00+00:00,436.8052429053433,1.2739834568543758,spring,15
2025-04-23 19:30:00+00:00,2025-04-23 19:45:00+00:00,438.4318463059949,1.303764595139553,spring,15
2025-04-23 19:45:00+00:00,2025-04-23 20:00:00+00:00,443.7235548011277,1.32184782651147,spring,15
2025-04-23 20:00:00+00:00,2025-04-23 20:15:00+00:00,438.2014923348025,1.4020950242743184,spring,15
2025-04-23 20:15:00+00:00,2025-04-23 20:30:00+00:00,439.2312415504094,1.3497244263295651,spring,15
2025-04-23 20:30:00+00:00,2025-04-23 20:45:00+00:00,442.37480096371485,1.323630802694098,spring,15
2025-04-23 20:45:00+00:00,2025-04-23 21:00:00+00:00,437.68982650986396,1.3443793536569326,spring,15
2025-04-23 21:00:00+00:00,2025-04-23 21:15:00+00:00,429.66096916017125,1.4055672198794644,spring,15
2025-04-23 21:15:00+00:00,2025-04-23 21:30:00+00:00,434.36987059859246,1.36480256929851,spring,15
2025-04-23 21:30:00+00:00,2025-04-23 21:45:00+00:00,436.9881518449241,1.3585827543427957,spring,15
2025-04-23 21:45:00+00:00,2025-04-23 22:00:00+00:00,436.9287274530713,1.3579352183205395,spring,15
2025-04-23 22:00:00+00:00,2025-04-23 22:15:00+00:00,433.94585516448507,1.4097429544863884,spring,15
2025-04-23 22:15:00+00:00,2025-04-23 22:30:00+00:00,433.6116238625498,1.4201053442677782,spring,15
2025-04-23 22:30:00+00:00,2025-04-23 22:45:00+00:00,434.25506712818117,1.46148577225142,spring,15
2025-04-23 22:45:00+00:00,2025-04-23 23:00:00+00:00,438.01886277028996,1.4344110982730864,spring,15
2025-04-23 23:00:00+00:00,2025-04-23 23:15:00+00:00,434.29540275790464,1.5170315381156028,spring,15
2025-04-23 23:15:00+00:00,2025-04-23 23:30:00+00:00,436.33190276462796,1.4990034150984946,spring,15
2025-04-23 23:30:00+00:00,2025-04-23 23:45:00+00:00,439.1004527197288,1.4940299299450293,spring,15
2025-04-23 23:45:00+00:00,2025-04-24 00:00:00+00:00,440.6789012161312,1.4938922444496892,spring,15
2025-04-24 00:00:00+00:00,2025-04-24 00:15:00+00:00,440.6409454323932,1.5255348260509136,spring,15
2025-04-24 00:15:00+00:00,2025-04-24 00:30:00+00:00,442.92371505918965,1.4807924798745287,spring,15
2025-04-24 00:30:00+00:00,2025-04-24 00:45:00+00:00,440.77674733972196,1.4754813005394711,spring,15
2025-04-24 00:45:00+00:00,2025-04-24 01:00:00+00:00,439.9041074364905,1.4752722320644607,spring,15
2025-04-24 01:00:00+00:00,2025-04-24 01:15:00+00:00,437.3018614202603,1.4957250431656723,spring,15
2025-04-24 01:15:00+00:00,2025-04-24 01:30:00+00:00,439.0967817839278,1.48855303174366,spring,15
2025-04-24 01:30:00+00:00,2025-04-24 01:45:00+00:00,425.2784827234827,1.5414867057817017,spring,15
2025-04-24 01:45:00+00:00,2025-04-24 02:00:00+00:00,424.67879851158483,1.569872220900468,spring,15
2025-04-24 02:00:00+00:00,2025-04-24 02:15:00+00:00,433.8422763846331,1.5055646500814142,spring,15
2025-04-24 02:15:00+00:00,2025-04-24 02:30:00+00:00,436.0446911209042,1.4945191836472946,spring,15
2025-04-24 02:30:00+00:00,2025-04-24 02:45:00+00:00,436.87290020233684,1.5026333814244923,spring,15
2025-04-24 02:45:00+00:00,2025-04-24 03:00:00+00:00,436.7460127728769,1.5111857081702513,spring,15
2025-04-24 03:00:00+00:00,2025-04-24 03:15:00+00:00,436.4837280667575,1.4818251930730213,spring,15
2025-04-24 03:15:00+00:00,2025-04-24 03:30:00+00:00,436.7266206982903,1.468115086496368,spring,15
2025-04-24 03:30:00+00:00,2025-04-24 03:45:00+00:00,434.8796221889608,1.4648984875342104,spring,15
2025-04-24 03:45:00+00:00,2025-04-24 04:00:00+00:00,437.4157396155747,1.4784372757926498,spring,15
2025-04-24 04:00:00+00:00,2025-04-24 04:15:00+00:00,437.8005650315363,1.4482923142283324,spring,15
2025-04-24 04:15:00+00:00,2025-04-24 04:30:00+00:00,436.7460961859646,1.457846693498768,spring,15
2025-04-24 04:30:00+00:00,2025-04-24 04:45:00+00:00,432.99966619601213,1.4651691357078693,spring,15
2025-04-24 04:45:00+00:00,2025-04-24 05:00:00+00:00,427.00763007778335,1.4421927648337813,spring,15
2025-04-24 05:00:00+00:00,2025-04-24 05:15:00+00:00,400.9863837994129,1.3868393136215134,spring,15
2025-04-24 05:15:00+00:00,2025-04-24 05:30:00+00:00,399.3637973825944,1.3735777533612494,spring,15
2025-04-24 05:30:00+00:00,2025-04-24 05:45:00+00:00,401.6642116703731,1.3618070926244017,spring,15
2025-04-24 05:45:00+00:00,2025-04-24 06:00:00+00:00,397.4548825977695,1.316914276538912,spring,15
2025-04-24 06:00:00+00:00,2025-04-24 06:15:00+00:00,399.0575294249924,1.2881557815123765,spring,15
2025-04-24 06:15:00+00:00,2025-04-24 06:30:00+00:00,400.97518829775504,1.2900596770030983,spring,15
2025-04-24 06:30:00+00:00,2025-04-24 06:45:00+00:00,399.2496527322323,1.326587648023506,spring,15
2025-04-24 06:45:00+00:00,2025-04-24 07:00:00+00:00,396.413307044383,1.3621543560383562,spring,15
2025-04-24 07:00:00+00:00,2025-04-24 07:15:00+00:00,378.31717491423166,1.3319660314779092,spring,15
2025-04-24 07:15:00+00:00,2025-04-24 07:30:00+00:00,381.50865545322455,1.2978322313328656,spring,15
2025-04-24 07:30:00+00:00,2025-04-24 07:45:00+00:00,378.45534424015506,1.2509094700512993,spring,15
2025-04-24 07:45:00+00:00,2025-04-24 08:00:00+00:00,375.94938028431983,1.243724691982078,spring,15
2025-04-24 08:00:00+00:00,2025-04-24 08:15:00+00:00,365.5738437867002,1.187763297739037,spring,15
2025-04-24 08:15:00+00:00,2025-04-24 08:30:00+00:00,356.20903503073686,1.1753423283999136,spring,15
2025-04-24 08:30:00+00:00,2025-04-24 08:45:00+00:00,348.73820494182115,1.1502758171281475,spring,15
2025-04-24 08:45:00+00:00,2025-04-24 09:00:00+00:00,341.030084300284,1.1304116856828585,spring,15
2025-04-24 09:00:00+00:00,2025-04-24 09:15:00+00:00,330.666610318642,1.128101603911887,spring,15
2025-04-24 09:15:00+00:00,2025-04-24 09:30:00+00:00,333.41366474985546,1.1200401717164692,spring,15
2025-04-24 09:30:00+00:00,2025-04-24 09:45:00+00:00,330.32814946930273,1.0920127299800035,spring,15
2025-04-24 09:45:00+00:00,2025-04-24 10:00:00+00:00,325.93513851876736,1.0702048299199458,spring,15
2025-04-24 10:00:00+00:00,2025-04-24 10:15:00+00:00,320.49155228619577,1.0653802810322277,spring,15
2025-04-24 10:15:00+00:00,2025-04-24 10:30:00+00:00,318.98188267743024,1.0543661434767753,spring,15
2025-04-24 10:30:00+00:00,2025-04-24 10:45:00+00:00,315.7980869495157,1.054646969624953,spring,15
2025-04-24 10:45:00+00:00,2025-04-24 11:00:00+00:00,316.39928438466086,1.0763967868422153,spring,15
2025-04-24 11:00:00+00:00,2025-04-24 11:15:00+00:00,318.90920889985273,1.132609294565552,spring,15
2025-04-24 11:15:00+00:00,2025-04-24 11:30:00+00:00,320.8589558448553,1.1298116540613512,spring,15
2025-04-24 11:30:00+00:00,2025-04-24 11:45:00+00:00,321.84849549668104,1.1198331881015928,spring,15
2025-04-24 11:45:00+00:00,2025-04-24 12:00:00+00:00,325.52254505741007,1.0902713647501125,spring,15
2025-04-24 12:00:00+00:00,2025-04-24 12:15:00+00:00,327.57306256191055,1.094544949697706,spring,15
2025-04-24 12:15:00+00:00,2025-04-24 12:30:00+00:00,330.4356196342215,1.1020944872688927,spring,15
2025-04-24 12:30:00+00:00,2025-04-24 12:45:00+00:00,331.4643005316801,1.1209756422820505,spring,15
2025-04-24 12:45:00+00:00,2025-04-24 13:00:00+00:00,335.1165056624115,1.1412555734007717,spring,15
2025-04-24 13:00:00+00:00,2025-04-24 13:15:00+00:00,336.9971235845333,1.1322010966040923,spring,15
2025-04-24 13:15:00+00:00,2025-04-24 13:30:00+00:00,338.73777091904907,1.2091475273687622,spring,15
2025-04-24 13:30:00+00:00,2025-04-24 13:45:00+00:00,346.6947039627633,1.162508033847684,spring,15
2025-04-24 13:45:00+00:00,2025-04-24 14:00:00+00:00,350.6910592960097,1.1566228527216755,spring,15
2025-04-24 14:00:00+00:00,2025-04-24 14:15:00+00:00,354.52958448660337,1.1766340822377916,spring,15
2025-04-24 14:15:00+00:00,2025-04-24 14:30:00+00:00,359.6886350059675,1.1884116183021871,spring,15
2025-04-24 14:30:00+00:00,2025-04-24 14:45:00+00:00,365.50245180189086,1.193480822430516,spring,15
2025-04-24 14:45:00+00:00,2025-04-24 15:00:00+00:00,365.55135994286604,1.2211309257885654,spring,15
2025-04-24 15:00:00+00:00,2025-04-24 15:15:00+00:00,369.5467918143669,1.225357525546006,spring,15
2025-04-24 15:15:00+00:00,2025-04-24 15:30:00+00:00,373.38902449107485,1.2488961220755397,spring,15
2025-04-24 15:30:00+00:00,2025-04-24 15:45:00+00:00,376.85584183546644,1.314709807919763,spring,15
2025-04-24 15:45:00+00:00,2025-04-24 16:00:00+00:00,383.6734058715896,1.3278456794516207,spring,15
2025-04-24 16:00:00+00:00,2025-04-24 16:15:00+00:00,404.2998621481195,1.3237687488117276,spring,15
2025-04-24 16:15:00+00:00,2025-04-24 16:30:00+00:00,406.17149591034354,1.3896257653964352,spring,15
2025-04-24 16:30:00+00:00,2025-04-24 16:45:00+00:00,404.0499015203137,1.4624118805720374,spring,15
2025-04-24 16:45:00+00:00,2025-04-24 17:00:00+00:00,405.1607696515416,1.453280479743872,spring,15
2025-04-24 17:00:00+00:00,2025-04-24 17:15:00+00:00,403.3504826469062,1.4856226741777316,spring,15
2025-04-24 17:15:00+00:00,2025-04-24 17:30:00+00:00,401.8160801374712,1.5181279715528457,spring,15
2025-04-24 17:30:00+00:00,2025-04-24 17:45:00+00:00,401.84573014680745,1.551096508124872,spring,15
2025-04-24 17:45:00+00:00,2025-04-24 18:00:00+00:00,405.5238490954054,1.6001412940017308,spring,15
2025-04-24 18:00:00+00:00,2025-04-24 18:15:00+00:00,409.57283998732174,1.597868497634641,spring,15
2025-04-24 18:15:00+00:00,2025-04-24 18:30:00+00:00,416.0461414782576,1.5106490455287824,spring,15
2025-04-24 18:30:00+00:00,2025-04-24 18:45:00+00:00,412.7824039156618,1.5099662261799067,spring,15
2025-04-24 18:45:00+00:00,2025-04-24 19:00:00+00:00,416.35957058982666,1.5252097484159743,spring,15
2025-04-24 19:00:00+00:00,2025-04-24 19:15:00+00:00,418.0761902077233,1.5051422576359392,spring,15
2025-04-24 19:15:00+00:00,2025-04-24 19:30:00+00:00,427.6020842028212,1.560398172208415,spring,15
2025-04-24 19:30:00+00:00,2025-04-24 19:45:00+00:00,436.9962201013098,1.5821735136394146,spring,15
2025-04-24 19:45:00+00:00,2025-04-24 20:00:00+00:00,446.1678500833118,1.5800326204245663,spring,15
2025-04-24 20:00:00+00:00,2025-04-24 20:15:00+00:00,441.0110771756365,1.662066916616179,spring,15
2025-04-24 20:15:00+00:00,2025-04-24 20:30:00+00:00,444.20313125192416,1.6740184432313445,spring,15
2025-04-24 20:30:00+00:00,2025-04-24 20:45:00+00:00,451.5807231019602,1.6297984786148816,spring,15
2025-04-24 20:45:00+00:00,2025-04-24 21:00:00+00:00,456.18227574217957,1.6434136965606103,spring,15
2025-04-24 21:00:00+00:00,2025-04-24 21:15:00+00:00,458.9712795993722,1.667567205516649,spring,15
2025-04-24 21:15:00+00:00,2025-04-24 21:30:00+00:00,467.86955897771423,1.5997862772401161,spring,15
2025-04-24 21:30:00+00:00,2025-04-24 21:45:00+00:00,471.315390090889,1.5961564771928503,spring,15
2025-04-24 21:45:00+00:00,2025-04-24 22:00:00+00:00,473.27707025937764,1.6661757023782562,spring,15
2025-04-24 22:00:00+00:00,2025-04-24 22:15:00+00:00,469.31733702310913,1.7263965223126327,spring,15
2025-04-24 22:15:00+00:00,2025-04-24 22:30:00+00:00,471.59305276556256,1.7290076524473073,spring,15
2025-04-24 22:30:00+00:00,2025-04-24 22:45:00+00:00,477.48686174456265,1.720810013391795,spring,15
2025-04-24 22:45:00+00:00,2025-04-24 23:00:00+00:00,483.76197648520576,1.6765588725517662,spring,15
2025-04-24 23:00:00+00:00,2025-04-24 23:15:00+00:00,485.0332533494958,1.706191383275867,spring,15
2025-04-24 23:15:00+00:00,2025-04-24 23:30:00+00:00,490.5780503568434,1.677380167225223,spring,15
2025-04-24 23:30:00+00:00,2025-04-24 23:45:00+00:00,494.566641324869,1.678677570089558,spring,15
2025-04-24 23:45:00+00:00,2025-04-25 00:00:00+00:00,494.7658369090975,1.6756287786129773,spring,15
2025-04-25 00:00:00+00:00,2025-04-25 00:15:00+00:00,497.6851314632478,1.6820268223230794,spring,15
2025-04-25 00:15:00+00:00,2025-04-25 00:30:00+00:00,498.58083601985896,1.685362057840158,spring,15
2025-04-25 00:30:00+00:00,2025-04-25 00:45:00+00:00,500.6191815939701,1.684196362845628,spring,15
2025-04-25 00:45:00+00:00,2025-04-25 01:00:00+00:00,503.46267061720357,1.690232723724184,spring,15
2025-04-25 01:00:00+00:00,2025-04-25 01:15:00+00:00,503.8565979346512,1.7195129467869885,spring,15
2025-04-25 01:15:00+00:00,2025-04-25 01:30:00+00:00,507.6866382424649,1.72726631838566,spring,15
2025-04-25 01:30:00+00:00,2025-04-25 01:45:00+00:00,510.0796679362038,1.747986241031819,spring,15
2025-04-25 01:45:00+00:00,2025-04-25 02:00:00+00:00,512.0132812373636,1.747475669995392,spring,15
2025-04-25 02:00:00+00:00,2025-04-25 02:15:00+00:00,509.58573413786667,1.7521133245504166,spring,15
2025-04-25 02:15:00+00:00,2025-04-25 02:30:00+00:00,509.49516778507706,1.7348143614873963,spring,15
2025-04-25 02:30:00+00:00,2025-04-25 02:45:00+00:00,514.998313496051,1.753257201344857,spring,15
2025-04-25 02:45:00+00:00,2025-04-25 03:00:00+00:00,517.8314493806196,1.769716911949303,spring,15
2025-04-25 03:00:00+00:00,2025-04-25 03:15:00+00:00,519.0722637795277,1.7323017302382253,spring,15
2025-04-25 03:15:00+00:00,2025-04-25 03:30:00+00:00,518.0525991636629,1.726166162729922,spring,15
2025-04-25 03:30:00+00:00,2025-04-25 03:45:00+00:00,516.4699649875827,1.7723371910815353,spring,15
2025-04-25 03:45:00+00:00,2025-04-25 04:00:00+00:00,513.1216714321966,1.8158492547647747,spring,15
2025-04-25 04:00:00+00:00,2025-04-25 04:15:00+00:00,516.0922574302766,1.8156739022046688,spring,15
2025-04-25 04:15:00+00:00,2025-04-25 04:30:00+00:00,510.1529574926509,1.8684221415014657,spring,15
2025-04-25 04:30:00+00:00,2025-04-25 04:45:00+00:00,495.4894062153054,1.8700620763241818,spring,15
2025-04-25 04:45:00+00:00,2025-04-25 05:00:00+00:00,480.5832030072613,1.8870458485834902,spring,15
2025-04-25 05:00:00+00:00,2025-04-25 05:15:00+00:00,472.95870256673373,1.869427868000453,spring,15
2025-04-25 05:15:00+00:00,2025-04-25 05:30:00+00:00,464.12366484947677,1.8542703059708234,spring,15
2025-04-25 05:30:00+00:00,2025-04-25 05:45:00+00:00,457.6865225015155,1.8064174782700595,spring,15
2025-04-25 05:45:00+00:00,2025-04-25 06:00:00+00:00,446.6641704717919,1.7793996095575249,spring,15
2025-04-25 06:00:00+00:00,2025-04-25 06:15:00+00:00,429.5744186673977,1.7381486877708037,spring,15
2025-04-25 06:15:00+00:00,2025-04-25 06:30:00+00:00,426.4461509880293,1.7260603639294445,spring,15
2025-04-25 06:30:00+00:00,2025-04-25 06:45:00+00:00,427.2016472395317,1.6787388424294643,spring,15
2025-04-25 06:45:00+00:00,2025-04-25 07:00:00+00:00,425.2342116652059,1.6581198931752925,spring,15
2025-04-25 07:00:00+00:00,2025-04-25 07:15:00+00:00,418.7562430997223,1.6084708163792611,spring,15
2025-04-25 07:15:00+00:00,2025-04-25 07:30:00+00:00,420.83894177864966,1.5264520058894986,spring,15
2025-04-25 07:30:00+00:00,2025-04-25 07:45:00+00:00,416.78199049186355,1.4154341687978866,spring,15
2025-04-25 07:45:00+00:00,2025-04-25 08:00:00+00:00,404.71351031513166,1.3836375424041965,spring,15
2025-04-25 08:00:00+00:00,2025-04-25 08:15:00+00:00,383.25794461821005,1.3244109369623975,spring,15
2025-04-25 08:15:00+00:00,2025-04-25 08:30:00+00:00,377.1640395919664,1.297066501978076,spring,15
2025-04-25 08:30:00+00:00,2025-04-25 08:45:00+00:00,365.9702837326794,1.268730668460318,spring,15
2025-04-25 08:45:00+00:00,2025-04-25 09:00:00+00:00,351.7517432162873,1.2573557546372849,spring,15
2025-04-25 09:00:00+00:00,2025-04-25 09:15:00+00:00,332.9854221582822,1.239387178959164,spring,15
2025-04-25 09:15:00+00:00,2025-04-25 09:30:00+00:00,327.6060899613117,1.2289873497880321,spring,15
2025-04-25 09:30:00+00:00,2025-04-25 09:45:00+00:00,327.9393090638003,1.142057529962163,spring,15
2025-04-25 09:45:00+00:00,2025-04-25 10:00:00+00:00,323.14543840280504,1.1114369294752464,spring,15
2025-04-25 10:00:00+00:00,2025-04-25 10:15:00+00:00,314.4595399158593,1.1115648343036502,spring,15
2025-04-25 10:15:00+00:00,2025-04-25 10:30:00+00:00,308.03722665933924,1.0583458828634902,spring,15
2025-04-25 10:30:00+00:00,2025-04-25 10:45:00+00:00,298.2591911699753,1.032790534264479,spring,15
2025-04-25 10:45:00+00:00,2025-04-25 11:00:00+00:00,281.619453846639,1.00595462387741,spring,15
2025-04-25 11:00:00+00:00,2025-04-25 11:15:00+00:00,262.50350019465685,1.023103894052408,spring,15
2025-04-25 11:15:00+00:00,2025-04-25 11:30:00+00:00,256.54018644771224,0.9820331366208732,spring,15
2025-04-25 11:30:00+00:00,2025-04-25 11:45:00+00:00,255.65446553073016,0.9703848977164086,spring,15
2025-04-25 11:45:00+00:00,2025-04-25 12:00:00+00:00,252.14014998306396,0.957416992112055,spring,15
2025-04-25 12:00:00+00:00,2025-04-25 12:15:00+00:00,246.1616188588519,0.9718760701506696,spring,15
2025-04-25 12:15:00+00:00,2025-04-25 12:30:00+00:00,246.26735574910674,0.9820084870195482,spring,15
2025-04-25 12:30:00+00:00,2025-04-25 12:45:00+00:00,249.32808744465444,1.0029926818607295,spring,15
2025-04-25 12:45:00+00:00,2025-04-25 13:00:00+00:00,253.980662900001,1.0113057702976764,spring,15
2025-04-25 13:00:00+00:00,2025-04-25 13:15:00+00:00,260.70795496869533,1.0149506803020925,spring,15
2025-04-25 13:15:00+00:00,2025-04-25 13:30:00+00:00,267.7501525664213,1.0313917982413903,spring,15
2025-04-25 13:30:00+00:00,2025-04-25 13:45:00+00:00,275.1686403394974,1.0597733268633045,spring,15
2025-04-25 13:45:00+00:00,2025-04-25 14:00:00+00:00,281.71996919812966,1.09359303029311,spring,15
2025-04-25 14:00:00+00:00,2025-04-25 14:15:00+00:00,296.9357703121349,1.099143270024975,spring,15
2025-04-25 14:15:00+00:00,2025-04-25 14:30:00+00:00,304.25585459103894,1.1136017708652024,spring,15
2025-04-25 14:30:00+00:00,2025-04-25 14:45:00+00:00,312.66557516058884,1.1380559164593254,spring,15
2025-04-25 14:45:00+00:00,2025-04-25 15:00:00+00:00,324.6938330957919,1.1641968051028355,spring,15
2025-04-25 15:00:00+00:00,2025-04-25 15:15:00+00:00,339.7607589528077,1.2080301831278395,spring,15
2025-04-25 15:15:00+00:00,2025-04-25 15:30:00+00:00,355.2425548233514,1.2527685733986955,spring,15
2025-04-25 15:30:00+00:00,2025-04-25 15:45:00+00:00,364.70076166066974,1.3551841177087331,spring,15
2025-04-25 15:45:00+00:00,2025-04-25 16:00:00+00:00,375.7299313521151,1.4132276385914102,spring,15
2025-04-25 16:00:00+00:00,2025-04-25 16:15:00+00:00,391.24087815289454,1.3772552307831942,spring,15
2025-04-25 16:15:00+00:00,2025-04-25 16:30:00+00:00,400.9135218879942,1.4196065380432135,spring,15
2025-04-25 16:30:00+00:00,2025-04-25 16:45:00+00:00,396.8656666201537,1.4959212210036994,spring,15
2025-04-25 16:45:00+00:00,2025-04-25 17:00:00+00:00,398.3708202801822,1.5941800940241528,spring,15
2025-04-25 17:00:00+00:00,2025-04-25 17:15:00+00:00,420.73336717195866,1.633109744819788,spring,15
2025-04-25 17:15:00+00:00,2025-04-25 17:30:00+00:00,422.0518353195763,1.687142995854291,spring,15
2025-04-25 17:30:00+00:00,2025-04-25 17:45:00+00:00,422.14212949944215,1.7342301819279777,spring,15
2025-04-25 17:45:00+00:00,2025-04-25 18:00:00+00:00,420.7713695388916,1.8372938480191037,spring,15
2025-04-25 18:00:00+00:00,2025-04-25 18:15:00+00:00,422.6278413538505,1.7982099951609694,spring,15
2025-04-25 18:15:00+00:00,2025-04-25 18:30:00+00:00,423.89919146031013,1.7168164897404432,spring,15
2025-04-25 18:30:00+00:00,2025-04-25 18:45:00+00:00,422.3899673678994,1.6935858729119704,spring,15
2025-04-25 18:45:00+00:00,2025-04-25 19:00:00+00:00,425.4946179372945,1.688143694016,spring,15
2025-04-25 19:00:00+00:00,2025-04-25 19:15:00+00:00,416.8524329982811,1.6945738526957907,spring,15
2025-04-25 19:15:00+00:00,2025-04-25 19:30:00+00:00,421.9216022944962,1.688827820194176,spring,15
2025-04-25 19:30:00+00:00,2025-04-25 19:45:00+00:00,429.6152983631199,1.6017772235229173,spring,15
2025-04-25 19:45:00+00:00,2025-04-25 20:00:00+00:00,436.93525349927785,1.5908521110134197,spring,15
2025-04-25 20:00:00+00:00,2025-04-25 20:15:00+00:00,421.50721330955815,1.5852037622986255,spring,15
2025-04-25 20:15:00+00:00,2025-04-25 20:30:00+00:00,431.1476574407853,1.6053802940150639,spring,15
2025-04-25 20:30:00+00:00,2025-04-25 20:45:00+00:00,439.5886915175148,1.5890550588754688,spring,15
2025-04-25 20:45:00+00:00,2025-04-25 21:00:00+00:00,438.6965880565828,1.5858888981158354,spring,15
2025-04-25 21:00:00+00:00,2025-04-25 21:15:00+00:00,430.5548315234643,1.6011346867142293,spring,15
2025-04-25 21:15:00+00:00,2025-04-25 21:30:00+00:00,432.3157472023485,1.592332591405328,spring,15
2025-04-25 21:30:00+00:00,2025-04-25 21:45:00+00:00,434.70727982000835,1.6098759990330602,spring,15
2025-04-25 21:45:00+00:00,2025-04-25 22:00:00+00:00,435.7005223467787,1.6100103624871656,spring,15
2025-04-25 22:00:00+00:00,2025-04-25 22:15:00+00:00,427.1947799266734,1.6271260358792563,spring,15
2025-04-25 22:15:00+00:00,2025-04-25 22:30:00+00:00,421.73915403388423,1.6399126549522056,spring,15
2025-04-25 22:30:00+00:00,2025-04-25 22:45:00+00:00,421.2024792794096,1.6553782978425042,spring,15
2025-04-25 22:45:00+00:00,2025-04-25 23:00:00+00:00,426.7613940549036,1.6515937129755454,spring,15
2025-04-25 23:00:00+00:00,2025-04-25 23:15:00+00:00,423.55111269422355,1.6750652275942315,spring,15
2025-04-25 23:15:00+00:00,2025-04-25 23:30:00+00:00,423.8394288975447,1.6585263582493237,spring,15
2025-04-25 23:30:00+00:00,2025-04-25 23:45:00+00:00,422.8218520597239,1.6691938281657748,spring,15
2025-04-25 23:45:00+00:00,2025-04-26 00:00:00+00:00,425.99607529009245,1.6737295214341268,spring,15
2025-04-26 00:00:00+00:00,2025-04-26 00:15:00+00:00,421.2118769936742,1.6515360204452207,spring,15
2025-04-26 00:15:00+00:00,2025-04-26 00:30:00+00:00,420.4606579782546,1.658690263927989,spring,15
2025-04-26 00:30:00+00:00,2025-04-26 00:45:00+00:00,418.77316344232247,1.657051310480702,spring,15
2025-04-26 00:45:00+00:00,2025-04-26 01:00:00+00:00,419.5681456841635,1.6625778436355758,spring,15
2025-04-26 01:00:00+00:00,2025-04-26 01:15:00+00:00,421.0133038846773,1.668370846236813,spring,15
2025-04-26 01:15:00+00:00,2025-04-26 01:30:00+00:00,419.9749545957144,1.6685382879750212,spring,15
2025-04-26 01:30:00+00:00,2025-04-26 01:45:00+00:00,418.9072538278709,1.664398474249784,spring,15
2025-04-26 01:45:00+00:00,2025-04-26 02:00:00+00:00,416.1440444072269,1.6555191064282886,spring,15
2025-04-26 02:00:00+00:00,2025-04-26 02:15:00+00:00,415.23997830710533,1.6497941262298461,spring,15
2025-04-26 02:15:00+00:00,2025-04-26 02:30:00+00:00,412.0602140930769,1.6382291865858032,spring,15
2025-04-26 02:30:00+00:00,2025-04-26 02:45:00+00:00,409.46210369458174,1.6297162142137933,spring,15
2025-04-26 02:45:00+00:00,2025-04-26 03:00:00+00:00,408.3299944168273,1.626126908397919,spring,15
2025-04-26 03:00:00+00:00,2025-04-26 03:15:00+00:00,405.37225671358107,1.61550546274917,spring,15
2025-04-26 03:15:00+00:00,2025-04-26 03:30:00+00:00,402.28152523578603,1.6041072269980987,spring,15
2025-04-26 03:30:00+00:00,2025-04-26 03:45:00+00:00,403.4733352795827,1.6112276664027245,spring,15
2025-04-26 03:45:00+00:00,2025-04-26 04:00:00+00:00,398.1658196770317,1.5922643105956746,spring,15
2025-04-26 04:00:00+00:00,2025-04-26 04:15:00+00:00,388.4405797682435,1.5569108077610316,spring,15
2025-04-26 04:15:00+00:00,2025-04-26 04:30:00+00:00,384.79257342253874,1.5450860152700878,spring,15
2025-04-26 04:30:00+00:00,2025-04-26 04:45:00+00:00,377.81470747214047,1.5254571223240574,spring,15
2025-04-26 04:45:00+00:00,2025-04-26 05:00:00+00:00,364.2870191581547,1.4948426683167237,spring,15
2025-04-26 05:00:00+00:00,2025-04-26 05:15:00+00:00,341.92564005226757,1.433307211369229,spring,15
2025-04-26 05:15:00+00:00,2025-04-26 05:30:00+00:00,324.45306310889737,1.3923037590861036,spring,15
2025-04-26 05:30:00+00:00,2025-04-26 05:45:00+00:00,308.1256571681348,1.3527701249702038,spring,15
2025-04-26 05:45:00+00:00,2025-04-26 06:00:00+00:00,285.2614901648233,1.2925803143334242,spring,15
2025-04-26 06:00:00+00:00,2025-04-26 06:15:00+00:00,243.81668924397144,1.22780275333026,spring,15
2025-04-26 06:15:00+00:00,2025-04-26 06:30:00+00:00,231.9355843366694,1.2084243197137934,spring,15
2025-04-26 06:30:00+00:00,2025-04-26 06:45:00+00:00,219.21026501557864,1.1535660488842536,spring,15
2025-04-26 06:45:00+00:00,2025-04-26 07:00:00+00:00,200.17195948773008,1.0514072715792115,spring,15
2025-04-26 07:00:00+00:00,2025-04-26 07:15:00+00:00,172.9881810730984,0.9656407191756439,spring,15
2025-04-26 07:15:00+00:00,2025-04-26 07:30:00+00:00,161.42660338505527,0.9102470914966456,spring,15
2025-04-26 07:30:00+00:00,2025-04-26 07:45:00+00:00,153.79345928297786,0.8704590737609189,spring,15
2025-04-26 07:45:00+00:00,2025-04-26 08:00:00+00:00,147.68163216994915,0.840655892050903,spring,15
2025-04-26 08:00:00+00:00,2025-04-26 08:15:00+00:00,140.69441943860144,0.8150692369911131,spring,15
2025-04-26 08:15:00+00:00,2025-04-26 08:30:00+00:00,136.85776677997293,0.7815312983506355,spring,15
2025-04-26 08:30:00+00:00,2025-04-26 08:45:00+00:00,136.12046896189585,0.7553330595360045,spring,15
2025-04-26 08:45:00+00:00,2025-04-26 09:00:00+00:00,134.45245704079326,0.7422011952285461,spring,15
2025-04-26 09:00:00+00:00,2025-04-26 09:15:00+00:00,132.39361680333243,0.7267311471585117,spring,15
2025-04-26 09:15:00+00:00,2025-04-26 09:30:00+00:00,128.79962986678674,0.7075046897539291,spring,15
2025-04-26 09:30:00+00:00,2025-04-26 09:45:00+00:00,127.6597169306068,0.6973303907645053,spring,15
2025-04-26 09:45:00+00:00,2025-04-26 10:00:00+00:00,125.98725360429005,0.6724123030452805,spring,15
2025-04-26 10:00:00+00:00,2025-04-26 10:15:00+00:00,126.43861995926456,0.6680195652260587,spring,15
2025-04-26 10:15:00+00:00,2025-04-26 10:30:00+00:00,126.37232614207304,0.6652844169915144,spring,15
2025-04-26 10:30:00+00:00,2025-04-26 10:45:00+00:00,125.61433579388657,0.6638632390841583,spring,15
2025-04-26 10:45:00+00:00,2025-04-26 11:00:00+00:00,126.12605785452158,0.6566946765279582,spring,15
2025-04-26 11:00:00+00:00,2025-04-26 11:15:00+00:00,126.0303972197834,0.6579875299998846,spring,15
2025-04-26 11:15:00+00:00,2025-04-26 11:30:00+00:00,126.65782584695815,0.6611175083673687,spring,15
2025-04-26 11:30:00+00:00,2025-04-26 11:45:00+00:00,127.88373082680957,0.6656689577800419,spring,15
2025-04-26 11:45:00+00:00,2025-04-26 12:00:00+00:00,128.6587335737999,0.6805397349551006,spring,15
2025-04-26 12:00:00+00:00,2025-04-26 12:15:00+00:00,128.3625347229837,0.6828849721285752,spring,15
2025-04-26 12:15:00+00:00,2025-04-26 12:30:00+00:00,128.48960886954933,0.6845095659489776,spring,15
2025-04-26 12:30:00+00:00,2025-04-26 12:45:00+00:00,128.67495655313832,0.6779183147526345,spring,15
2025-04-26 12:45:00+00:00,2025-04-26 13:00:00+00:00,129.82450345590027,0.6861234757022815,spring,15
2025-04-26 13:00:00+00:00,2025-04-26 13:15:00+00:00,132.04527552259648,0.7143675698056317,spring,15
2025-04-26 13:15:00+00:00,2025-04-26 13:30:00+00:00,133.92926108956908,0.712294582243048,spring,15
2025-04-26 13:30:00+00:00,2025-04-26 13:45:00+00:00,135.75138936480303,0.7159926732140778,spring,15
2025-04-26 13:45:00+00:00,2025-04-26 14:00:00+00:00,138.12637289179125,0.722379537002045,spring,15
2025-04-26 14:00:00+00:00,2025-04-26 14:15:00+00:00,140.20339807703792,0.7353386773583679,spring,15
2025-04-26 14:15:00+00:00,2025-04-26 14:30:00+00:00,140.9729025732145,0.7657837000670467,spring,15
2025-04-26 14:30:00+00:00,2025-04-26 14:45:00+00:00,144.15727182396247,0.7900029533014394,spring,15
2025-04-26 14:45:00+00:00,2025-04-26 15:00:00+00:00,146.21804152034295,0.8045560164886066,spring,15
2025-04-26 15:00:00+00:00,2025-04-26 15:15:00+00:00,151.39409328541595,0.8280986582859655,spring,15
2025-04-26 15:15:00+00:00,2025-04-26 15:30:00+00:00,158.48291420898562,0.8687777431856798,spring,15
2025-04-26 15:30:00+00:00,2025-04-26 15:45:00+00:00,164.0247843885475,0.8968819702170311,spring,15
2025-04-26 15:45:00+00:00,2025-04-26 16:00:00+00:00,177.7483690974238,0.9451644470337512,spring,15
2025-04-26 16:00:00+00:00,2025-04-26 16:15:00+00:00,199.0678264601446,1.0064795193670253,spring,15
2025-04-26 16:15:00+00:00,2025-04-26 16:30:00+00:00,211.25073636909843,1.0364765627359211,spring,15
2025-04-26 16:30:00+00:00,2025-04-26 16:45:00+00:00,216.16442541245036,1.0568084967907547,spring,15
2025-04-26 16:45:00+00:00,2025-04-26 17:00:00+00:00,225.68271940097128,1.1338364070736906,spring,15
2025-04-26 17:00:00+00:00,2025-04-26 17:15:00+00:00,246.31155032720469,1.16406027481546,spring,15
2025-04-26 17:15:00+00:00,2025-04-26 17:30:00+00:00,253.45774271700063,1.2482247586038155,spring,15
2025-04-26 17:30:00+00:00,2025-04-26 17:45:00+00:00,254.49209394909337,1.456742203237064,spring,15
2025-04-26 17:45:00+00:00,2025-04-26 18:00:00+00:00,257.28725954173336,1.5212999975598636,spring,15
2025-04-26 18:00:00+00:00,2025-04-26 18:15:00+00:00,262.9245378112677,1.4410358827027148,spring,15
2025-04-26 18:15:00+00:00,2025-04-26 18:30:00+00:00,257.83655511124124,1.4088735699066866,spring,15
2025-04-26 18:30:00+00:00,2025-04-26 18:45:00+00:00,251.46037381158902,1.3711548477019975,spring,15
2025-04-26 18:45:00+00:00,2025-04-26 19:00:00+00:00,249.20901765922886,1.2055394404921997,spring,15
2025-04-26 19:00:00+00:00,2025-04-26 19:15:00+00:00,242.08501177527197,1.1533056789347507,spring,15
2025-04-26 19:15:00+00:00,2025-04-26 19:30:00+00:00,238.45390406697908,1.128289784534223,spring,15
2025-04-26 19:30:00+00:00,2025-04-26 19:45:00+00:00,231.80685530296878,1.0819080810928037,spring,15
2025-04-26 19:45:00+00:00,2025-04-26 20:00:00+00:00,226.1531092062646,1.0638773150162741,spring,15
2025-04-26 20:00:00+00:00,2025-04-26 20:15:00+00:00,218.3710698766696,1.0514327562379997,spring,15
2025-04-26 20:15:00+00:00,2025-04-26 20:30:00+00:00,207.21716879756156,1.0331882220165252,spring,15
2025-04-26 20:30:00+00:00,2025-04-26 20:45:00+00:00,198.87371027383597,0.9975154262975461,spring,15
2025-04-26 20:45:00+00:00,2025-04-26 21:00:00+00:00,197.48058814713414,0.9625350054945456,spring,15
2025-04-26 21:00:00+00:00,2025-04-26 21:15:00+00:00,191.2977232564771,0.9502882006020038,spring,15
2025-04-26 21:15:00+00:00,2025-04-26 21:30:00+00:00,190.57423533170143,0.9478022606834288,spring,15
2025-04-26 21:30:00+00:00,2025-04-26 21:45:00+00:00,188.91987493143674,0.9541406951534782,spring,15
2025-04-26 21:45:00+00:00,2025-04-26 22:00:00+00:00,188.28768725134714,0.9809029852807505,spring,15
2025-04-26 22:00:00+00:00,2025-04-26 22:15:00+00:00,189.81013040353773,0.9641479580961886,spring,15
2025-04-26 22:15:00+00:00,2025-04-26 22:30:00+00:00,184.8505436552902,0.9769970888084205,spring,15
2025-04-26 22:30:00+00:00,2025-04-26 22:45:00+00:00,183.793774728874,0.9740092963214543,spring,15
2025-04-26 22:45:00+00:00,2025-04-26 23:00:00+00:00,180.16444260949365,0.9782366631897415,spring,15
2025-04-26 23:00:00+00:00,2025-04-26 23:15:00+00:00,179.12864472378627,0.9826568022323693,spring,15
2025-04-26 23:15:00+00:00,2025-04-26 23:30:00+00:00,179.11318303896692,0.9865040014164433,spring,15
2025-04-26 23:30:00+00:00,2025-04-26 23:45:00+00:00,180.60285465515167,0.9971360467388836,spring,15
2025-04-26 23:45:00+00:00,2025-04-27 00:00:00+00:00,180.5317301952543,1.0074924175090445,spring,15
2025-04-27 00:00:00+00:00,2025-04-27 00:15:00+00:00,180.73705452937367,1.0151130487871758,spring,15
2025-04-27 00:15:00+00:00,2025-04-27 00:30:00+00:00,181.60699281351424,1.0216866072383743,spring,15
2025-04-27 00:30:00+00:00,2025-04-27 00:45:00+00:00,183.1642917913227,1.0345416194146984,spring,15
2025-04-27 00:45:00+00:00,2025-04-27 01:00:00+00:00,183.96903540071088,1.0391462403713343,spring,15
2025-04-27 01:00:00+00:00,2025-04-27 01:15:00+00:00,186.13961222527456,1.0424696767969461,spring,15
2025-04-27 01:15:00+00:00,2025-04-27 01:30:00+00:00,187.85384450289683,1.0468891404227678,spring,15
2025-04-27 01:30:00+00:00,2025-04-27 01:45:00+00:00,189.65276576185505,1.0544666317400526,spring,15
2025-04-27 01:45:00+00:00,2025-04-27 02:00:00+00:00,192.59113644601234,1.0616692028370487,spring,15
2025-04-27 02:00:00+00:00,2025-04-27 02:15:00+00:00,194.5310073265548,1.0690704672899305,spring,15
2025-04-27 02:15:00+00:00,2025-04-27 02:30:00+00:00,196.37275687971427,1.0799341271414513,spring,15
2025-04-27 02:30:00+00:00,2025-04-27 02:45:00+00:00,199.11990215923166,1.0887060682901188,spring,15
2025-04-27 02:45:00+00:00,2025-04-27 03:00:00+00:00,200.69095410216627,1.0966932245600007,spring,15
2025-04-27 03:00:00+00:00,2025-04-27 03:15:00+00:00,202.53580986725615,1.1054911084201209,spring,15
2025-04-27 03:15:00+00:00,2025-04-27 03:30:00+00:00,204.55297460463217,1.1172253879293101,spring,15
2025-04-27 03:30:00+00:00,2025-04-27 03:45:00+00:00,204.64368836754957,1.1213709978661743,spring,15
2025-04-27 03:45:00+00:00,2025-04-27 04:00:00+00:00,203.06606427109432,1.1237428179704876,spring,15
2025-04-27 04:00:00+00:00,2025-04-27 04:15:00+00:00,205.0488394785347,1.1280116465685364,spring,15
2025-04-27 04:15:00+00:00,2025-04-27 04:30:00+00:00,205.91099338758573,1.123808821488824,spring,15
2025-04-27 04:30:00+00:00,2025-04-27 04:45:00+00:00,205.15641748142872,1.1189379214527544,spring,15
2025-04-27 04:45:00+00:00,2025-04-27 05:00:00+00:00,202.83938722165715,1.1045946124488768,spring,15
2025-04-27 05:00:00+00:00,2025-04-27 05:15:00+00:00,199.10700213712596,1.0716034341101193,spring,15
2025-04-27 05:15:00+00:00,2025-04-27 05:30:00+00:00,197.35544926445664,1.056973510403693,spring,15
2025-04-27 05:30:00+00:00,2025-04-27 05:45:00+00:00,194.31343614451535,1.0275511886844177,spring,15
2025-04-27 05:45:00+00:00,2025-04-27 06:00:00+00:00,190.56771805957004,1.0091427025858368,spring,15
2025-04-27 06:00:00+00:00,2025-04-27 06:15:00+00:00,184.82922327880416,0.9835612381597338,spring,15
2025-04-27 06:15:00+00:00,2025-04-27 06:30:00+00:00,179.5347905222631,0.9659448558709549,spring,15
2025-04-27 06:30:00+00:00,2025-04-27 06:45:00+00:00,171.83684049017515,0.9510997682708637,spring,15
2025-04-27 06:45:00+00:00,2025-04-27 07:00:00+00:00,166.43731916003853,0.8913384448311379,spring,15
2025-04-27 07:00:00+00:00,2025-04-27 07:15:00+00:00,159.30016729142736,0.8579489747032859,spring,15
2025-04-27 07:15:00+00:00,2025-04-27 07:30:00+00:00,154.43625068889662,0.8127664105430888,spring,15
2025-04-27 07:30:00+00:00,2025-04-27 07:45:00+00:00,148.54653468391786,0.769879832143962,spring,15
2025-04-27 07:45:00+00:00,2025-04-27 08:00:00+00:00,144.94266042208275,0.7451933644217948,spring,15
2025-04-27 08:00:00+00:00,2025-04-27 08:15:00+00:00,139.8333275262005,0.6992935359680009,spring,15
2025-04-27 08:15:00+00:00,2025-04-27 08:30:00+00:00,137.21905136192785,0.6789563099545743,spring,15
2025-04-27 08:30:00+00:00,2025-04-27 08:45:00+00:00,136.38400056107108,0.6695097674080505,spring,15
2025-04-27 08:45:00+00:00,2025-04-27 09:00:00+00:00,133.33378296641624,0.6564963228769563,spring,15
2025-04-27 09:00:00+00:00,2025-04-27 09:15:00+00:00,132.17829473109038,0.6519173442382851,spring,15
2025-04-27 09:15:00+00:00,2025-04-27 09:30:00+00:00,132.11107363732003,0.6498277067503806,spring,15
2025-04-27 09:30:00+00:00,2025-04-27 09:45:00+00:00,130.0880020733523,0.6452820523423336,spring,15
2025-04-27 09:45:00+00:00,2025-04-27 10:00:00+00:00,128.07287278374997,0.6451037210569769,spring,15
2025-04-27 10:00:00+00:00,2025-04-27 10:15:00+00:00,128.4460140795745,0.6459907082871501,spring,15
2025-04-27 10:15:00+00:00,2025-04-27 10:30:00+00:00,128.18591203041672,0.6467294067275279,spring,15
2025-04-27 10:30:00+00:00,2025-04-27 10:45:00+00:00,128.43385600867148,0.6467319182685382,spring,15
2025-04-27 10:45:00+00:00,2025-04-27 11:00:00+00:00,128.44561347748444,0.6403402077301042,spring,15
2025-04-27 11:00:00+00:00,2025-04-27 11:15:00+00:00,128.30251264614392,0.6404246284026978,spring,15
2025-04-27 11:15:00+00:00,2025-04-27 11:30:00+00:00,127.74854732966273,0.6418160326087728,spring,15
2025-04-27 11:30:00+00:00,2025-04-27 11:45:00+00:00,128.09756119656532,0.6419285184537842,spring,15
2025-04-27 11:45:00+00:00,2025-04-27 12:00:00+00:00,128.62635315491974,0.6461489512830242,spring,15
2025-04-27 12:00:00+00:00,2025-04-27 12:15:00+00:00,129.38042591942033,0.6518907484903204,spring,15
2025-04-27 12:15:00+00:00,2025-04-27 12:30:00+00:00,130.86444455073573,0.6572664833639391,spring,15
2025-04-27 12:30:00+00:00,2025-04-27 12:45:00+00:00,133.6512638417126,0.6716488208162957,spring,15
2025-04-27 12:45:00+00:00,2025-04-27 13:00:00+00:00,134.74193861784056,0.6828681424251823,spring,15
2025-04-27 13:00:00+00:00,2025-04-27 13:15:00+00:00,137.0395868233916,0.6901386843374765,spring,15
2025-04-27 13:15:00+00:00,2025-04-27 13:30:00+00:00,139.10351541282785,0.7020755521345589,spring,15
2025-04-27 13:30:00+00:00,2025-04-27 13:45:00+00:00,138.4532938933003,0.7000510043518476,spring,15
2025-04-27 13:45:00+00:00,2025-04-27 14:00:00+00:00,140.89238425968418,0.7053266769090624,spring,15
2025-04-27 14:00:00+00:00,2025-04-27 14:15:00+00:00,144.29832299463334,0.7509488578983702,spring,15
2025-04-27 14:15:00+00:00,2025-04-27 14:30:00+00:00,149.32036061708882,0.7890696547929232,spring,15
2025-04-27 14:30:00+00:00,2025-04-27 14:45:00+00:00,155.61866994769773,0.811277036952652,spring,15
2025-04-27 14:45:00+00:00,2025-04-27 15:00:00+00:00,160.94595016799462,0.8428880789000379,spring,15
2025-04-27 15:00:00+00:00,2025-04-27 15:15:00+00:00,172.24163741181746,0.88741716851471,spring,15
2025-04-27 15:15:00+00:00,2025-04-27 15:30:00+00:00,189.01997784606468,0.9321053998527972,spring,15
2025-04-27 15:30:00+00:00,2025-04-27 15:45:00+00:00,206.85356360783555,0.9831219776214756,spring,15
2025-04-27 15:45:00+00:00,2025-04-27 16:00:00+00:00,236.65755432920722,1.0536369945027342,spring,15
2025-04-27 16:00:00+00:00,2025-04-27 16:15:00+00:00,278.24644395453123,1.1592490542898024,spring,15
2025-04-27 16:15:00+00:00,2025-04-27 16:30:00+00:00,321.11733397765687,1.269360475659139,spring,15
2025-04-27 16:30:00+00:00,2025-04-27 16:45:00+00:00,349.8254681533316,1.3870259097524942,spring,15
2025-04-27 16:45:00+00:00,2025-04-27 17:00:00+00:00,371.9599944961699,1.501090226987659,spring,15
2025-04-27 17:00:00+00:00,2025-04-27 17:15:00+00:00,393.8286913965491,1.5707238664868248,spring,15
2025-04-27 17:15:00+00:00,2025-04-27 17:30:00+00:00,402.2264368570109,1.5963802756265928,spring,15
2025-04-27 17:30:00+00:00,2025-04-27 17:45:00+00:00,408.42865787863104,1.6827215545952934,spring,15
2025-04-27 17:45:00+00:00,2025-04-27 18:00:00+00:00,419.2072054849728,1.7828922159327922,spring,15
2025-04-27 18:00:00+00:00,2025-04-27 18:15:00+00:00,434.3003882990174,1.7296514197117585,spring,15
2025-04-27 18:15:00+00:00,2025-04-27 18:30:00+00:00,438.9803450758629,1.7187057581916019,spring,15
2025-04-27 18:30:00+00:00,2025-04-27 18:45:00+00:00,438.26859723118446,1.7262379253475686,spring,15
2025-04-27 18:45:00+00:00,2025-04-27 19:00:00+00:00,438.81907106284694,1.7068922006604368,spring,15
2025-04-27 19:00:00+00:00,2025-04-27 19:15:00+00:00,440.56888426135,1.7477588068114505,spring,15
2025-04-27 19:15:00+00:00,2025-04-27 19:30:00+00:00,440.66199536937665,1.7263083765330776,spring,15
2025-04-27 19:30:00+00:00,2025-04-27 19:45:00+00:00,450.8153726365853,1.7197457120186734,spring,15
2025-04-27 19:45:00+00:00,2025-04-27 20:00:00+00:00,462.49955464995895,1.697529580181579,spring,15
2025-04-27 20:00:00+00:00,2025-04-27 20:15:00+00:00,444.57767269120046,1.6738276425198912,spring,15
2025-04-27 20:15:00+00:00,2025-04-27 20:30:00+00:00,450.16600820771276,1.7025171075081889,spring,15
2025-04-27 20:30:00+00:00,2025-04-27 20:45:00+00:00,461.46398854314623,1.6925970042912226,spring,15
2025-04-27 20:45:00+00:00,2025-04-27 21:00:00+00:00,474.94983776039743,1.7122487577002337,spring,15
2025-04-27 21:00:00+00:00,2025-04-27 21:15:00+00:00,474.38977753953463,1.6823171777142163,spring,15
2025-04-27 21:15:00+00:00,2025-04-27 21:30:00+00:00,483.6228362203023,1.7108543815358586,spring,15
2025-04-27 21:30:00+00:00,2025-04-27 21:45:00+00:00,488.07515482247106,1.7289695184328886,spring,15
2025-04-27 21:45:00+00:00,2025-04-27 22:00:00+00:00,496.03967285679624,1.7148769304340403,spring,15
2025-04-27 22:00:00+00:00,2025-04-27 22:15:00+00:00,501.1754168897685,1.7348923304371107,spring,15
2025-04-27 22:15:00+00:00,2025-04-27 22:30:00+00:00,508.7468055975643,1.753690778559447,spring,15
2025-04-27 22:30:00+00:00,2025-04-27 22:45:00+00:00,513.0429251083917,1.7609350084471345,spring,15
2025-04-27 22:45:00+00:00,2025-04-27 23:00:00+00:00,517.8212589258961,1.7779704305330777,spring,15
2025-04-27 23:00:00+00:00,2025-04-27 23:15:00+00:00,520.2172327380669,1.796366078189907,spring,15
2025-04-27 23:15:00+00:00,2025-04-27 23:30:00+00:00,529.8386186535829,1.8150991129359233,spring,15
2025-04-27 23:30:00+00:00,2025-04-27 23:45:00+00:00,536.0520766052911,1.8385858681513496,spring,15
2025-04-27 23:45:00+00:00,2025-04-28 00:00:00+00:00,541.7259503619733,1.858016132499065,spring,15
2025-04-28 00:00:00+00:00,2025-04-28 00:15:00+00:00,547.6563951663761,1.8745703163533418,spring,15
2025-04-28 00:15:00+00:00,2025-04-28 00:30:00+00:00,554.8566047796245,1.8918075036823843,spring,15
2025-04-28 00:30:00+00:00,2025-04-28 00:45:00+00:00,555.4076104636763,1.8846502058589683,spring,15
2025-04-28 00:45:00+00:00,2025-04-28 01:00:00+00:00,559.4917902073587,1.8884264086520939,spring,15
2025-04-28 01:00:00+00:00,2025-04-28 01:15:00+00:00,564.5169181849418,1.896574479819914,spring,15
2025-04-28 01:15:00+00:00,2025-04-28 01:30:00+00:00,568.5549768493753,1.8980181637649836,spring,15
2025-04-28 01:30:00+00:00,2025-04-28 01:45:00+00:00,572.6671583794626,1.9101335269633237,spring,15
2025-04-28 01:45:00+00:00,2025-04-28 02:00:00+00:00,574.6921206439883,1.9137472922029513,spring,15
2025-04-28 02:00:00+00:00,2025-04-28 02:15:00+00:00,574.4462079625039,1.8933923478436743,spring,15
2025-04-28 02:15:00+00:00,2025-04-28 02:30:00+00:00,576.406471266516,1.8806913566839867,spring,15
2025-04-28 02:30:00+00:00,2025-04-28 02:45:00+00:00,576.9683986014467,1.8809630633575332,spring,15
2025-04-28 02:45:00+00:00,2025-04-28 03:00:00+00:00,569.5349733706995,2.0120864860692915,spring,15
2025-04-28 03:00:00+00:00,2025-04-28 03:15:00+00:00,570.1806207045589,1.9313351785521025,spring,15
2025-04-28 03:15:00+00:00,2025-04-28 03:30:00+00:00,567.2850831615293,1.896543077844056,spring,15
2025-04-28 03:30:00+00:00,2025-04-28 03:45:00+00:00,549.294295905973,1.9063105529465982,spring,15
2025-04-28 03:45:00+00:00,2025-04-28 04:00:00+00:00,515.9406161224424,1.9111776015841364,spring,15
2025-04-28 04:00:00+00:00,2025-04-28 04:15:00+00:00,498.9554257874608,1.8817424004175953,spring,15
2025-04-28 04:15:00+00:00,2025-04-28 04:30:00+00:00,471.24581757994923,1.8694378162771748,spring,15
2025-04-28 04:30:00+00:00,2025-04-28 04:45:00+00:00,455.85602893485145,1.8668133857781708,spring,15
2025-04-28 04:45:00+00:00,2025-04-28 05:00:00+00:00,438.603689507376,1.8103209603036416,spring,15
2025-04-28 05:00:00+00:00,2025-04-28 05:15:00+00:00,425.0581709485833,1.7373142762600513,spring,15
2025-04-28 05:15:00+00:00,2025-04-28 05:30:00+00:00,403.62543172939183,1.5670441254670804,spring,15
2025-04-28 05:30:00+00:00,2025-04-28 05:45:00+00:00,393.2686538982337,1.4289934900056982,spring,15
2025-04-28 05:45:00+00:00,2025-04-28 06:00:00+00:00,384.6801967994548,1.3075933642896689,spring,15
2025-04-28 06:00:00+00:00,2025-04-28 06:15:00+00:00,345.09950454030013,1.287367658080749,spring,15
2025-04-28 06:15:00+00:00,2025-04-28 06:30:00+00:00,329.67372647686204,1.163649292128108,spring,15
2025-04-28 06:30:00+00:00,2025-04-28 06:45:00+00:00,315.11837144976147,1.0760799414894722,spring,15
2025-04-28 06:45:00+00:00,2025-04-28 07:00:00+00:00,292.74368789082416,1.035217148757186,spring,15
2025-04-28 07:00:00+00:00,2025-04-28 07:15:00+00:00,266.79192932202386,1.002636040330437,spring,15
2025-04-28 07:15:00+00:00,2025-04-28 07:30:00+00:00,252.51044171299299,0.9168583669178204,spring,15
2025-04-28 07:30:00+00:00,2025-04-28 07:45:00+00:00,236.2787919021325,0.8844002561880095,spring,15
2025-04-28 07:45:00+00:00,2025-04-28 08:00:00+00:00,217.64977444176355,0.8381210096067977,spring,15
2025-04-28 08:00:00+00:00,2025-04-28 08:15:00+00:00,197.52132891122542,0.7975365753617261,spring,15
2025-04-28 08:15:00+00:00,2025-04-28 08:30:00+00:00,187.12010547660464,0.7636376061030312,spring,15
2025-04-28 08:30:00+00:00,2025-04-28 08:45:00+00:00,180.5552777048227,0.7402090945088426,spring,15
2025-04-28 08:45:00+00:00,2025-04-28 09:00:00+00:00,177.0179851021162,0.7299220087014534,spring,15
2025-04-28 09:00:00+00:00,2025-04-28 09:15:00+00:00,172.11586262790485,0.7044234356726955,spring,15
2025-04-28 09:15:00+00:00,2025-04-28 09:30:00+00:00,171.6584812190876,0.6950632805613707,spring,15
2025-04-28 09:30:00+00:00,2025-04-28 09:45:00+00:00,169.74058702263633,0.6801446418931147,spring,15
2025-04-28 09:45:00+00:00,2025-04-28 10:00:00+00:00,163.3542205823543,0.6632959450302404,spring,15
2025-04-28 10:00:00+00:00,2025-04-28 10:15:00+00:00,159.71436754945998,0.6576096884310529,spring,15
2025-04-28 10:15:00+00:00,2025-04-28 10:30:00+00:00,158.36397536913447,0.6536344555352245,spring,15
2025-04-28 10:30:00+00:00,2025-04-28 10:45:00+00:00,158.50580978861143,0.6530755538728616,spring,15
2025-04-28 10:45:00+00:00,2025-04-28 11:00:00+00:00,157.20417120846264,0.6480454922323575,spring,15
2025-04-28 11:00:00+00:00,2025-04-28 11:15:00+00:00,157.25534499312712,0.6713290930384186,spring,15
2025-04-28 11:15:00+00:00,2025-04-28 11:30:00+00:00,157.0618204390556,0.6470551328858705,spring,15
2025-04-28 11:30:00+00:00,2025-04-28 11:45:00+00:00,157.89159187661073,0.6537732954142953,spring,15
2025-04-28 11:45:00+00:00,2025-04-28 12:00:00+00:00,158.97628536555462,0.6440388692806441,spring,15
2025-04-28 12:00:00+00:00,2025-04-28 12:15:00+00:00,159.36456962811405,0.6587840692874245,spring,15
2025-04-28 12:15:00+00:00,2025-04-28 12:30:00+00:00,163.60869721749836,0.6675011087415783,spring,15
2025-04-28 12:30:00+00:00,2025-04-28 12:45:00+00:00,164.3299095651713,0.6679826433114578,spring,15
2025-04-28 12:45:00+00:00,2025-04-28 13:00:00+00:00,164.0534444794215,0.6863898527698772,spring,15
2025-04-28 13:00:00+00:00,2025-04-28 13:15:00+00:00,165.10697471355223,0.6954471029416197,spring,15
2025-04-28 13:15:00+00:00,2025-04-28 13:30:00+00:00,169.25005698080793,0.72007937890465,spring,15
2025-04-28 13:30:00+00:00,2025-04-28 13:45:00+00:00,168.86273627740076,0.7864757133348413,spring,15
2025-04-28 13:45:00+00:00,2025-04-28 14:00:00+00:00,174.60759939066185,0.7962644775007863,spring,15
2025-04-28 14:00:00+00:00,2025-04-28 14:15:00+00:00,182.4763667948057,0.7759458675089409,spring,15
2025-04-28 14:15:00+00:00,2025-04-28 14:30:00+00:00,185.97530134072733,0.811114396764701,spring,15
2025-04-28 14:30:00+00:00,2025-04-28 14:45:00+00:00,197.85672110717132,0.8558154554306281,spring,15
2025-04-28 14:45:00+00:00,2025-04-28 15:00:00+00:00,223.67335191701997,0.9142596925431167,spring,15
2025-04-28 15:00:00+00:00,2025-04-28 15:15:00+00:00,259.3358969322881,0.9431311682203469,spring,15
2025-04-28 15:15:00+00:00,2025-04-28 15:30:00+00:00,289.0794543905983,1.0155617986643826,spring,15
2025-04-28 15:30:00+00:00,2025-04-28 15:45:00+00:00,317.6850380527839,1.0792587902717916,spring,15
2025-04-28 15:45:00+00:00,2025-04-28 16:00:00+00:00,337.0212368792705,1.1637164644186284,spring,15
2025-04-28 16:00:00+00:00,2025-04-28 16:15:00+00:00,374.21446937112336,1.1944992302918138,spring,15
2025-04-28 16:15:00+00:00,2025-04-28 16:30:00+00:00,393.1658055335028,1.3077610220735196,spring,15
2025-04-28 16:30:00+00:00,2025-04-28 16:45:00+00:00,404.0954759542625,1.3268984454617858,spring,15
2025-04-28 16:45:00+00:00,2025-04-28 17:00:00+00:00,413.827440443505,1.379854774455299,spring,15
2025-04-28 17:00:00+00:00,2025-04-28 17:15:00+00:00,443.94566669385983,1.4149752767209256,spring,15
2025-04-28 17:15:00+00:00,2025-04-28 17:30:00+00:00,451.8442829975083,1.4579013195153203,spring,15
2025-04-28 17:30:00+00:00,2025-04-28 17:45:00+00:00,457.12194949076707,1.472410623599217,spring,15
2025-04-28 17:45:00+00:00,2025-04-28 18:00:00+00:00,463.7498486847468,1.5067522415307446,spring,15
2025-04-28 18:00:00+00:00,2025-04-28 18:15:00+00:00,470.69395094787967,1.5164394730833797,spring,15
2025-04-28 18:15:00+00:00,2025-04-28 18:30:00+00:00,473.7910113370067,1.5483479729278067,spring,15
2025-04-28 18:30:00+00:00,2025-04-28 18:45:00+00:00,476.22244932787805,1.510347589848575,spring,15
2025-04-28 18:45:00+00:00,2025-04-28 19:00:00+00:00,475.9622472845467,1.5094415148587383,spring,15
2025-04-28 19:00:00+00:00,2025-04-28 19:15:00+00:00,472.57464645095064,1.490783313355343,spring,15
2025-04-28 19:15:00+00:00,2025-04-28 19:30:00+00:00,472.759972008225,1.4908157743103554,spring,15
2025-04-28 19:30:00+00:00,2025-04-28 19:45:00+00:00,486.3603446982533,1.5088324516702463,spring,15
2025-04-28 19:45:00+00:00,2025-04-28 20:00:00+00:00,493.55546972443307,1.530910622864298,spring,15
2025-04-28 20:00:00+00:00,2025-04-28 20:15:00+00:00,494.6071494124904,1.61754093702914,spring,15
2025-04-28 20:15:00+00:00,2025-04-28 20:30:00+00:00,502.68446673505684,1.6404407574933435,spring,15
2025-04-28 20:30:00+00:00,2025-04-28 20:45:00+00:00,503.24482980999454,1.6397277428956114,spring,15
2025-04-28 20:45:00+00:00,2025-04-28 21:00:00+00:00,512.6158208689154,1.626076049831477,spring,15
2025-04-28 21:00:00+00:00,2025-04-28 21:15:00+00:00,515.1710886372067,1.6670839577646692,spring,15
2025-04-28 21:15:00+00:00,2025-04-28 21:30:00+00:00,523.8326457729245,1.6584183705246087,spring,15
2025-04-28 21:30:00+00:00,2025-04-28 21:45:00+00:00,525.0413624393105,1.684738187083409,spring,15
2025-04-28 21:45:00+00:00,2025-04-28 22:00:00+00:00,531.5251821126876,1.6714024702393127,spring,15
2025-04-28 22:00:00+00:00,2025-04-28 22:15:00+00:00,535.0403777858926,1.7215820223451825,spring,15
2025-04-28 22:15:00+00:00,2025-04-28 22:30:00+00:00,539.8759520515495,1.7161010488664463,spring,15
2025-04-28 22:30:00+00:00,2025-04-28 22:45:00+00:00,537.3152065150541,1.7439511509283985,spring,15
2025-04-28 22:45:00+00:00,2025-04-28 23:00:00+00:00,537.5548383272286,1.740982295445474,spring,15
2025-04-28 23:00:00+00:00,2025-04-28 23:15:00+00:00,533.7542609555826,1.738863651821787,spring,15
2025-04-28 23:15:00+00:00,2025-04-28 23:30:00+00:00,535.993688863457,1.73979895395172,spring,15
2025-04-28 23:30:00+00:00,2025-04-28 23:45:00+00:00,538.979107118124,1.7097713597202808,spring,15
2025-04-28 23:45:00+00:00,2025-04-29 00:00:00+00:00,539.3740819988784,1.703072603253225,spring,15
2025-04-29 00:00:00+00:00,2025-04-29 00:15:00+00:00,541.3531702338336,1.718432422415319,spring,15
2025-04-29 00:15:00+00:00,2025-04-29 00:30:00+00:00,542.4603870354008,1.7276817752143536,spring,15
2025-04-29 00:30:00+00:00,2025-04-29 00:45:00+00:00,543.7539030815193,1.7394276891807123,spring,15
2025-04-29 00:45:00+00:00,2025-04-29 01:00:00+00:00,543.511642247541,1.7673885444681916,spring,15
2025-04-29 01:00:00+00:00,2025-04-29 01:15:00+00:00,542.7517633452203,1.745641571615845,spring,15
2025-04-29 01:15:00+00:00,2025-04-29 01:30:00+00:00,542.3591002101928,1.7230673839261654,spring,15
2025-04-29 01:30:00+00:00,2025-04-29 01:45:00+00:00,541.8416055684722,1.7243663888454517,spring,15
2025-04-29 01:45:00+00:00,2025-04-29 02:00:00+00:00,540.1695934431773,1.716059799679789,spring,15
2025-04-29 02:00:00+00:00,2025-04-29 02:15:00+00:00,538.725149830098,1.7364810393498467,spring,15
2025-04-29 02:15:00+00:00,2025-04-29 02:30:00+00:00,538.3764198085194,1.706138467692757,spring,15
2025-04-29 02:30:00+00:00,2025-04-29 02:45:00+00:00,533.365858575911,1.7359719309887456,spring,15
2025-04-29 02:45:00+00:00,2025-04-29 03:00:00+00:00,528.3160414884724,1.7609845941763425,spring,15
2025-04-29 03:00:00+00:00,2025-04-29 03:15:00+00:00,531.4154931391081,1.6801696592439368,spring,15
2025-04-29 03:15:00+00:00,2025-04-29 03:30:00+00:00,528.757833975931,1.7196857241061638,spring,15
2025-04-29 03:30:00+00:00,2025-04-29 03:45:00+00:00,526.9203672411217,1.7333236793424756,spring,15
2025-04-29 03:45:00+00:00,2025-04-29 04:00:00+00:00,521.9567086182792,1.6843700230939953,spring,15
2025-04-29 04:00:00+00:00,2025-04-29 04:15:00+00:00,514.5795456194052,1.6357114474755863,spring,15
2025-04-29 04:15:00+00:00,2025-04-29 04:30:00+00:00,482.9889916937408,1.6089198582352757,spring,15
2025-04-29 04:30:00+00:00,2025-04-29 04:45:00+00:00,472.8092415376542,1.5614024578910237,spring,15
2025-04-29 04:45:00+00:00,2025-04-29 05:00:00+00:00,458.89100195943394,1.491198714149519,spring,15
2025-04-29 05:00:00+00:00,2025-04-29 05:15:00+00:00,433.61648607007965,1.42455684091633,spring,15
2025-04-29 05:15:00+00:00,2025-04-29 05:30:00+00:00,422.94159550965924,1.3573662791065524,spring,15
2025-04-29 05:30:00+00:00,2025-04-29 05:45:00+00:00,418.5282107844733,1.3250577577289953,spring,15
2025-04-29 05:45:00+00:00,2025-04-29 06:00:00+00:00,401.69450129784695,1.282995496789805,spring,15
2025-04-29 06:00:00+00:00,2025-04-29 06:15:00+00:00,362.6399307824066,1.1732368948890213,spring,15
2025-04-29 06:15:00+00:00,2025-04-29 06:30:00+00:00,351.22104967384837,1.1544156555943346,spring,15
2025-04-29 06:30:00+00:00,2025-04-29 06:45:00+00:00,330.3060887216747,1.1076098255944888,spring,15
2025-04-29 06:45:00+00:00,2025-04-29 07:00:00+00:00,311.49874270978717,1.0664503325040928,spring,15
2025-04-29 07:00:00+00:00,2025-04-29 07:15:00+00:00,290.35070216147693,1.0462058755766206,spring,15
2025-04-29 07:15:00+00:00,2025-04-29 07:30:00+00:00,281.6353965803498,0.9921598735524211,spring,15
2025-04-29 07:30:00+00:00,2025-04-29 07:45:00+00:00,260.2614781813304,0.9303259379285993,spring,15
2025-04-29 07:45:00+00:00,2025-04-29 08:00:00+00:00,236.42009525398285,0.8557262872727928,spring,15
2025-04-29 08:00:00+00:00,2025-04-29 08:15:00+00:00,214.83257503898884,0.8287558781316555,spring,15
2025-04-29 08:15:00+00:00,2025-04-29 08:30:00+00:00,203.5878480836784,0.7934133146004893,spring,15
2025-04-29 08:30:00+00:00,2025-04-29 08:45:00+00:00,193.74443530916446,0.767684169205534,spring,15
2025-04-29 08:45:00+00:00,2025-04-29 09:00:00+00:00,181.93261455307118,0.7476563902451433,spring,15
2025-04-29 09:00:00+00:00,2025-04-29 09:15:00+00:00,173.68697980189,0.7435763619817441,spring,15
2025-04-29 09:15:00+00:00,2025-04-29 09:30:00+00:00,170.41481296770567,0.7127972044996475,spring,15
2025-04-29 09:30:00+00:00,2025-04-29 09:45:00+00:00,167.69631483822783,0.711854900729541,spring,15
2025-04-29 09:45:00+00:00,2025-04-29 10:00:00+00:00,165.89705522170695,0.7155069204268387,spring,15
2025-04-29 10:00:00+00:00,2025-04-29 10:15:00+00:00,161.72011608290674,0.700628389062192,spring,15
2025-04-29 10:15:00+00:00,2025-04-29 10:30:00+00:00,159.20671908509428,0.6872810425792216,spring,15
2025-04-29 10:30:00+00:00,2025-04-29 10:45:00+00:00,159.23375278515636,0.6979604730125524,spring,15
2025-04-29 10:45:00+00:00,2025-04-29 11:00:00+00:00,158.84465486345192,0.730423359482478,spring,15
2025-04-29 11:00:00+00:00,2025-04-29 11:15:00+00:00,157.70746647835074,0.7204532688043981,spring,15
2025-04-29 11:15:00+00:00,2025-04-29 11:30:00+00:00,157.98665412135796,0.7200960142297034,spring,15
2025-04-29 11:30:00+00:00,2025-04-29 11:45:00+00:00,158.81229260797818,0.7162596958963682,spring,15
2025-04-29 11:45:00+00:00,2025-04-29 12:00:00+00:00,159.720800218647,0.6970038351148004,spring,15
2025-04-29 12:00:00+00:00,2025-04-29 12:15:00+00:00,159.2877451437499,0.7195649279770902,spring,15
2025-04-29 12:15:00+00:00,2025-04-29 12:30:00+00:00,158.90191659872957,0.7321551894432133,spring,15
2025-04-29 12:30:00+00:00,2025-04-29 12:45:00+00:00,158.066648603261,0.7202413036172642,spring,15
2025-04-29 12:45:00+00:00,2025-04-29 13:00:00+00:00,158.4081300629981,0.7261977608827757,spring,15
2025-04-29 13:00:00+00:00,2025-04-29 13:15:00+00:00,161.8474307856244,0.729739392205854,spring,15
2025-04-29 13:15:00+00:00,2025-04-29 13:30:00+00:00,163.89853319904208,0.7405492886168377,spring,15
2025-04-29 13:30:00+00:00,2025-04-29 13:45:00+00:00,165.68230842355527,0.7497714311380528,spring,15
2025-04-29 13:45:00+00:00,2025-04-29 14:00:00+00:00,169.43026003592,0.7461471644071381,spring,15
2025-04-29 14:00:00+00:00,2025-04-29 14:15:00+00:00,176.68299897867993,0.7867310447259918,spring,15
2025-04-29 14:15:00+00:00,2025-04-29 14:30:00+00:00,180.86439647493577,0.8229698691675252,spring,15
2025-04-29 14:30:00+00:00,2025-04-29 14:45:00+00:00,189.2482356283642,0.8846524311294158,spring,15
2025-04-29 14:45:00+00:00,2025-04-29 15:00:00+00:00,175.85959335854082,0.9107606581345445,spring,15
2025-04-29 15:00:00+00:00,2025-04-29 15:15:00+00:00,241.86114192780784,0.9588233842339134,spring,15
2025-04-29 15:15:00+00:00,2025-04-29 15:30:00+00:00,270.7347823847257,0.9912408323162799,spring,15
2025-04-29 15:30:00+00:00,2025-04-29 15:45:00+00:00,293.9401120491005,1.10099929174008,spring,15
2025-04-29 15:45:00+00:00,2025-04-29 16:00:00+00:00,315.18619839489173,1.1540773124729953,spring,15
2025-04-29 16:00:00+00:00,2025-04-29 16:15:00+00:00,350.1725176760206,1.1436897126753163,spring,15
2025-04-29 16:15:00+00:00,2025-04-29 16:30:00+00:00,376.6298871547515,1.22852322800222,spring,15
2025-04-29 16:30:00+00:00,2025-04-29 16:45:00+00:00,395.8161881336242,1.3985177196019338,spring,15
2025-04-29 16:45:00+00:00,2025-04-29 17:00:00+00:00,408.48336798226507,1.4202876552272883,spring,15
2025-04-29 17:00:00+00:00,2025-04-29 17:15:00+00:00,429.0698224681737,1.385002416614656,spring,15
2025-04-29 17:15:00+00:00,2025-04-29 17:30:00+00:00,432.9464416812943,1.5328891775846651,spring,15
2025-04-29 17:30:00+00:00,2025-04-29 17:45:00+00:00,440.942775600499,1.6389735848719644,spring,15
2025-04-29 17:45:00+00:00,2025-04-29 18:00:00+00:00,442.41633128371063,1.689288721358667,spring,15
2025-04-29 18:00:00+00:00,2025-04-29 18:15:00+00:00,449.3425761390164,1.6869443817683958,spring,15
2025-04-29 18:15:00+00:00,2025-04-29 18:30:00+00:00,451.0802359392545,1.6751058938282324,spring,15
2025-04-29 18:30:00+00:00,2025-04-29 18:45:00+00:00,449.61156918653694,1.670738446488122,spring,15
2025-04-29 18:45:00+00:00,2025-04-29 19:00:00+00:00,448.12322335703965,1.694782080327064,spring,15
2025-04-29 19:00:00+00:00,2025-04-29 19:15:00+00:00,446.22100706332606,1.7155512287585766,spring,15
2025-04-29 19:15:00+00:00,2025-04-29 19:30:00+00:00,440.22594160119905,1.6992539155556565,spring,15
2025-04-29 19:30:00+00:00,2025-04-29 19:45:00+00:00,449.3533155800553,1.6390155073646444,spring,15
2025-04-29 19:45:00+00:00,2025-04-29 20:00:00+00:00,465.4982794150833,1.558311038674646,spring,15
2025-04-29 20:00:00+00:00,2025-04-29 20:15:00+00:00,441.30686858635914,1.5554219046113575,spring,15
2025-04-29 20:15:00+00:00,2025-04-29 20:30:00+00:00,446.66649331319326,1.4854735015183673,spring,15
2025-04-29 20:30:00+00:00,2025-04-29 20:45:00+00:00,469.23896929599397,1.4912441572666675,spring,15
2025-04-29 20:45:00+00:00,2025-04-29 21:00:00+00:00,481.2426028262567,1.5584937624614805,spring,15
2025-04-29 21:00:00+00:00,2025-04-29 21:15:00+00:00,481.83185912514836,1.6060682778065247,spring,15
2025-04-29 21:15:00+00:00,2025-04-29 21:30:00+00:00,490.3768074324278,1.6335524258673375,spring,15
2025-04-29 21:30:00+00:00,2025-04-29 21:45:00+00:00,493.5035083771626,1.6289819741040663,spring,15
2025-04-29 21:45:00+00:00,2025-04-29 22:00:00+00:00,497.8289633549432,1.6024156680264505,spring,15
2025-04-29 22:00:00+00:00,2025-04-29 22:15:00+00:00,503.2929616159827,1.634883204359267,spring,15
2025-04-29 22:15:00+00:00,2025-04-29 22:30:00+00:00,506.4318190280718,1.617144376766662,spring,15
2025-04-29 22:30:00+00:00,2025-04-29 22:45:00+00:00,510.84516266043073,1.639108724409123,spring,15
2025-04-29 22:45:00+00:00,2025-04-29 23:00:00+00:00,517.9151390595713,1.651487277749833,spring,15
2025-04-29 23:00:00+00:00,2025-04-29 23:15:00+00:00,519.4933394575627,1.6736439675678065,spring,15
2025-04-29 23:15:00+00:00,2025-04-29 23:30:00+00:00,520.2228866268688,1.6893401098847705,spring,15
2025-04-29 23:30:00+00:00,2025-04-29 23:45:00+00:00,523.3721837520098,1.6925773252377487,spring,15
2025-04-29 23:45:00+00:00,2025-04-30 00:00:00+00:00,528.8610813632949,1.714338157463135,spring,15
2025-04-30 00:00:00+00:00,2025-04-30 00:15:00+00:00,528.7649112303357,1.7181026322317785,spring,15
2025-04-30 00:15:00+00:00,2025-04-30 00:30:00+00:00,533.7794032851011,1.7308388744721914,spring,15
2025-04-30 00:30:00+00:00,2025-04-30 00:45:00+00:00,538.702665817683,1.742661613252599,spring,15
2025-04-30 00:45:00+00:00,2025-04-30 01:00:00+00:00,542.4710448749956,1.7565044436281376,spring,15
2025-04-30 01:00:00+00:00,2025-04-30 01:15:00+00:00,545.9126025332661,1.7640986517502333,spring,15
2025-04-30 01:15:00+00:00,2025-04-30 01:30:00+00:00,548.761262697371,1.7674981029718777,spring,15
2025-04-30 01:30:00+00:00,2025-04-30 01:45:00+00:00,547.0742632432837,1.784350885435924,spring,15
2025-04-30 01:45:00+00:00,2025-04-30 02:00:00+00:00,549.0419038235534,1.774930421495604,spring,15
2025-04-30 02:00:00+00:00,2025-04-30 02:15:00+00:00,556.7002861755806,1.8067111748226918,spring,15
2025-04-30 02:15:00+00:00,2025-04-30 02:30:00+00:00,557.3240925874268,1.7946472420064272,spring,15
2025-04-30 02:30:00+00:00,2025-04-30 02:45:00+00:00,556.2665451266183,1.820358618897616,spring,15
2025-04-30 02:45:00+00:00,2025-04-30 03:00:00+00:00,551.5819267461864,1.8412422536133002,spring,15
2025-04-30 03:00:00+00:00,2025-04-30 03:15:00+00:00,564.224844107723,1.8144856459554777,spring,15
2025-04-30 03:15:00+00:00,2025-04-30 03:30:00+00:00,562.9936284398275,1.8085039611091684,spring,15
2025-04-30 03:30:00+00:00,2025-04-30 03:45:00+00:00,555.4579259753033,1.8412217629725067,spring,15
2025-04-30 03:45:00+00:00,2025-04-30 04:00:00+00:00,533.0266064303561,1.8899178640471725,spring,15
2025-04-30 04:00:00+00:00,2025-04-30 04:15:00+00:00,498.1924243150549,1.8456250040823636,spring,15
2025-04-30 04:15:00+00:00,2025-04-30 04:30:00+00:00,479.55062299598444,1.7489212492666042,spring,15
2025-04-30 04:30:00+00:00,2025-04-30 04:45:00+00:00,467.21321561077957,1.7093489164997437,spring,15
2025-04-30 04:45:00+00:00,2025-04-30 05:00:00+00:00,456.2616148197467,1.6235013098377382,spring,15
2025-04-30 05:00:00+00:00,2025-04-30 05:15:00+00:00,432.3802133750336,1.5790482814558375,spring,15
2025-04-30 05:15:00+00:00,2025-04-30 05:30:00+00:00,417.89753159779895,1.5038044469364502,spring,15
2025-04-30 05:30:00+00:00,2025-04-30 05:45:00+00:00,406.437585660847,1.4431278568654318,spring,15
2025-04-30 05:45:00+00:00,2025-04-30 06:00:00+00:00,399.1725148474828,1.3491041787576972,spring,15
2025-04-30 06:00:00+00:00,2025-04-30 06:15:00+00:00,372.8002650863596,1.3423688963042146,spring,15
2025-04-30 06:15:00+00:00,2025-04-30 06:30:00+00:00,357.9758562424922,1.2225410961017182,spring,15
2025-04-30 06:30:00+00:00,2025-04-30 06:45:00+00:00,339.39874208954905,1.1375638690026437,spring,15
2025-04-30 06:45:00+00:00,2025-04-30 07:00:00+00:00,310.93510814896234,1.076547710728607,spring,15
2025-04-30 07:00:00+00:00,2025-04-30 07:15:00+00:00,272.86047032501756,1.0905125544928116,spring,15
2025-04-30 07:15:00+00:00,2025-04-30 07:30:00+00:00,255.70365150096504,0.9723319161514566,spring,15
2025-04-30 07:30:00+00:00,2025-04-30 07:45:00+00:00,233.29071621857193,0.8982252166176787,spring,15
2025-04-30 07:45:00+00:00,2025-04-30 08:00:00+00:00,214.48236031445234,0.8315072086284282,spring,15
2025-04-30 08:00:00+00:00,2025-04-30 08:15:00+00:00,200.06077769243342,0.8070559026845495,spring,15
2025-04-30 08:15:00+00:00,2025-04-30 08:30:00+00:00,188.23990239410452,0.7646766260621709,spring,15
2025-04-30 08:30:00+00:00,2025-04-30 08:45:00+00:00,177.44448882796482,0.7101602895338057,spring,15
2025-04-30 08:45:00+00:00,2025-04-30 09:00:00+00:00,172.00834866265063,0.6962830544052625,spring,15
2025-04-30 09:00:00+00:00,2025-04-30 09:15:00+00:00,166.623057124046,0.6809875326287187,spring,15
2025-04-30 09:15:00+00:00,2025-04-30 09:30:00+00:00,162.9536381259018,0.6652618578414913,spring,15
2025-04-30 09:30:00+00:00,2025-04-30 09:45:00+00:00,159.0123902208463,0.6441312892923571,spring,15
2025-04-30 09:45:00+00:00,2025-04-30 10:00:00+00:00,157.79157718971186,0.6511146773677909,spring,15
2025-04-30 10:00:00+00:00,2025-04-30 10:15:00+00:00,157.71182077546695,0.6575737529778259,spring,15
2025-04-30 10:15:00+00:00,2025-04-30 10:30:00+00:00,157.309396040731,0.645907909735645,spring,15
2025-04-30 10:30:00+00:00,2025-04-30 10:45:00+00:00,155.23387952576894,0.6333138870381854,spring,15
2025-04-30 10:45:00+00:00,2025-04-30 11:00:00+00:00,154.07235468908365,0.6314940847617393,spring,15
2025-04-30 11:00:00+00:00,2025-04-30 11:15:00+00:00,151.1887939104483,0.6230635823102827,spring,15
2025-04-30 11:15:00+00:00,2025-04-30 11:30:00+00:00,149.26371531699525,0.6238601604450774,spring,15
2025-04-30 11:30:00+00:00,2025-04-30 11:45:00+00:00,149.94313016545294,0.6260081703141737,spring,15
2025-04-30 11:45:00+00:00,2025-04-30 12:00:00+00:00,152.38959452855892,0.6274253520177228,spring,15
2025-04-30 12:00:00+00:00,2025-04-30 12:15:00+00:00,153.07414708526701,0.6271073572640332,spring,15
2025-04-30 12:15:00+00:00,2025-04-30 12:30:00+00:00,154.72489123465522,0.6356531881688388,spring,15
2025-04-30 12:30:00+00:00,2025-04-30 12:45:00+00:00,155.98845093166847,0.646309610874047,spring,15
2025-04-30 12:45:00+00:00,2025-04-30 13:00:00+00:00,156.97461172304864,0.6544041716222954,spring,15
2025-04-30 13:00:00+00:00,2025-04-30 13:15:00+00:00,160.73269251745936,0.6669868480445807,spring,15
2025-04-30 13:15:00+00:00,2025-04-30 13:30:00+00:00,162.96604873428186,0.6967530716457034,spring,15
2025-04-30 13:30:00+00:00,2025-04-30 13:45:00+00:00,165.0324992844637,0.69466746358402,spring,15
2025-04-30 13:45:00+00:00,2025-04-30 14:00:00+00:00,168.34026336415758,0.7039649418331806,spring,15
2025-04-30 14:00:00+00:00,2025-04-30 14:15:00+00:00,175.2518100894675,0.7332692098085576,spring,15
2025-04-30 14:15:00+00:00,2025-04-30 14:30:00+00:00,181.71667748682376,0.7710159958299527,spring,15
2025-04-30 14:30:00+00:00,2025-04-30 14:45:00+00:00,187.1194873758448,0.7922512223812306,spring,15
2025-04-30 14:45:00+00:00,2025-04-30 15:00:00+00:00,198.49396626698027,0.8392116134375375,spring,15
2025-04-30 15:00:00+00:00,2025-04-30 15:15:00+00:00,226.9943998696101,0.9026438106934263,spring,15
2025-04-30 15:15:00+00:00,2025-04-30 15:30:00+00:00,260.5286788225415,0.9799790398831565,spring,15
2025-04-30 15:30:00+00:00,2025-04-30 15:45:00+00:00,292.53800155868197,1.0630350624582612,spring,15
2025-04-30 15:45:00+00:00,2025-04-30 16:00:00+00:00,321.22925283774646,1.1430666127347227,spring,15
2025-04-30 16:00:00+00:00,2025-04-30 16:15:00+00:00,362.20385769622106,1.1887490245526573,spring,15
2025-04-30 16:15:00+00:00,2025-04-30 16:30:00+00:00,389.9143658314469,1.2769290141825382,spring,15
2025-04-30 16:30:00+00:00,2025-04-30 16:45:00+00:00,394.87274396823545,1.3668293268728997,spring,15
2025-04-30 16:45:00+00:00,2025-04-30 17:00:00+00:00,403.28633894519646,1.4921765975463421,spring,15
2025-04-30 17:00:00+00:00,2025-04-30 17:15:00+00:00,430.8107174683091,1.4555415584365101,spring,15
2025-04-30 17:15:00+00:00,2025-04-30 17:30:00+00:00,436.6773242675587,1.5022395757821316,spring,15
2025-04-30 17:30:00+00:00,2025-04-30 17:45:00+00:00,445.9056711305279,1.6460963525982586,spring,15
2025-04-30 17:45:00+00:00,2025-04-30 18:00:00+00:00,456.6422595946639,1.7536732181257488,spring,15
2025-04-30 18:00:00+00:00,2025-04-30 18:15:00+00:00,464.0854448836258,1.7538639793202686,spring,15
2025-04-30 18:15:00+00:00,2025-04-30 18:30:00+00:00,471.4241806185458,1.7761589590060254,spring,15
2025-04-30 18:30:00+00:00,2025-04-30 18:45:00+00:00,481.41658429428185,1.7689835358486177,spring,15
2025-04-30 18:45:00+00:00,2025-04-30 19:00:00+00:00,479.1604096748009,1.7455042450076301,spring,15
2025-04-30 19:00:00+00:00,2025-04-30 19:15:00+00:00,465.37333329455737,1.7137017492638098,spring,15
2025-04-30 19:15:00+00:00,2025-04-30 19:30:00+00:00,466.90058812188136,1.6006750042483013,spring,15
2025-04-30 19:30:00+00:00,2025-04-30 19:45:00+00:00,473.44759539608685,1.5548892274595247,spring,15
2025-04-30 19:45:00+00:00,2025-04-30 20:00:00+00:00,481.96244089505103,1.551039259337982,spring,15
2025-04-30 20:00:00+00:00,2025-04-30 20:15:00+00:00,471.55229814461774,1.5473311433419288,spring,15
2025-04-30 20:15:00+00:00,2025-04-30 20:30:00+00:00,478.38496871108043,1.5306786772062635,spring,15
2025-04-30 20:30:00+00:00,2025-04-30 20:45:00+00:00,493.8036380716112,1.5361339806950964,spring,15
2025-04-30 20:45:00+00:00,2025-04-30 21:00:00+00:00,496.6444219545477,1.55070847576595,spring,15
2025-04-30 21:00:00+00:00,2025-04-30 21:15:00+00:00,496.4598937553928,1.5852552773282564,spring,15
2025-04-30 21:15:00+00:00,2025-04-30 21:30:00+00:00,511.1465240908088,1.6308797978137721,spring,15
2025-04-30 21:30:00+00:00,2025-04-30 21:45:00+00:00,518.2172214363717,1.6805995632364996,spring,15
2025-04-30 21:45:00+00:00,2025-04-30 22:00:00+00:00,518.4526792858782,1.7066435720478936,spring,15
2025-04-30 22:00:00+00:00,2025-04-30 22:15:00+00:00,496.9178492448751,1.6489546048176467,spring,15
2025-04-30 22:15:00+00:00,2025-04-30 22:30:00+00:00,496.57399187181596,1.6353211835530572,spring,15
2025-04-30 22:30:00+00:00,2025-04-30 22:45:00+00:00,501.84987628259535,1.654352810472322,spring,15
2025-04-30 22:45:00+00:00,2025-04-30 23:00:00+00:00,506.2805744242845,1.7090183450023684,spring,15
2025-04-30 23:00:00+00:00,2025-04-30 23:15:00+00:00,509.88550261031463,1.7333976905401556,spring,15
2025-04-30 23:15:00+00:00,2025-04-30 23:30:00+00:00,517.6165812362777,1.702904013866604,spring,15
2025-04-30 23:30:00+00:00,2025-04-30 23:45:00+00:00,524.6455933940473,1.7291659478186747,spring,15
2025-04-30 23:45:00+00:00,2025-05-01 00:00:00+00:00,528.5046708809647,1.7371462437648226,spring,15
2025-05-01 00:00:00+00:00,2025-05-01 00:15:00+00:00,530.41388016193,1.7458639792721429,spring,15
2025-05-01 00:15:00+00:00,2025-05-01 00:30:00+00:00,532.7006075839564,1.751834014963311,spring,15
2025-05-01 00:30:00+00:00,2025-05-01 00:45:00+00:00,538.5590557024035,1.7650651170485916,spring,15
2025-05-01 00:45:00+00:00,2025-05-01 01:00:00+00:00,545.3526043917651,1.7768398976758284,spring,15
2025-05-01 01:00:00+00:00,2025-05-01 01:15:00+00:00,539.6628576365928,1.7589978386177154,spring,15
2025-05-01 01:15:00+00:00,2025-05-01 01:30:00+00:00,544.6035401104225,1.76812590148781,spring,15
2025-05-01 01:30:00+00:00,2025-05-01 01:45:00+00:00,546.4320803733463,1.780707257108319,spring,15
2025-05-01 01:45:00+00:00,2025-05-01 02:00:00+00:00,545.060683613246,1.8288913749923228,spring,15
2025-05-01 02:00:00+00:00,2025-05-01 02:15:00+00:00,546.4959907173136,1.816040720605751,spring,15
2025-05-01 02:15:00+00:00,2025-05-01 02:30:00+00:00,548.3593913946797,1.804852880352864,spring,15
2025-05-01 02:30:00+00:00,2025-05-01 02:45:00+00:00,549.690566284036,1.8123105030986357,spring,15
2025-05-01 02:45:00+00:00,2025-05-01 03:00:00+00:00,547.6218751800001,1.8505097293574053,spring,15
2025-05-01 03:00:00+00:00,2025-05-01 03:15:00+00:00,558.3895337352243,1.831760138589154,spring,15
2025-05-01 03:15:00+00:00,2025-05-01 03:30:00+00:00,561.0142241043487,1.8473138175600583,spring,15
2025-05-01 03:30:00+00:00,2025-05-01 03:45:00+00:00,561.3714397074392,1.8550362504859976,spring,15
2025-05-01 03:45:00+00:00,2025-05-01 04:00:00+00:00,543.8267252272102,1.8170658962239468,spring,15
2025-05-01 04:00:00+00:00,2025-05-01 04:15:00+00:00,527.9055905154743,1.8254539705311446,spring,15
2025-05-01 04:15:00+00:00,2025-05-01 04:30:00+00:00,513.4473286934425,1.7833943743082956,spring,15
2025-05-01 04:30:00+00:00,2025-05-01 04:45:00+00:00,496.2036011445852,1.6972767032369183,spring,15
2025-05-01 04:45:00+00:00,2025-05-01 05:00:00+00:00,465.619551616792,1.6085258571608128,spring,15
2025-05-01 05:00:00+00:00,2025-05-01 05:15:00+00:00,418.40524565159785,1.5603370866572668,spring,15
2025-05-01 05:15:00+00:00,2025-05-01 05:30:00+00:00,389.0438122165992,1.4403824808202144,spring,15
2025-05-01 05:30:00+00:00,2025-05-01 05:45:00+00:00,352.03853804773325,1.3150523968879213,spring,15
2025-05-01 05:45:00+00:00,2025-05-01 06:00:00+00:00,311.2018873967279,1.2125822306107175,spring,15
2025-05-01 06:00:00+00:00,2025-05-01 06:15:00+00:00,258.277215439068,1.1240027166418944,spring,15
2025-05-01 06:15:00+00:00,2025-05-01 06:30:00+00:00,225.69020497993594,1.0144602432552283,spring,15
2025-05-01 06:30:00+00:00,2025-05-01 06:45:00+00:00,190.06781678905818,0.9300909357042875,spring,15
2025-05-01 06:45:00+00:00,2025-05-01 07:00:00+00:00,168.86517274717195,0.8506329899885315,spring,15
2025-05-01 07:00:00+00:00,2025-05-01 07:15:00+00:00,147.91306822129332,0.7926656345113323,spring,15
2025-05-01 07:15:00+00:00,2025-05-01 07:30:00+00:00,142.15950573098056,0.7671874643485442,spring,15
2025-05-01 07:30:00+00:00,2025-05-01 07:45:00+00:00,137.40715040173265,0.7320642830350198,spring,15
2025-05-01 07:45:00+00:00,2025-05-01 08:00:00+00:00,132.34689115779358,0.6985159095983586,spring,15
2025-05-01 08:00:00+00:00,2025-05-01 08:15:00+00:00,128.91973004536922,0.6851011642810411,spring,15
2025-05-01 08:15:00+00:00,2025-05-01 08:30:00+00:00,125.03553018918356,0.6478533298179183,spring,15
2025-05-01 08:30:00+00:00,2025-05-01 08:45:00+00:00,124.1396243850561,0.63333397976907,spring,15
2025-05-01 08:45:00+00:00,2025-05-01 09:00:00+00:00,121.72890278532032,0.6135390553128964,spring,15
2025-05-01 09:00:00+00:00,2025-05-01 09:15:00+00:00,119.62548681549622,0.5864312731741759,spring,15
2025-05-01 09:15:00+00:00,2025-05-01 09:30:00+00:00,118.6978113536388,0.5870594579647485,spring,15
2025-05-01 09:30:00+00:00,2025-05-01 09:45:00+00:00,117.95582804726303,0.59180085506964,spring,15
2025-05-01 09:45:00+00:00,2025-05-01 10:00:00+00:00,114.83752137166144,0.5813058880373344,spring,15
2025-05-01 10:00:00+00:00,2025-05-01 10:15:00+00:00,113.13391194999774,0.5875852395988242,spring,15
2025-05-01 10:15:00+00:00,2025-05-01 10:30:00+00:00,113.1529791513769,0.6179696882435058,spring,15
2025-05-01 10:30:00+00:00,2025-05-01 10:45:00+00:00,112.61793286412315,0.6268224148477538,spring,15
2025-05-01 10:45:00+00:00,2025-05-01 11:00:00+00:00,112.61592666416398,0.6282946224522771,spring,15
2025-05-01 11:00:00+00:00,2025-05-01 11:15:00+00:00,112.7129878979734,0.6263894450789264,spring,15
2025-05-01 11:15:00+00:00,2025-05-01 11:30:00+00:00,112.90080708424468,0.628181770097473,spring,15
2025-05-01 11:30:00+00:00,2025-05-01 11:45:00+00:00,114.31949061100708,0.6416438455528696,spring,15
2025-05-01 11:45:00+00:00,2025-05-01 12:00:00+00:00,114.84781777650345,0.6443402418167977,spring,15
2025-05-01 12:00:00+00:00,2025-05-01 12:15:00+00:00,116.12902911755134,0.6646776512692683,spring,15
2025-05-01 12:15:00+00:00,2025-05-01 12:30:00+00:00,116.69280230750209,0.6618394414296613,spring,15
2025-05-01 12:30:00+00:00,2025-05-01 12:45:00+00:00,117.37949639312276,0.6094400309892378,spring,15
2025-05-01 12:45:00+00:00,2025-05-01 13:00:00+00:00,118.1908490507273,0.6231393309362879,spring,15
2025-05-01 13:00:00+00:00,2025-05-01 13:15:00+00:00,117.80683458741811,0.6254229220379763,spring,15
2025-05-01 13:15:00+00:00,2025-05-01 13:30:00+00:00,119.01587709444479,0.6285684922633482,spring,15
2025-05-01 13:30:00+00:00,2025-05-01 13:45:00+00:00,118.87794444833446,0.6243287947643156,spring,15
2025-05-01 13:45:00+00:00,2025-05-01 14:00:00+00:00,121.03266068322576,0.6490251388543934,spring,15
2025-05-01 14:00:00+00:00,2025-05-01 14:15:00+00:00,126.4140025674818,0.7105547131136194,spring,15
2025-05-01 14:15:00+00:00,2025-05-01 14:30:00+00:00,130.0478654033872,0.7488761834149225,spring,15
2025-05-01 14:30:00+00:00,2025-05-01 14:45:00+00:00,134.3601454828409,0.766706501285289,spring,15
2025-05-01 14:45:00+00:00,2025-05-01 15:00:00+00:00,136.66623427302275,0.794582416958923,spring,15
2025-05-01 15:00:00+00:00,2025-05-01 15:15:00+00:00,142.5498919976899,0.8271289685683788,spring,15
2025-05-01 15:15:00+00:00,2025-05-01 15:30:00+00:00,152.19424558473258,0.8965042351638101,spring,15
2025-05-01 15:30:00+00:00,2025-05-01 15:45:00+00:00,176.80195194657153,0.9908348609177833,spring,15
2025-05-01 15:45:00+00:00,2025-05-01 16:00:00+00:00,199.72578976080655,1.0854837696868973,spring,15
2025-05-01 16:00:00+00:00,2025-05-01 16:15:00+00:00,243.08920069998493,1.1493843120478415,spring,15
2025-05-01 16:15:00+00:00,2025-05-01 16:30:00+00:00,277.234829791089,1.2900168460518158,spring,15
2025-05-01 16:30:00+00:00,2025-05-01 16:45:00+00:00,293.39207694079784,1.3335112080097173,spring,15
2025-05-01 16:45:00+00:00,2025-05-01 17:00:00+00:00,301.2596230930384,1.3697784452870145,spring,15
2025-05-01 17:00:00+00:00,2025-05-01 17:15:00+00:00,320.13687483796474,1.4209935007155845,spring,15
2025-05-01 17:15:00+00:00,2025-05-01 17:30:00+00:00,322.79496734681373,1.6373736117369957,spring,15
2025-05-01 17:30:00+00:00,2025-05-01 17:45:00+00:00,324.6264794156938,1.720390285498665,spring,15
2025-05-01 17:45:00+00:00,2025-05-01 18:00:00+00:00,333.22988046339236,1.776561677434148,spring,15
2025-05-01 18:00:00+00:00,2025-05-01 18:15:00+00:00,343.4235912437183,1.8067713557760894,spring,15
2025-05-01 18:15:00+00:00,2025-05-01 18:30:00+00:00,345.3543211921808,1.763695536620875,spring,15
2025-05-01 18:30:00+00:00,2025-05-01 18:45:00+00:00,347.5557520778984,1.6295505637828347,spring,15
2025-05-01 18:45:00+00:00,2025-05-01 19:00:00+00:00,345.8687222982471,1.6151310584376328,spring,15
2025-05-01 19:00:00+00:00,2025-05-01 19:15:00+00:00,344.59760647280905,1.5923404635497873,spring,15
2025-05-01 19:15:00+00:00,2025-05-01 19:30:00+00:00,340.6079923766052,1.561044156338213,spring,15
2025-05-01 19:30:00+00:00,2025-05-01 19:45:00+00:00,336.0418106762576,1.588806946614814,spring,15
2025-05-01 19:45:00+00:00,2025-05-01 20:00:00+00:00,337.3533283591896,1.4708021391862174,spring,15
2025-05-01 20:00:00+00:00,2025-05-01 20:15:00+00:00,334.19283447807754,1.5312765211163357,spring,15
2025-05-01 20:15:00+00:00,2025-05-01 20:30:00+00:00,335.7615545486469,1.4828077080476842,spring,15
2025-05-01 20:30:00+00:00,2025-05-01 20:45:00+00:00,340.6948102450674,1.4057615253157256,spring,15
2025-05-01 20:45:00+00:00,2025-05-01 21:00:00+00:00,343.18722735498847,1.4032939368462118,spring,15
2025-05-01 21:00:00+00:00,2025-05-01 21:15:00+00:00,329.1412019737682,1.394099360345417,spring,15
2025-05-01 21:15:00+00:00,2025-05-01 21:30:00+00:00,331.75315064485886,1.4006130386954039,spring,15
2025-05-01 21:30:00+00:00,2025-05-01 21:45:00+00:00,335.23189435649584,1.3901624343725154,spring,15
2025-05-01 21:45:00+00:00,2025-05-01 22:00:00+00:00,334.2556013797722,1.4326049122336355,spring,15
2025-05-01 22:00:00+00:00,2025-05-01 22:15:00+00:00,327.3501486282211,1.5682476144150796,spring,15
2025-05-01 22:15:00+00:00,2025-05-01 22:30:00+00:00,323.2761962192142,1.5460410410862622,spring,15
2025-05-01 22:30:00+00:00,2025-05-01 22:45:00+00:00,316.3743365667804,1.531733314993929,spring,15
2025-05-01 22:45:00+00:00,2025-05-01 23:00:00+00:00,318.0914653297795,1.5320994157028929,spring,15
2025-05-01 23:00:00+00:00,2025-05-01 23:15:00+00:00,315.95965301580094,1.5231137212890404,spring,15
2025-05-01 23:15:00+00:00,2025-05-01 23:30:00+00:00,314.2402541894405,1.482778185123043,spring,15
2025-05-01 23:30:00+00:00,2025-05-01 23:45:00+00:00,314.7759117679383,1.4166359731519973,spring,15
2025-05-01 23:45:00+00:00,2025-05-02 00:00:00+00:00,311.2097903355264,1.3773761592108908,spring,15
2025-05-02 00:00:00+00:00,2025-05-02 00:15:00+00:00,304.09555736194335,1.395411966469314,spring,15
2025-05-02 00:15:00+00:00,2025-05-02 00:30:00+00:00,299.25322322788486,1.3666182619718656,spring,15
2025-05-02 00:30:00+00:00,2025-05-02 00:45:00+00:00,295.8012835869755,1.3473933211600275,spring,15
2025-05-02 00:45:00+00:00,2025-05-02 01:00:00+00:00,293.6011571155766,1.337973294222895,spring,15
2025-05-02 01:00:00+00:00,2025-05-02 01:15:00+00:00,286.31506007273185,1.3241708153614193,spring,15
2025-05-02 01:15:00+00:00,2025-05-02 01:30:00+00:00,279.749404604512,1.3075232104206589,spring,15
2025-05-02 01:30:00+00:00,2025-05-02 01:45:00+00:00,276.8986828920133,1.3022606129350476,spring,15
2025-05-02 01:45:00+00:00,2025-05-02 02:00:00+00:00,277.27543545132346,1.3023390955011784,spring,15
2025-05-02 02:00:00+00:00,2025-05-02 02:15:00+00:00,278.0885760747627,1.3024472934338562,spring,15
2025-05-02 02:15:00+00:00,2025-05-02 02:30:00+00:00,275.60723120625727,1.2975309068936218,spring,15
2025-05-02 02:30:00+00:00,2025-05-02 02:45:00+00:00,281.06961448632387,1.3127796096232764,spring,15
2025-05-02 02:45:00+00:00,2025-05-02 03:00:00+00:00,283.2125940897239,1.3160485812292473,spring,15
2025-05-02 03:00:00+00:00,2025-05-02 03:15:00+00:00,290.41352958839946,1.299167569869445,spring,15
2025-05-02 03:15:00+00:00,2025-05-02 03:30:00+00:00,290.3713857265749,1.2886242209836603,spring,15
2025-05-02 03:30:00+00:00,2025-05-02 03:45:00+00:00,291.004732028773,1.3147946270598914,spring,15
2025-05-02 03:45:00+00:00,2025-05-02 04:00:00+00:00,283.5607060688254,1.2692945621557457,spring,15
2025-05-02 04:00:00+00:00,2025-05-02 04:15:00+00:00,271.8677727508447,1.1890985381420298,spring,15
2025-05-02 04:15:00+00:00,2025-05-02 04:30:00+00:00,268.18660840517015,1.174446753183028,spring,15
2025-05-02 04:30:00+00:00,2025-05-02 04:45:00+00:00,262.94679362106615,1.1339820893747639,spring,15
2025-05-02 04:45:00+00:00,2025-05-02 05:00:00+00:00,261.08961611493675,1.114575594174452,spring,15
2025-05-02 05:00:00+00:00,2025-05-02 05:15:00+00:00,247.30078842105038,1.06272664415836,spring,15
2025-05-02 05:15:00+00:00,2025-05-02 05:30:00+00:00,238.03069106308135,1.0282042643189138,spring,15
2025-05-02 05:30:00+00:00,2025-05-02 05:45:00+00:00,231.34065139908574,0.9957539086769552,spring,15
2025-05-02 05:45:00+00:00,2025-05-02 06:00:00+00:00,219.18975486790504,0.9631951319004565,spring,15
2025-05-02 06:00:00+00:00,2025-05-02 06:15:00+00:00,199.82945583658645,0.9620653703327651,spring,15
2025-05-02 06:15:00+00:00,2025-05-02 06:30:00+00:00,191.04545564466758,0.9124395624230129,spring,15
2025-05-02 06:30:00+00:00,2025-05-02 06:45:00+00:00,180.25709683625647,0.8644597433959752,spring,15
2025-05-02 06:45:00+00:00,2025-05-02 07:00:00+00:00,166.27496727250653,0.8337399958329089,spring,15
2025-05-02 07:00:00+00:00,2025-05-02 07:15:00+00:00,156.57263924006637,0.8234471288437644,spring,15
2025-05-02 07:15:00+00:00,2025-05-02 07:30:00+00:00,148.23013371703507,0.7790062772622828,spring,15
2025-05-02 07:30:00+00:00,2025-05-02 07:45:00+00:00,144.3501356253301,0.7466420832416921,spring,15
2025-05-02 07:45:00+00:00,2025-05-02 08:00:00+00:00,140.22023256411092,0.7168108278290821,spring,15
2025-05-02 08:00:00+00:00,2025-05-02 08:15:00+00:00,137.8191990770814,0.7100708818234733,spring,15
2025-05-02 08:15:00+00:00,2025-05-02 08:30:00+00:00,134.4718094836497,0.6828638346817077,spring,15
2025-05-02 08:30:00+00:00,2025-05-02 08:45:00+00:00,131.29593901713656,0.6682087517873367,spring,15
2025-05-02 08:45:00+00:00,2025-05-02 09:00:00+00:00,130.21471242545496,0.6560721420424998,spring,15
2025-05-02 09:00:00+00:00,2025-05-02 09:15:00+00:00,125.57825508930823,0.6465340983789188,spring,15
2025-05-02 09:15:00+00:00,2025-05-02 09:30:00+00:00,121.6952532947343,0.6233670483741252,spring,15
2025-05-02 09:30:00+00:00,2025-05-02 09:45:00+00:00,119.11048641260827,0.6113025398669526,spring,15
2025-05-02 09:45:00+00:00,2025-05-02 10:00:00+00:00,117.33724111641394,0.5974918758844784,spring,15
2025-05-02 10:00:00+00:00,2025-05-02 10:15:00+00:00,116.53813335923171,0.5879889520541655,spring,15
2025-05-02 10:15:00+00:00,2025-05-02 10:30:00+00:00,115.78768148504126,0.585518279379847,spring,15
2025-05-02 10:30:00+00:00,2025-05-02 10:45:00+00:00,115.5792517553565,0.5868012689340845,spring,15
2025-05-02 10:45:00+00:00,2025-05-02 11:00:00+00:00,115.51752787360111,0.5853037793034495,spring,15
2025-05-02 11:00:00+00:00,2025-05-02 11:15:00+00:00,113.95443351383723,0.5793623072372538,spring,15
2025-05-02 11:15:00+00:00,2025-05-02 11:30:00+00:00,112.54854239710714,0.5738440239016089,spring,15
2025-05-02 11:30:00+00:00,2025-05-02 11:45:00+00:00,112.19509917605451,0.5782807950681279,spring,15
2025-05-02 11:45:00+00:00,2025-05-02 12:00:00+00:00,113.46354737350437,0.5827290229356408,spring,15
2025-05-02 12:00:00+00:00,2025-05-02 12:15:00+00:00,112.92113418823783,0.5853874918058956,spring,15
2025-05-02 12:15:00+00:00,2025-05-02 12:30:00+00:00,114.04462992670362,0.5904149850960386,spring,15
2025-05-02 12:30:00+00:00,2025-05-02 12:45:00+00:00,117.09609972929842,0.5945029296468678,spring,15
2025-05-02 12:45:00+00:00,2025-05-02 13:00:00+00:00,119.4434919975537,0.6042630314420614,spring,15
2025-05-02 13:00:00+00:00,2025-05-02 13:15:00+00:00,120.05347712129044,0.6119955810357895,spring,15
2025-05-02 13:15:00+00:00,2025-05-02 13:30:00+00:00,120.99450215699193,0.6183063944037487,spring,15
2025-05-02 13:30:00+00:00,2025-05-02 13:45:00+00:00,120.50663165536838,0.6221386791424395,spring,15
2025-05-02 13:45:00+00:00,2025-05-02 14:00:00+00:00,121.35854694795692,0.6404098547528378,spring,15
2025-05-02 14:00:00+00:00,2025-05-02 14:15:00+00:00,122.1155948533784,0.6452739835484055,spring,15
2025-05-02 14:15:00+00:00,2025-05-02 14:30:00+00:00,124.15808030124039,0.6785804679426276,spring,15
2025-05-02 14:30:00+00:00,2025-05-02 14:45:00+00:00,126.58354690808747,0.7014848187884327,spring,15
2025-05-02 14:45:00+00:00,2025-05-02 15:00:00+00:00,129.45788142611238,0.716790847167315,spring,15
2025-05-02 15:00:00+00:00,2025-05-02 15:15:00+00:00,137.75640940031576,0.8071078886968591,spring,15
2025-05-02 15:15:00+00:00,2025-05-02 15:30:00+00:00,144.3403098760424,0.8406043320353433,spring,15
2025-05-02 15:30:00+00:00,2025-05-02 15:45:00+00:00,155.08844934096803,0.845609096130277,spring,15
2025-05-02 15:45:00+00:00,2025-05-02 16:00:00+00:00,167.53883913943537,0.8977501295719226,spring,15
2025-05-02 16:00:00+00:00,2025-05-02 16:15:00+00:00,198.90534863005462,0.938741713497948,spring,15
2025-05-02 16:15:00+00:00,2025-05-02 16:30:00+00:00,219.89646745170313,1.0129446380009948,spring,15
2025-05-02 16:30:00+00:00,2025-05-02 16:45:00+00:00,230.8209044092703,1.0907799658806612,spring,15
2025-05-02 16:45:00+00:00,2025-05-02 17:00:00+00:00,237.39197479360777,1.2182011661814036,spring,15
2025-05-02 17:00:00+00:00,2025-05-02 17:15:00+00:00,267.18320354652406,1.2136681213274387,spring,15
2025-05-02 17:15:00+00:00,2025-05-02 17:30:00+00:00,272.6855449754777,1.2740185249066647,spring,15
2025-05-02 17:30:00+00:00,2025-05-02 17:45:00+00:00,278.28752095731375,1.3474822772443735,spring,15
2025-05-02 17:45:00+00:00,2025-05-02 18:00:00+00:00,285.1472882044373,1.4757254743122679,spring,15
2025-05-02 18:00:00+00:00,2025-05-02 18:15:00+00:00,294.5817225855877,1.5472654411571192,spring,15
2025-05-02 18:15:00+00:00,2025-05-02 18:30:00+00:00,295.9721232787814,1.5803421299679625,spring,15
2025-05-02 18:30:00+00:00,2025-05-02 18:45:00+00:00,297.10885055786486,1.5808746519109063,spring,15
2025-05-02 18:45:00+00:00,2025-05-02 19:00:00+00:00,300.9356915821244,1.6719308472622811,spring,15
2025-05-02 19:00:00+00:00,2025-05-02 19:15:00+00:00,307.986267404981,1.6981392508471298,spring,15
2025-05-02 19:15:00+00:00,2025-05-02 19:30:00+00:00,309.1091804197666,1.7309720480585555,spring,15
2025-05-02 19:30:00+00:00,2025-05-02 19:45:00+00:00,314.90063595046075,1.725322805779679,spring,15
2025-05-02 19:45:00+00:00,2025-05-02 20:00:00+00:00,322.6654619742816,1.7255209126894793,spring,15
2025-05-02 20:00:00+00:00,2025-05-02 20:15:00+00:00,319.6764468961106,1.7163037707484148,spring,15
2025-05-02 20:15:00+00:00,2025-05-02 20:30:00+00:00,326.02105205509645,1.6527368377239955,spring,15
2025-05-02 20:30:00+00:00,2025-05-02 20:45:00+00:00,338.4838874339954,1.5969698090594326,spring,15
2025-05-02 20:45:00+00:00,2025-05-02 21:00:00+00:00,347.2949104262116,1.5199756894591905,spring,15
2025-05-02 21:00:00+00:00,2025-05-02 21:15:00+00:00,334.12677776033104,1.5998569978540529,spring,15
2025-05-02 21:15:00+00:00,2025-05-02 21:30:00+00:00,341.63875046883663,1.599919215359005,spring,15
2025-05-02 21:30:00+00:00,2025-05-02 21:45:00+00:00,343.74837009830014,1.5243952482167422,spring,15
2025-05-02 21:45:00+00:00,2025-05-02 22:00:00+00:00,349.55039006009105,1.4919871603652821,spring,15
2025-05-02 22:00:00+00:00,2025-05-02 22:15:00+00:00,348.5463777661097,1.4546330801873288,spring,15
2025-05-02 22:15:00+00:00,2025-05-02 22:30:00+00:00,350.65125124385867,1.464118418154963,spring,15
2025-05-02 22:30:00+00:00,2025-05-02 22:45:00+00:00,357.99744392933104,1.5056456761571744,spring,15
2025-05-02 22:45:00+00:00,2025-05-02 23:00:00+00:00,361.2864720505302,1.5265752688893102,spring,15
2025-05-02 23:00:00+00:00,2025-05-02 23:15:00+00:00,356.7642249386236,1.5415301959269894,spring,15
2025-05-02 23:15:00+00:00,2025-05-02 23:30:00+00:00,360.47521999970934,1.6060199864306746,spring,15
2025-05-02 23:30:00+00:00,2025-05-02 23:45:00+00:00,365.98308449769047,1.5907261994856285,spring,15
2025-05-02 23:45:00+00:00,2025-05-03 00:00:00+00:00,369.82716587256084,1.6014161620450367,spring,15
2025-05-03 00:00:00+00:00,2025-05-03 00:15:00+00:00,363.10891670998063,1.6140130139392714,spring,15
2025-05-03 00:15:00+00:00,2025-05-03 00:30:00+00:00,365.8434914627793,1.6360364151647788,spring,15
2025-05-03 00:30:00+00:00,2025-05-03 00:45:00+00:00,370.3904583841552,1.6331418137885148,spring,15
2025-05-03 00:45:00+00:00,2025-05-03 01:00:00+00:00,370.4628057550435,1.6652599457527755,spring,15
2025-05-03 01:00:00+00:00,2025-05-03 01:15:00+00:00,366.03553029201663,1.680582142423688,spring,15
2025-05-03 01:15:00+00:00,2025-05-03 01:30:00+00:00,365.5438677246393,1.6774598773507936,spring,15
2025-05-03 01:30:00+00:00,2025-05-03 01:45:00+00:00,368.30546786879006,1.6598561169031985,spring,15
2025-05-03 01:45:00+00:00,2025-05-03 02:00:00+00:00,367.4122426260857,1.646284900973943,spring,15
2025-05-03 02:00:00+00:00,2025-05-03 02:15:00+00:00,363.3181323392992,1.6646270498241889,spring,15
2025-05-03 02:15:00+00:00,2025-05-03 02:30:00+00:00,360.86306712940836,1.6606212682625585,spring,15
2025-05-03 02:30:00+00:00,2025-05-03 02:45:00+00:00,358.6983067494016,1.5947775168753293,spring,15
2025-05-03 02:45:00+00:00,2025-05-03 03:00:00+00:00,354.7582652992848,1.584204393726369,spring,15
2025-05-03 03:00:00+00:00,2025-05-03 03:15:00+00:00,354.4546136489931,1.606937263920486,spring,15
2025-05-03 03:15:00+00:00,2025-05-03 03:30:00+00:00,350.45896125578656,1.5913420227036876,spring,15
2025-05-03 03:30:00+00:00,2025-05-03 03:45:00+00:00,344.9076923353944,1.5599690262457329,spring,15
2025-05-03 03:45:00+00:00,2025-05-03 04:00:00+00:00,335.1656058877646,1.5482941227098073,spring,15
2025-05-03 04:00:00+00:00,2025-05-03 04:15:00+00:00,315.54103020886805,1.5068005384172651,spring,15
2025-05-03 04:15:00+00:00,2025-05-03 04:30:00+00:00,299.7336512275338,1.47268884111686,spring,15
2025-05-03 04:30:00+00:00,2025-05-03 04:45:00+00:00,288.28508254564196,1.421569939563641,spring,15
2025-05-03 04:45:00+00:00,2025-05-03 05:00:00+00:00,279.71412999408693,1.382275025214097,spring,15
2025-05-03 05:00:00+00:00,2025-05-03 05:15:00+00:00,260.17820645449984,1.3278775521291548,spring,15
2025-05-03 05:15:00+00:00,2025-05-03 05:30:00+00:00,250.48189979814896,1.279657857516354,spring,15
2025-05-03 05:30:00+00:00,2025-05-03 05:45:00+00:00,239.2229867203417,1.2095297999280266,spring,15
2025-05-03 05:45:00+00:00,2025-05-03 06:00:00+00:00,227.44831759791032,1.185404532340909,spring,15
2025-05-03 06:00:00+00:00,2025-05-03 06:15:00+00:00,208.8072512171,1.1275891391582409,spring,15
2025-05-03 06:15:00+00:00,2025-05-03 06:30:00+00:00,196.04100678002283,1.084138480219732,spring,15
2025-05-03 06:30:00+00:00,2025-05-03 06:45:00+00:00,182.80896746098244,1.055562286752933,spring,15
2025-05-03 06:45:00+00:00,2025-05-03 07:00:00+00:00,172.23172282961698,1.008201962033334,spring,15
2025-05-03 07:00:00+00:00,2025-05-03 07:15:00+00:00,164.4976104501664,1.0024245593898395,spring,15
2025-05-03 07:15:00+00:00,2025-05-03 07:30:00+00:00,160.44304491243787,0.9650764875779981,spring,15
2025-05-03 07:30:00+00:00,2025-05-03 07:45:00+00:00,157.48744029698295,1.0249739212190856,spring,15
2025-05-03 07:45:00+00:00,2025-05-03 08:00:00+00:00,154.09156605943173,1.0010841311138106,spring,15
2025-05-03 08:00:00+00:00,2025-05-03 08:15:00+00:00,148.03154279707894,1.1255041787000488,spring,15
2025-05-03 08:15:00+00:00,2025-05-03 08:30:00+00:00,152.1124424265425,1.0024657246406472,spring,15
2025-05-03 08:30:00+00:00,2025-05-03 08:45:00+00:00,149.8879357875381,0.8676534339049186,spring,15
2025-05-03 08:45:00+00:00,2025-05-03 09:00:00+00:00,147.16146993577902,0.8464367676614494,spring,15
2025-05-03 09:00:00+00:00,2025-05-03 09:15:00+00:00,146.25732624780457,0.8382583477926935,spring,15
2025-05-03 09:15:00+00:00,2025-05-03 09:30:00+00:00,145.37984046801782,0.8217849466088258,spring,15
2025-05-03 09:30:00+00:00,2025-05-03 09:45:00+00:00,144.1244884382074,0.8091418490386708,spring,15
2025-05-03 09:45:00+00:00,2025-05-03 10:00:00+00:00,141.2396668579698,0.8128430452927412,spring,15
2025-05-03 10:00:00+00:00,2025-05-03 10:15:00+00:00,138.1523666035634,0.7861369069958787,spring,15
2025-05-03 10:15:00+00:00,2025-05-03 10:30:00+00:00,136.76787938042804,0.7742726099606456,spring,15
2025-05-03 10:30:00+00:00,2025-05-03 10:45:00+00:00,136.396071847771,0.7722668775683394,spring,15
2025-05-03 10:45:00+00:00,2025-05-03 11:00:00+00:00,135.58756069982368,0.7700093076174157,spring,15
2025-05-03 11:00:00+00:00,2025-05-03 11:15:00+00:00,135.62074950121996,0.7587831641173467,spring,15
2025-05-03 11:15:00+00:00,2025-05-03 11:30:00+00:00,135.949527442958,0.758889647560577,spring,15
2025-05-03 11:30:00+00:00,2025-05-03 11:45:00+00:00,135.5816796856186,0.7530469104821897,spring,15
2025-05-03 11:45:00+00:00,2025-05-03 12:00:00+00:00,134.9131874223582,0.7384052580406665,spring,15
2025-05-03 12:00:00+00:00,2025-05-03 12:15:00+00:00,133.4058508027101,0.7337846317059964,spring,15
2025-05-03 12:15:00+00:00,2025-05-03 12:30:00+00:00,132.18555630279812,0.7363929905824308,spring,15
2025-05-03 12:30:00+00:00,2025-05-03 12:45:00+00:00,131.69541828975963,0.7482114911610304,spring,15
2025-05-03 12:45:00+00:00,2025-05-03 13:00:00+00:00,132.33624402475002,0.7668777978537483,spring,15
2025-05-03 13:00:00+00:00,2025-05-03 13:15:00+00:00,132.86395800578978,0.7742835002561038,spring,15
2025-05-03 13:15:00+00:00,2025-05-03 13:30:00+00:00,133.3668344060125,0.7938176729895301,spring,15
2025-05-03 13:30:00+00:00,2025-05-03 13:45:00+00:00,133.84989596163288,0.7927919288512928,spring,15
2025-05-03 13:45:00+00:00,2025-05-03 14:00:00+00:00,135.75016867193384,0.80348507337366,spring,15
2025-05-03 14:00:00+00:00,2025-05-03 14:15:00+00:00,136.67113388136082,0.8109760374749172,spring,15
2025-05-03 14:15:00+00:00,2025-05-03 14:30:00+00:00,139.72427218870294,0.832514371329444,spring,15
2025-05-03 14:30:00+00:00,2025-05-03 14:45:00+00:00,144.49593333841332,0.8330870828519211,spring,15
2025-05-03 14:45:00+00:00,2025-05-03 15:00:00+00:00,153.6288320706013,0.8525438400938888,spring,15
2025-05-03 15:00:00+00:00,2025-05-03 15:15:00+00:00,159.2316764729212,0.8560592422304714,spring,15
2025-05-03 15:15:00+00:00,2025-05-03 15:30:00+00:00,160.71410876319564,0.8797150086773363,spring,15
2025-05-03 15:30:00+00:00,2025-05-03 15:45:00+00:00,165.63609696907264,0.9033459928331106,spring,15
2025-05-03 15:45:00+00:00,2025-05-03 16:00:00+00:00,174.00524558742458,0.9270644884569744,spring,15
2025-05-03 16:00:00+00:00,2025-05-03 16:15:00+00:00,179.20112794310882,0.9459079949289634,spring,15
2025-05-03 16:15:00+00:00,2025-05-03 16:30:00+00:00,183.02448373898324,0.9519552952290841,spring,15
2025-05-03 16:30:00+00:00,2025-05-03 16:45:00+00:00,189.04141301681148,0.9705868165051609,spring,15
2025-05-03 16:45:00+00:00,2025-05-03 17:00:00+00:00,198.7399246932908,1.0590835827866836,spring,15
2025-05-03 17:00:00+00:00,2025-05-03 17:15:00+00:00,212.40007244509692,1.0914101545833477,spring,15
2025-05-03 17:15:00+00:00,2025-05-03 17:30:00+00:00,214.9305388233963,1.0834550483893484,spring,15
2025-05-03 17:30:00+00:00,2025-05-03 17:45:00+00:00,211.76544496824582,1.149988526554356,spring,15
2025-05-03 17:45:00+00:00,2025-05-03 18:00:00+00:00,215.15721057832366,1.296955137551894,spring,15
2025-05-03 18:00:00+00:00,2025-05-03 18:15:00+00:00,215.69254030561856,1.2735384725062184,spring,15
2025-05-03 18:15:00+00:00,2025-05-03 18:30:00+00:00,222.86040197165744,1.214285950851744,spring,15
2025-05-03 18:30:00+00:00,2025-05-03 18:45:00+00:00,221.14624496866892,1.2138881596151903,spring,15
2025-05-03 18:45:00+00:00,2025-05-03 19:00:00+00:00,222.49682030900138,1.2287815611562272,spring,15
2025-05-03 19:00:00+00:00,2025-05-03 19:15:00+00:00,215.9204101885811,1.2290159951882014,spring,15
2025-05-03 19:15:00+00:00,2025-05-03 19:30:00+00:00,214.09671562106956,1.129773514758646,spring,15
2025-05-03 19:30:00+00:00,2025-05-03 19:45:00+00:00,210.2571367764069,1.0885916189342926,spring,15
2025-05-03 19:45:00+00:00,2025-05-03 20:00:00+00:00,209.4199788069864,1.0494608548682065,spring,15
2025-05-03 20:00:00+00:00,2025-05-03 20:15:00+00:00,206.07178600585516,1.1482879026398243,spring,15
2025-05-03 20:15:00+00:00,2025-05-03 20:30:00+00:00,208.04598669201434,1.0521233461643982,spring,15
2025-05-03 20:30:00+00:00,2025-05-03 20:45:00+00:00,208.20488055456119,0.9808144404298624,spring,15
2025-05-03 20:45:00+00:00,2025-05-03 21:00:00+00:00,200.8499631378451,0.9639935402633408,spring,15
2025-05-03 21:00:00+00:00,2025-05-03 21:15:00+00:00,185.47157012331402,0.9705380172356745,spring,15
2025-05-03 21:15:00+00:00,2025-05-03 21:30:00+00:00,178.07070424171818,0.9572765779599468,spring,15
2025-05-03 21:30:00+00:00,2025-05-03 21:45:00+00:00,176.5718484165069,0.9395538967507234,spring,15
2025-05-03 21:45:00+00:00,2025-05-03 22:00:00+00:00,171.651577081036,0.9329618671527676,spring,15
2025-05-03 22:00:00+00:00,2025-05-03 22:15:00+00:00,171.32361937253395,0.9232131296929127,spring,15
2025-05-03 22:15:00+00:00,2025-05-03 22:30:00+00:00,163.45712851371067,0.9134315254060601,spring,15
2025-05-03 22:30:00+00:00,2025-05-03 22:45:00+00:00,159.90828827956915,0.9031747741268545,spring,15
2025-05-03 22:45:00+00:00,2025-05-03 23:00:00+00:00,158.49398783114026,0.9018715663780794,spring,15
2025-05-03 23:00:00+00:00,2025-05-03 23:15:00+00:00,155.95711210786865,0.9028208127813545,spring,15
2025-05-03 23:15:00+00:00,2025-05-03 23:30:00+00:00,154.66939368920427,0.8979109263391029,spring,15
2025-05-03 23:30:00+00:00,2025-05-03 23:45:00+00:00,153.38320743708329,0.8864927876125624,spring,15
2025-05-03 23:45:00+00:00,2025-05-04 00:00:00+00:00,152.39474005351948,0.8822078315939333,spring,15
2025-05-04 00:00:00+00:00,2025-05-04 00:15:00+00:00,147.4840947214117,0.8453064412461303,spring,15
2025-05-04 00:15:00+00:00,2025-05-04 00:30:00+00:00,148.7221032054327,0.8557472557190776,spring,15
2025-05-04 00:30:00+00:00,2025-05-04 00:45:00+00:00,147.16948054790151,0.8455341055637704,spring,15
2025-05-04 00:45:00+00:00,2025-05-04 01:00:00+00:00,147.92562168913514,0.8497392694890077,spring,15
2025-05-04 01:00:00+00:00,2025-05-04 01:15:00+00:00,147.49116462142777,0.8517302994933953,spring,15
2025-05-04 01:15:00+00:00,2025-05-04 01:30:00+00:00,147.68393026619344,0.8435936120052401,spring,15
2025-05-04 01:30:00+00:00,2025-05-04 01:45:00+00:00,147.57841270182539,0.8457117818196663,spring,15
2025-05-04 01:45:00+00:00,2025-05-04 02:00:00+00:00,146.89755558649807,0.8364923538131027,spring,15
2025-05-04 02:00:00+00:00,2025-05-04 02:15:00+00:00,150.23148703951054,0.8458686630224298,spring,15
2025-05-04 02:15:00+00:00,2025-05-04 02:30:00+00:00,150.12572265121705,0.8500596636015416,spring,15
2025-05-04 02:30:00+00:00,2025-05-04 02:45:00+00:00,148.20629359542295,0.8446298810287638,spring,15
2025-05-04 02:45:00+00:00,2025-05-04 03:00:00+00:00,148.00342793963634,0.8436378763716221,spring,15
2025-05-04 03:00:00+00:00,2025-05-04 03:15:00+00:00,148.28645685416564,0.8446903400140178,spring,15
2025-05-04 03:15:00+00:00,2025-05-04 03:30:00+00:00,149.32526921024981,0.8514749060085686,spring,15
2025-05-04 03:30:00+00:00,2025-05-04 03:45:00+00:00,151.43036293987797,0.864068429562918,spring,15
2025-05-04 03:45:00+00:00,2025-05-04 04:00:00+00:00,151.80727431305317,0.8679519695377831,spring,15
2025-05-04 04:00:00+00:00,2025-05-04 04:15:00+00:00,150.61862209297215,0.8622385825426363,spring,15
2025-05-04 04:15:00+00:00,2025-05-04 04:30:00+00:00,150.7967540591886,0.868329951955039,spring,15
2025-05-04 04:30:00+00:00,2025-05-04 04:45:00+00:00,150.19445649460448,0.8597482122990778,spring,15
2025-05-04 04:45:00+00:00,2025-05-04 05:00:00+00:00,149.82726452589614,0.8537789390210493,spring,15
2025-05-04 05:00:00+00:00,2025-05-04 05:15:00+00:00,151.43751001490492,0.8551873138429105,spring,15
2025-05-04 05:15:00+00:00,2025-05-04 05:30:00+00:00,149.26947977151767,0.8364572076247407,spring,15
2025-05-04 05:30:00+00:00,2025-05-04 05:45:00+00:00,146.88639570771508,0.8133022010385483,spring,15
2025-05-04 05:45:00+00:00,2025-05-04 06:00:00+00:00,145.90126230739398,0.7990246280909176,spring,15
2025-05-04 06:00:00+00:00,2025-05-04 06:15:00+00:00,143.29900658229437,0.780487059790209,spring,15
2025-05-04 06:15:00+00:00,2025-05-04 06:30:00+00:00,139.72086800525946,0.7542242196923761,spring,15
2025-05-04 06:30:00+00:00,2025-05-04 06:45:00+00:00,137.34584016552964,0.7426129467045911,spring,15
2025-05-04 06:45:00+00:00,2025-05-04 07:00:00+00:00,134.06183098551477,0.7226682284221443,spring,15
2025-05-04 07:00:00+00:00,2025-05-04 07:15:00+00:00,126.47715109122781,0.6933555459693066,spring,15
2025-05-04 07:15:00+00:00,2025-05-04 07:30:00+00:00,123.82217516315004,0.6815051651283252,spring,15
2025-05-04 07:30:00+00:00,2025-05-04 07:45:00+00:00,122.12017219179715,0.6682577440867651,spring,15
2025-05-04 07:45:00+00:00,2025-05-04 08:00:00+00:00,120.37464045539194,0.6627293735464449,spring,15
2025-05-04 08:00:00+00:00,2025-05-04 08:15:00+00:00,118.83530954766617,0.6785475969576682,spring,15
2025-05-04 08:15:00+00:00,2025-05-04 08:30:00+00:00,118.65975511525431,0.6637847161160428,spring,15
2025-05-04 08:30:00+00:00,2025-05-04 08:45:00+00:00,118.22848677562594,0.6620450904675313,spring,15
2025-05-04 08:45:00+00:00,2025-05-04 09:00:00+00:00,116.77682013588324,0.6557587816991942,spring,15
2025-05-04 09:00:00+00:00,2025-05-04 09:15:00+00:00,116.81707534453271,0.6515275542946484,spring,15
2025-05-04 09:15:00+00:00,2025-05-04 09:30:00+00:00,116.09561730725206,0.6464349338253549,spring,15
2025-05-04 09:30:00+00:00,2025-05-04 09:45:00+00:00,116.946369875057,0.6517659192549935,spring,15
2025-05-04 09:45:00+00:00,2025-05-04 10:00:00+00:00,116.21688938087644,0.6541820784241459,spring,15
2025-05-04 10:00:00+00:00,2025-05-04 10:15:00+00:00,114.9789737835996,0.6474427489362377,spring,15
2025-05-04 10:15:00+00:00,2025-05-04 10:30:00+00:00,113.6865370681309,0.6409962734246983,spring,15
2025-05-04 10:30:00+00:00,2025-05-04 10:45:00+00:00,114.99889390192655,0.6422897431908864,spring,15
2025-05-04 10:45:00+00:00,2025-05-04 11:00:00+00:00,117.09674100453095,0.653668829141338,spring,15
2025-05-04 11:00:00+00:00,2025-05-04 11:15:00+00:00,118.58647065238993,0.6759168483824299,spring,15
2025-05-04 11:15:00+00:00,2025-05-04 11:30:00+00:00,118.40577688804917,0.6648052632118467,spring,15
2025-05-04 11:30:00+00:00,2025-05-04 11:45:00+00:00,121.71436321776973,0.6862131260017144,spring,15
2025-05-04 11:45:00+00:00,2025-05-04 12:00:00+00:00,121.76782969684797,0.6984427047494988,spring,15
2025-05-04 12:00:00+00:00,2025-05-04 12:15:00+00:00,122.6055340524199,0.7109584612056281,spring,15
2025-05-04 12:15:00+00:00,2025-05-04 12:30:00+00:00,124.10258147702622,0.7394122247110103,spring,15
2025-05-04 12:30:00+00:00,2025-05-04 12:45:00+00:00,126.13740939488284,0.765825107847951,spring,15
2025-05-04 12:45:00+00:00,2025-05-04 13:00:00+00:00,127.52327223397846,0.7881451608413712,spring,15
2025-05-04 13:00:00+00:00,2025-05-04 13:15:00+00:00,128.5735709262165,0.7977040875454192,spring,15
2025-05-04 13:15:00+00:00,2025-05-04 13:30:00+00:00,129.71865902765998,0.7897248851468645,spring,15
2025-05-04 13:30:00+00:00,2025-05-04 13:45:00+00:00,130.89634219659874,0.7970318333405183,spring,15
2025-05-04 13:45:00+00:00,2025-05-04 14:00:00+00:00,132.81772947290753,0.8058940157885529,spring,15
2025-05-04 14:00:00+00:00,2025-05-04 14:15:00+00:00,137.08735187841512,0.8387851933112683,spring,15
2025-05-04 14:15:00+00:00,2025-05-04 14:30:00+00:00,139.05774986643598,0.8392462383243124,spring,15
2025-05-04 14:30:00+00:00,2025-05-04 14:45:00+00:00,141.45064056005327,0.8546648021558458,spring,15
2025-05-04 14:45:00+00:00,2025-05-04 15:00:00+00:00,147.2843996663539,0.8899271917746341,spring,15
2025-05-04 15:00:00+00:00,2025-05-04 15:15:00+00:00,150.27458591461857,0.8956333752959785,spring,15
2025-05-04 15:15:00+00:00,2025-05-04 15:30:00+00:00,155.24298640436436,0.9341847663020675,spring,15
2025-05-04 15:30:00+00:00,2025-05-04 15:45:00+00:00,168.81473076885808,1.019079781211448,spring,15
2025-05-04 15:45:00+00:00,2025-05-04 16:00:00+00:00,178.38899585874003,1.0533571436061386,spring,15
2025-05-04 16:00:00+00:00,2025-05-04 16:15:00+00:00,211.68509244235827,1.12718271251896,spring,15
2025-05-04 16:15:00+00:00,2025-05-04 16:30:00+00:00,238.00283141236739,1.2492550635593396,spring,15
2025-05-04 16:30:00+00:00,2025-05-04 16:45:00+00:00,258.63459460938327,1.2977234596076048,spring,15
2025-05-04 16:45:00+00:00,2025-05-04 17:00:00+00:00,274.4422516484712,1.3783732545335612,spring,15
2025-05-04 17:00:00+00:00,2025-05-04 17:15:00+00:00,307.5235796536223,1.4549812137952636,spring,15
2025-05-04 17:15:00+00:00,2025-05-04 17:30:00+00:00,317.4643399789386,1.515578317064651,spring,15
2025-05-04 17:30:00+00:00,2025-05-04 17:45:00+00:00,322.642679842413,1.6610949114600082,spring,15
2025-05-04 17:45:00+00:00,2025-05-04 18:00:00+00:00,330.9384868641172,1.772149980760223,spring,15
2025-05-04 18:00:00+00:00,2025-05-04 18:15:00+00:00,341.1589352632881,1.7181576625939778,spring,15
2025-05-04 18:15:00+00:00,2025-05-04 18:30:00+00:00,357.86363882639836,1.7668176523032995,spring,15
2025-05-04 18:30:00+00:00,2025-05-04 18:45:00+00:00,360.1935459521498,1.8182261819285968,spring,15
2025-05-04 18:45:00+00:00,2025-05-04 19:00:00+00:00,365.9623186656306,1.830805176537227,spring,15
2025-05-04 19:00:00+00:00,2025-05-04 19:15:00+00:00,359.82133932896687,1.845377278023885,spring,15
2025-05-04 19:15:00+00:00,2025-05-04 19:30:00+00:00,360.78741728743216,1.7998411373270862,spring,15
2025-05-04 19:30:00+00:00,2025-05-04 19:45:00+00:00,361.32752526536376,1.769878613881464,spring,15
2025-05-04 19:45:00+00:00,2025-05-04 20:00:00+00:00,365.965992286201,1.773493718446336,spring,15
2025-05-04 20:00:00+00:00,2025-05-04 20:15:00+00:00,369.3415176841097,1.7112803948175057,spring,15
2025-05-04 20:15:00+00:00,2025-05-04 20:30:00+00:00,371.4394942148731,1.5867952284069233,spring,15
2025-05-04 20:30:00+00:00,2025-05-04 20:45:00+00:00,377.87351169707836,1.5447863329371723,spring,15
2025-05-04 20:45:00+00:00,2025-05-04 21:00:00+00:00,383.5205116813489,1.560414765078478,spring,15
2025-05-04 21:00:00+00:00,2025-05-04 21:15:00+00:00,372.0827350084043,1.623017645542493,spring,15
2025-05-04 21:15:00+00:00,2025-05-04 21:30:00+00:00,367.9565527698574,1.5478825400141536,spring,15
2025-05-04 21:30:00+00:00,2025-05-04 21:45:00+00:00,366.09772988319963,1.5194619068025526,spring,15
2025-05-04 21:45:00+00:00,2025-05-04 22:00:00+00:00,358.7616806373017,1.5126132297142976,spring,15
2025-05-04 22:00:00+00:00,2025-05-04 22:15:00+00:00,340.4451244883639,1.5109522446235224,spring,15
2025-05-04 22:15:00+00:00,2025-05-04 22:30:00+00:00,327.18622017024217,1.4908509983539606,spring,15
2025-05-04 22:30:00+00:00,2025-05-04 22:45:00+00:00,316.87852462476303,1.4714154034691607,spring,15
2025-05-04 22:45:00+00:00,2025-05-04 23:00:00+00:00,308.8754197197419,1.4388445863190773,spring,15
2025-05-04 23:00:00+00:00,2025-05-04 23:15:00+00:00,303.37360822550653,1.43912479069381,spring,15
2025-05-04 23:15:00+00:00,2025-05-04 23:30:00+00:00,299.9829516225515,1.4356344998649666,spring,15
2025-05-04 23:30:00+00:00,2025-05-04 23:45:00+00:00,296.03909664755855,1.4234124648149546,spring,15
2025-05-04 23:45:00+00:00,2025-05-05 00:00:00+00:00,292.55754669214565,1.4168159330068655,spring,15
2025-05-05 00:00:00+00:00,2025-05-05 00:15:00+00:00,290.4621951245191,1.424610950803326,spring,15
2025-05-05 00:15:00+00:00,2025-05-05 00:30:00+00:00,288.86542267680977,1.4302678570622047,spring,15
2025-05-05 00:30:00+00:00,2025-05-05 00:45:00+00:00,291.0452964328806,1.4384720579467514,spring,15
2025-05-05 00:45:00+00:00,2025-05-05 01:00:00+00:00,291.81884594647704,1.4394702068586962,spring,15
2025-05-05 01:00:00+00:00,2025-05-05 01:15:00+00:00,291.7626726689453,1.419883458152102,spring,15
2025-05-05 01:15:00+00:00,2025-05-05 01:30:00+00:00,294.327027779519,1.4235824974488582,spring,15
2025-05-05 01:30:00+00:00,2025-05-05 01:45:00+00:00,293.5238446603879,1.4231657848590258,spring,15
2025-05-05 01:45:00+00:00,2025-05-05 02:00:00+00:00,294.85542586416693,1.4157852033883693,spring,15
2025-05-05 02:00:00+00:00,2025-05-05 02:15:00+00:00,296.77170979130426,1.3947799057575478,spring,15
2025-05-05 02:15:00+00:00,2025-05-05 02:30:00+00:00,298.3249252779718,1.3975934303732862,spring,15
2025-05-05 02:30:00+00:00,2025-05-05 02:45:00+00:00,303.95124662370836,1.3939454890669918,spring,15
2025-05-05 02:45:00+00:00,2025-05-05 03:00:00+00:00,307.01724770083473,1.3905722868880694,spring,15
2025-05-05 03:00:00+00:00,2025-05-05 03:15:00+00:00,310.6928805077001,1.4434224946093173,spring,15
2025-05-05 03:15:00+00:00,2025-05-05 03:30:00+00:00,315.9596750565756,1.4479937933787557,spring,15
2025-05-05 03:30:00+00:00,2025-05-05 03:45:00+00:00,322.01613538088634,1.4516890287709785,spring,15
2025-05-05 03:45:00+00:00,2025-05-05 04:00:00+00:00,326.7462502720909,1.4826897081348736,spring,15
2025-05-05 04:00:00+00:00,2025-05-05 04:15:00+00:00,329.4504845179659,1.510916933327446,spring,15
2025-05-05 04:15:00+00:00,2025-05-05 04:30:00+00:00,324.65298500715943,1.5451019243524244,spring,15
2025-05-05 04:30:00+00:00,2025-05-05 04:45:00+00:00,317.764226575943,1.5267597410133145,spring,15
2025-05-05 04:45:00+00:00,2025-05-05 05:00:00+00:00,314.2594321118348,1.5019696486680392,spring,15
2025-05-05 05:00:00+00:00,2025-05-05 05:15:00+00:00,299.04632056055715,1.4370522940706485,spring,15
2025-05-05 05:15:00+00:00,2025-05-05 05:30:00+00:00,294.0418084721372,1.3744627728280747,spring,15
2025-05-05 05:30:00+00:00,2025-05-05 05:45:00+00:00,293.1974894255762,1.3221736125685553,spring,15
2025-05-05 05:45:00+00:00,2025-05-05 06:00:00+00:00,289.1237237913299,1.2564268109793548,spring,15
2025-05-05 06:00:00+00:00,2025-05-05 06:15:00+00:00,279.0986171680646,1.3214547639383054,spring,15
2025-05-05 06:15:00+00:00,2025-05-05 06:30:00+00:00,279.2360087668323,1.2332716780979482,spring,15
2025-05-05 06:30:00+00:00,2025-05-05 06:45:00+00:00,275.46443759115783,1.1438557665645848,spring,15
2025-05-05 06:45:00+00:00,2025-05-05 07:00:00+00:00,264.80947409549606,1.0424580515742061,spring,15
2025-05-05 07:00:00+00:00,2025-05-05 07:15:00+00:00,239.8950984940468,1.045711769092855,spring,15
2025-05-05 07:15:00+00:00,2025-05-05 07:30:00+00:00,227.77449163566072,0.9633843805532052,spring,15
2025-05-05 07:30:00+00:00,2025-05-05 07:45:00+00:00,215.74105666399436,0.9244022851903272,spring,15
2025-05-05 07:45:00+00:00,2025-05-05 08:00:00+00:00,202.20667040975977,0.8908362425877289,spring,15
2025-05-05 08:00:00+00:00,2025-05-05 08:15:00+00:00,183.895599841979,0.8483852694220453,spring,15
2025-05-05 08:15:00+00:00,2025-05-05 08:30:00+00:00,171.58803032414434,0.810936776839435,spring,15
2025-05-05 08:30:00+00:00,2025-05-05 08:45:00+00:00,164.45839787177633,0.7948462180016619,spring,15
2025-05-05 08:45:00+00:00,2025-05-05 09:00:00+00:00,162.27342116135017,0.7857187722931176,spring,15
2025-05-05 09:00:00+00:00,2025-05-05 09:15:00+00:00,160.57591058252288,0.8013228080717492,spring,15
2025-05-05 09:15:00+00:00,2025-05-05 09:30:00+00:00,162.1451443102384,0.8222916519010063,spring,15
2025-05-05 09:30:00+00:00,2025-05-05 09:45:00+00:00,163.2618419695297,0.8720654973812046,spring,15
2025-05-05 09:45:00+00:00,2025-05-05 10:00:00+00:00,164.87319115633514,0.8543583714260289,spring,15
2025-05-05 10:00:00+00:00,2025-05-05 10:15:00+00:00,164.4325901801813,0.8041342528203101,spring,15
2025-05-05 10:15:00+00:00,2025-05-05 10:30:00+00:00,168.07477910520203,0.8016364296426369,spring,15
2025-05-05 10:30:00+00:00,2025-05-05 10:45:00+00:00,169.62467838130223,0.8006576490691496,spring,15
2025-05-05 10:45:00+00:00,2025-05-05 11:00:00+00:00,171.43089832491006,0.8020245507633782,spring,15
2025-05-05 11:00:00+00:00,2025-05-05 11:15:00+00:00,165.8910397697325,0.7944727861141384,spring,15
2025-05-05 11:15:00+00:00,2025-05-05 11:30:00+00:00,164.1355570352677,0.789253986369095,spring,15
2025-05-05 11:30:00+00:00,2025-05-05 11:45:00+00:00,163.47114083213836,0.7937996414046591,spring,15
2025-05-05 11:45:00+00:00,2025-05-05 12:00:00+00:00,165.4569100076658,0.8099117517164314,spring,15
2025-05-05 12:00:00+00:00,2025-05-05 12:15:00+00:00,166.53842242574933,0.8364603230937961,spring,15
2025-05-05 12:15:00+00:00,2025-05-05 12:30:00+00:00,170.27029789440806,0.8270721293893727,spring,15
2025-05-05 12:30:00+00:00,2025-05-05 12:45:00+00:00,177.62214945208203,0.8451035982162721,spring,15
2025-05-05 12:45:00+00:00,2025-05-05 13:00:00+00:00,180.8976114743397,0.8606378551265143,spring,15
2025-05-05 13:00:00+00:00,2025-05-05 13:15:00+00:00,188.78335891044546,0.8816056326428335,spring,15
2025-05-05 13:15:00+00:00,2025-05-05 13:30:00+00:00,191.7965054160908,0.9066540247556923,spring,15
2025-05-05 13:30:00+00:00,2025-05-05 13:45:00+00:00,197.40393166743345,0.9402653660736324,spring,15
2025-05-05 13:45:00+00:00,2025-05-05 14:00:00+00:00,201.09384548633963,0.9616235978960815,spring,15
2025-05-05 14:00:00+00:00,2025-05-05 14:15:00+00:00,214.04958468613617,0.9918024814928441,spring,15
2025-05-05 14:15:00+00:00,2025-05-05 14:30:00+00:00,222.21028066148398,1.0315034609180915,spring,15
2025-05-05 14:30:00+00:00,2025-05-05 14:45:00+00:00,231.61090490569225,1.0633487382214626,spring,15
2025-05-05 14:45:00+00:00,2025-05-05 15:00:00+00:00,245.24299425557243,1.0969847318362145,spring,15
2025-05-05 15:00:00+00:00,2025-05-05 15:15:00+00:00,257.5507213160528,1.0960892774842441,spring,15
2025-05-05 15:15:00+00:00,2025-05-05 15:30:00+00:00,268.92229983094876,1.1601094420710059,spring,15
2025-05-05 15:30:00+00:00,2025-05-05 15:45:00+00:00,280.63089375236933,1.2224741839917936,spring,15
2025-05-05 15:45:00+00:00,2025-05-05 16:00:00+00:00,294.8331961127669,1.2288149516202487,spring,15
2025-05-05 16:00:00+00:00,2025-05-05 16:15:00+00:00,312.10582340813505,1.2541066530597782,spring,15
2025-05-05 16:15:00+00:00,2025-05-05 16:30:00+00:00,317.2663863675271,1.2761847841436902,spring,15
2025-05-05 16:30:00+00:00,2025-05-05 16:45:00+00:00,316.62654318073385,1.2942328610459557,spring,15
2025-05-05 16:45:00+00:00,2025-05-05 17:00:00+00:00,318.1325554352516,1.3936264462034367,spring,15
2025-05-05 17:00:00+00:00,2025-05-05 17:15:00+00:00,331.6720268848907,1.4166940027741655,spring,15
2025-05-05 17:15:00+00:00,2025-05-05 17:30:00+00:00,331.8531809419034,1.487387589505915,spring,15
2025-05-05 17:30:00+00:00,2025-05-05 17:45:00+00:00,337.8419069186784,1.5445474419003742,spring,15
2025-05-05 17:45:00+00:00,2025-05-05 18:00:00+00:00,342.50828925538127,1.557939924475949,spring,15
2025-05-05 18:00:00+00:00,2025-05-05 18:15:00+00:00,356.54479215545535,1.5907482732587628,spring,15
2025-05-05 18:15:00+00:00,2025-05-05 18:30:00+00:00,363.77242296505113,1.635358500030822,spring,15
2025-05-05 18:30:00+00:00,2025-05-05 18:45:00+00:00,362.59642884172996,1.637563933008687,spring,15
2025-05-05 18:45:00+00:00,2025-05-05 19:00:00+00:00,362.8848210204845,1.6537532701120088,spring,15
2025-05-05 19:00:00+00:00,2025-05-05 19:15:00+00:00,357.0823239455646,1.6425543735521877,spring,15
2025-05-05 19:15:00+00:00,2025-05-05 19:30:00+00:00,361.5712259618894,1.5818107956717,spring,15
2025-05-05 19:30:00+00:00,2025-05-05 19:45:00+00:00,365.2094556772874,1.5083959684344541,spring,15
2025-05-05 19:45:00+00:00,2025-05-05 20:00:00+00:00,369.39660295834824,1.5173524857733751,spring,15
2025-05-05 20:00:00+00:00,2025-05-05 20:15:00+00:00,361.77844004209805,1.5033711565234984,spring,15
2025-05-05 20:15:00+00:00,2025-05-05 20:30:00+00:00,366.2223883203702,1.4636791301549168,spring,15
2025-05-05 20:30:00+00:00,2025-05-05 20:45:00+00:00,372.58185604183797,1.4979266540343705,spring,15
2025-05-05 20:45:00+00:00,2025-05-05 21:00:00+00:00,374.9033498280934,1.5189634485435164,spring,15
2025-05-05 21:00:00+00:00,2025-05-05 21:15:00+00:00,366.1323283751284,1.5840076293295,spring,15
2025-05-05 21:15:00+00:00,2025-05-05 21:30:00+00:00,367.1053863682588,1.547061507962849,spring,15
2025-05-05 21:30:00+00:00,2025-05-05 21:45:00+00:00,370.26306526195503,1.5165237909694496,spring,15
2025-05-05 21:45:00+00:00,2025-05-05 22:00:00+00:00,363.9700458260249,1.5068713206853845,spring,15
2025-05-05 22:00:00+00:00,2025-05-05 22:15:00+00:00,362.7316315689572,1.5133369273944008,spring,15
2025-05-05 22:15:00+00:00,2025-05-05 22:30:00+00:00,355.23000753581437,1.5465901805998863,spring,15
2025-05-05 22:30:00+00:00,2025-05-05 22:45:00+00:00,353.9474929650302,1.5405243666938238,spring,15
2025-05-05 22:45:00+00:00,2025-05-05 23:00:00+00:00,347.1093654457049,1.5471635858769104,spring,15
2025-05-05 23:00:00+00:00,2025-05-05 23:15:00+00:00,341.7695510188155,1.5628298776102616,spring,15
2025-05-05 23:15:00+00:00,2025-05-05 23:30:00+00:00,343.3095245301499,1.5774867315811365,spring,15
2025-05-05 23:30:00+00:00,2025-05-05 23:45:00+00:00,344.6931482610002,1.5874461686126438,spring,15
2025-05-05 23:45:00+00:00,2025-05-06 00:00:00+00:00,344.85042260441736,1.5965439423150343,spring,15
2025-05-06 00:00:00+00:00,2025-05-06 00:15:00+00:00,347.5414297312811,1.5942035138385393,spring,15
2025-05-06 00:15:00+00:00,2025-05-06 00:30:00+00:00,351.36938333878334,1.6031514454952505,spring,15
2025-05-06 00:30:00+00:00,2025-05-06 00:45:00+00:00,357.3576893903531,1.6520017762229655,spring,15
2025-05-06 00:45:00+00:00,2025-05-06 01:00:00+00:00,360.0294210173707,1.634185544834721,spring,15
2025-05-06 01:00:00+00:00,2025-05-06 01:15:00+00:00,361.46004251804465,1.631855145588704,spring,15
2025-05-06 01:15:00+00:00,2025-05-06 01:30:00+00:00,362.45588661449693,1.636568266997361,spring,15
2025-05-06 01:30:00+00:00,2025-05-06 01:45:00+00:00,360.64886186458085,1.6320974016501968,spring,15
2025-05-06 01:45:00+00:00,2025-05-06 02:00:00+00:00,363.3783014226582,1.637822245139805,spring,15
2025-05-06 02:00:00+00:00,2025-05-06 02:15:00+00:00,366.9207146591498,1.6317911289156362,spring,15
2025-05-06 02:15:00+00:00,2025-05-06 02:30:00+00:00,367.37845760351274,1.6250385747430787,spring,15
2025-05-06 02:30:00+00:00,2025-05-06 02:45:00+00:00,365.5794725757224,1.6288454421618146,spring,15
2025-05-06 02:45:00+00:00,2025-05-06 03:00:00+00:00,364.79880756423717,1.6717442348078195,spring,15
2025-05-06 03:00:00+00:00,2025-05-06 03:15:00+00:00,366.2838719443989,1.5984114150958124,spring,15
2025-05-06 03:15:00+00:00,2025-05-06 03:30:00+00:00,352.73661925320494,1.6619496888538674,spring,15
2025-05-06 03:30:00+00:00,2025-05-06 03:45:00+00:00,358.4377307366375,1.619828572303951,spring,15
2025-05-06 03:45:00+00:00,2025-05-06 04:00:00+00:00,359.63752477234954,1.6420151301396295,spring,15
2025-05-06 04:00:00+00:00,2025-05-06 04:15:00+00:00,337.48854090234533,1.5939713262917212,spring,15
2025-05-06 04:15:00+00:00,2025-05-06 04:30:00+00:00,322.3837939109507,1.6277114779302042,spring,15
2025-05-06 04:30:00+00:00,2025-05-06 04:45:00+00:00,309.4305951305681,1.542516099369152,spring,15
2025-05-06 04:45:00+00:00,2025-05-06 05:00:00+00:00,301.2899772845178,1.5700709487394608,spring,15
2025-05-06 05:00:00+00:00,2025-05-06 05:15:00+00:00,288.33985281212244,1.535166416828911,spring,15
2025-05-06 05:15:00+00:00,2025-05-06 05:30:00+00:00,282.3958583486375,1.422566936403433,spring,15
2025-05-06 05:30:00+00:00,2025-05-06 05:45:00+00:00,275.1534184375504,1.3502991480489321,spring,15
2025-05-06 05:45:00+00:00,2025-05-06 06:00:00+00:00,274.7099125730359,1.3231319987484698,spring,15
2025-05-06 06:00:00+00:00,2025-05-06 06:15:00+00:00,257.59682157136166,1.2616815098665988,spring,15
2025-05-06 06:15:00+00:00,2025-05-06 06:30:00+00:00,254.53053660738328,1.1973243374731277,spring,15
2025-05-06 06:30:00+00:00,2025-05-06 06:45:00+00:00,249.7141303462802,1.1485230576524195,spring,15
2025-05-06 06:45:00+00:00,2025-05-06 07:00:00+00:00,239.91767790164963,1.0095685012785038,spring,15
2025-05-06 07:00:00+00:00,2025-05-06 07:15:00+00:00,210.35597236189696,1.0215836996815142,spring,15
2025-05-06 07:15:00+00:00,2025-05-06 07:30:00+00:00,197.34408434632778,0.9509801361220915,spring,15
2025-05-06 07:30:00+00:00,2025-05-06 07:45:00+00:00,180.31293757904731,0.8712152207582661,spring,15
2025-05-06 07:45:00+00:00,2025-05-06 08:00:00+00:00,163.09785532348056,0.8770706591449547,spring,15
2025-05-06 08:00:00+00:00,2025-05-06 08:15:00+00:00,149.0221176610018,0.8179025429540006,spring,15
2025-05-06 08:15:00+00:00,2025-05-06 08:30:00+00:00,142.10640342547086,0.7771504497908902,spring,15
2025-05-06 08:30:00+00:00,2025-05-06 08:45:00+00:00,139.37854673138378,0.7731952604197138,spring,15
2025-05-06 08:45:00+00:00,2025-05-06 09:00:00+00:00,139.24963600507144,0.775088223943881,spring,15
2025-05-06 09:00:00+00:00,2025-05-06 09:15:00+00:00,137.0942190198812,0.754708975506993,spring,15
2025-05-06 09:15:00+00:00,2025-05-06 09:30:00+00:00,134.21633319659279,0.7420221987232835,spring,15
2025-05-06 09:30:00+00:00,2025-05-06 09:45:00+00:00,132.9135278483025,0.7291004405678577,spring,15
2025-05-06 09:45:00+00:00,2025-05-06 10:00:00+00:00,132.6037472324083,0.7356174872576836,spring,15
2025-05-06 10:00:00+00:00,2025-05-06 10:15:00+00:00,131.52454505841985,0.7427550280761316,spring,15
2025-05-06 10:15:00+00:00,2025-05-06 10:30:00+00:00,131.38501741133592,0.7242717117964099,spring,15
2025-05-06 10:30:00+00:00,2025-05-06 10:45:00+00:00,131.92208310277235,0.710007048830174,spring,15
2025-05-06 10:45:00+00:00,2025-05-06 11:00:00+00:00,132.17150757517032,0.704147846628141,spring,15
2025-05-06 11:00:00+00:00,2025-05-06 11:15:00+00:00,131.18342772006093,0.6941328154970565,spring,15
2025-05-06 11:15:00+00:00,2025-05-06 11:30:00+00:00,131.60678602740046,0.7028831477330557,spring,15
2025-05-06 11:30:00+00:00,2025-05-06 11:45:00+00:00,132.61002629483278,0.7115553746909573,spring,15
2025-05-06 11:45:00+00:00,2025-05-06 12:00:00+00:00,133.35627261734416,0.7182116471113201,spring,15
2025-05-06 12:00:00+00:00,2025-05-06 12:15:00+00:00,131.87245740620665,0.7068526754625117,spring,15
2025-05-06 12:15:00+00:00,2025-05-06 12:30:00+00:00,131.92167863588242,0.7055148773367791,spring,15
2025-05-06 12:30:00+00:00,2025-05-06 12:45:00+00:00,132.05536213301528,0.7035343746259126,spring,15
2025-05-06 12:45:00+00:00,2025-05-06 13:00:00+00:00,132.54790843217353,0.6994824159624811,spring,15
2025-05-06 13:00:00+00:00,2025-05-06 13:15:00+00:00,134.91046879487158,0.706435045910999,spring,15
2025-05-06 13:15:00+00:00,2025-05-06 13:30:00+00:00,140.76031944504481,0.7268418394237967,spring,15
2025-05-06 13:30:00+00:00,2025-05-06 13:45:00+00:00,144.76844513066612,0.7550545401269833,spring,15
2025-05-06 13:45:00+00:00,2025-05-06 14:00:00+00:00,146.99901650908052,0.7707825355652301,spring,15
2025-05-06 14:00:00+00:00,2025-05-06 14:15:00+00:00,153.69530152467942,0.8022043317087197,spring,15
2025-05-06 14:15:00+00:00,2025-05-06 14:30:00+00:00,158.52351535245063,0.8123567448749542,spring,15
2025-05-06 14:30:00+00:00,2025-05-06 14:45:00+00:00,165.70291535174627,0.8439232140523646,spring,15
2025-05-06 14:45:00+00:00,2025-05-06 15:00:00+00:00,173.47553378873818,0.8664282054525961,spring,15
2025-05-06 15:00:00+00:00,2025-05-06 15:15:00+00:00,193.38486559866848,0.8975650592047545,spring,15
2025-05-06 15:15:00+00:00,2025-05-06 15:30:00+00:00,203.22511752861027,0.9376045454239222,spring,15
2025-05-06 15:30:00+00:00,2025-05-06 15:45:00+00:00,219.70302905058134,0.9845333644353866,spring,15
2025-05-06 15:45:00+00:00,2025-05-06 16:00:00+00:00,235.71438507780562,1.0846887276982327,spring,15
2025-05-06 16:00:00+00:00,2025-05-06 16:15:00+00:00,266.2630619845575,1.0610257910971748,spring,15
2025-05-06 16:15:00+00:00,2025-05-06 16:30:00+00:00,283.6528329729611,1.1410812019561904,spring,15
2025-05-06 16:30:00+00:00,2025-05-06 16:45:00+00:00,296.39232578541635,1.204089575355565,spring,15
2025-05-06 16:45:00+00:00,2025-05-06 17:00:00+00:00,302.621738662207,1.3213212879950034,spring,15
2025-05-06 17:00:00+00:00,2025-05-06 17:15:00+00:00,321.07209971822294,1.2986964367178475,spring,15
2025-05-06 17:15:00+00:00,2025-05-06 17:30:00+00:00,324.7075494793806,1.3467295804213917,spring,15
2025-05-06 17:30:00+00:00,2025-05-06 17:45:00+00:00,328.9663789415811,1.4026281152197775,spring,15
2025-05-06 17:45:00+00:00,2025-05-06 18:00:00+00:00,337.51935936977407,1.520516305927339,spring,15
2025-05-06 18:00:00+00:00,2025-05-06 18:15:00+00:00,348.88850973653524,1.603722368341305,spring,15
2025-05-06 18:15:00+00:00,2025-05-06 18:30:00+00:00,355.5634491208204,1.6454886697656474,spring,15
2025-05-06 18:30:00+00:00,2025-05-06 18:45:00+00:00,359.51720745564984,1.6333597468490237,spring,15
2025-05-06 18:45:00+00:00,2025-05-06 19:00:00+00:00,360.9250686359665,1.6440210523699879,spring,15
2025-05-06 19:00:00+00:00,2025-05-06 19:15:00+00:00,359.30097019067284,1.6807456335871858,spring,15
2025-05-06 19:15:00+00:00,2025-05-06 19:30:00+00:00,365.2658358191599,1.646340607221958,spring,15
2025-05-06 19:30:00+00:00,2025-05-06 19:45:00+00:00,366.6660030707101,1.6429339547680646,spring,15
2025-05-06 19:45:00+00:00,2025-05-06 20:00:00+00:00,373.4453369596905,1.684281333620248,spring,15
2025-05-06 20:00:00+00:00,2025-05-06 20:15:00+00:00,379.4668859250507,1.6620190841745492,spring,15
2025-05-06 20:15:00+00:00,2025-05-06 20:30:00+00:00,386.2338025383269,1.6393884396058274,spring,15
2025-05-06 20:30:00+00:00,2025-05-06 20:45:00+00:00,396.8712511743507,1.5878780294780022,spring,15
2025-05-06 20:45:00+00:00,2025-05-06 21:00:00+00:00,405.29199242746614,1.6185420291782324,spring,15
2025-05-06 21:00:00+00:00,2025-05-06 21:15:00+00:00,414.30126332001385,1.6404122608962528,spring,15
2025-05-06 21:15:00+00:00,2025-05-06 21:30:00+00:00,419.4426122687782,1.6801759469120543,spring,15
2025-05-06 21:30:00+00:00,2025-05-06 21:45:00+00:00,421.9728189759408,1.6438685063001417,spring,15
2025-05-06 21:45:00+00:00,2025-05-06 22:00:00+00:00,422.82859889818576,1.64416791318814,spring,15
2025-05-06 22:00:00+00:00,2025-05-06 22:15:00+00:00,418.62357949854265,1.7243466195485047,spring,15
2025-05-06 22:15:00+00:00,2025-05-06 22:30:00+00:00,421.5213103033311,1.7477035188373509,spring,15
2025-05-06 22:30:00+00:00,2025-05-06 22:45:00+00:00,428.32950389726295,1.7168733420388973,spring,15
2025-05-06 22:45:00+00:00,2025-05-06 23:00:00+00:00,435.2427543741016,1.7148002613638569,spring,15
2025-05-06 23:00:00+00:00,2025-05-06 23:15:00+00:00,435.2727238654205,1.7578177203828036,spring,15
2025-05-06 23:15:00+00:00,2025-05-06 23:30:00+00:00,438.3414333274479,1.724211250653821,spring,15
2025-05-06 23:30:00+00:00,2025-05-06 23:45:00+00:00,441.4858065358689,1.7262217904554173,spring,15
2025-05-06 23:45:00+00:00,2025-05-07 00:00:00+00:00,445.0726421791325,1.7432795566808907,spring,15
2025-05-07 00:00:00+00:00,2025-05-07 00:15:00+00:00,448.20399591635066,1.757842814024903,spring,15
2025-05-07 00:15:00+00:00,2025-05-07 00:30:00+00:00,452.12112086835583,1.7648326907973528,spring,15
2025-05-07 00:30:00+00:00,2025-05-07 00:45:00+00:00,455.56700061967916,1.7776210734279014,spring,15
2025-05-07 00:45:00+00:00,2025-05-07 01:00:00+00:00,458.3523528831871,1.7711951494415425,spring,15
2025-05-07 01:00:00+00:00,2025-05-07 01:15:00+00:00,457.937911675906,1.7598108930075367,spring,15
2025-05-07 01:15:00+00:00,2025-05-07 01:30:00+00:00,457.58857420357793,1.7773942285583002,spring,15
2025-05-07 01:30:00+00:00,2025-05-07 01:45:00+00:00,458.8299667955764,1.817347620939081,spring,15
2025-05-07 01:45:00+00:00,2025-05-07 02:00:00+00:00,458.36741782650967,1.7951812591543965,spring,15
2025-05-07 02:00:00+00:00,2025-05-07 02:15:00+00:00,458.4999719525854,1.7523273675938023,spring,15
2025-05-07 02:15:00+00:00,2025-05-07 02:30:00+00:00,462.34456338234867,1.7370561592821459,spring,15
2025-05-07 02:30:00+00:00,2025-05-07 02:45:00+00:00,459.3924120277483,1.7366376665466283,spring,15
2025-05-07 02:45:00+00:00,2025-05-07 03:00:00+00:00,457.2037140406269,1.7308348450670128,spring,15
2025-05-07 03:00:00+00:00,2025-05-07 03:15:00+00:00,461.28852851438785,1.7234423057498172,spring,15
2025-05-07 03:15:00+00:00,2025-05-07 03:30:00+00:00,460.0941114496278,1.7313696926468647,spring,15
2025-05-07 03:30:00+00:00,2025-05-07 03:45:00+00:00,453.50419249443325,1.7144819480740163,spring,15
2025-05-07 03:45:00+00:00,2025-05-07 04:00:00+00:00,446.17094999173463,1.6624246331949841,spring,15
2025-05-07 04:00:00+00:00,2025-05-07 04:15:00+00:00,421.6585586370067,1.6675446385976318,spring,15
2025-05-07 04:15:00+00:00,2025-05-07 04:30:00+00:00,405.5518271199902,1.6390548696776859,spring,15
2025-05-07 04:30:00+00:00,2025-05-07 04:45:00+00:00,393.5943789352657,1.6812243731744871,spring,15
2025-05-07 04:45:00+00:00,2025-05-07 05:00:00+00:00,385.3055564947426,1.6289179027142915,spring,15
2025-05-07 05:00:00+00:00,2025-05-07 05:15:00+00:00,369.0321598695226,1.6325726473595752,spring,15
2025-05-07 05:15:00+00:00,2025-05-07 05:30:00+00:00,360.7197489695514,1.571321275149797,spring,15
2025-05-07 05:30:00+00:00,2025-05-07 05:45:00+00:00,356.27741958370893,1.4684546832938374,spring,15
2025-05-07 05:45:00+00:00,2025-05-07 06:00:00+00:00,350.5646049520575,1.4214694539106367,spring,15
2025-05-07 06:00:00+00:00,2025-05-07 06:15:00+00:00,329.2867186526316,1.4214521406557676,spring,15
2025-05-07 06:15:00+00:00,2025-05-07 06:30:00+00:00,323.20883379526083,1.3363187413466295,spring,15
2025-05-07 06:30:00+00:00,2025-05-07 06:45:00+00:00,315.0691960812267,1.2715393873099787,spring,15
2025-05-07 06:45:00+00:00,2025-05-07 07:00:00+00:00,309.746786470355,1.1343149068041132,spring,15
2025-05-07 07:00:00+00:00,2025-05-07 07:15:00+00:00,288.23264034869754,1.1610935763821044,spring,15
2025-05-07 07:15:00+00:00,2025-05-07 07:30:00+00:00,275.8390733115347,1.0831533470638786,spring,15
2025-05-07 07:30:00+00:00,2025-05-07 07:45:00+00:00,263.042262930309,1.022050193365526,spring,15
2025-05-07 07:45:00+00:00,2025-05-07 08:00:00+00:00,251.04063531841874,0.9983803539115064,spring,15
2025-05-07 08:00:00+00:00,2025-05-07 08:15:00+00:00,225.57789958617818,0.98599146009667,spring,15
2025-05-07 08:15:00+00:00,2025-05-07 08:30:00+00:00,216.1258427645864,0.9057245748423133,spring,15
2025-05-07 08:30:00+00:00,2025-05-07 08:45:00+00:00,208.87680273693448,0.880889068276584,spring,15
2025-05-07 08:45:00+00:00,2025-05-07 09:00:00+00:00,198.04296180649013,0.847617779284007,spring,15
2025-05-07 09:00:00+00:00,2025-05-07 09:15:00+00:00,187.03290031726596,0.8283414545224455,spring,15
2025-05-07 09:15:00+00:00,2025-05-07 09:30:00+00:00,183.43630342193993,0.8122712669543954,spring,15
2025-05-07 09:30:00+00:00,2025-05-07 09:45:00+00:00,176.64705269673118,0.7960930548215246,spring,15
2025-05-07 09:45:00+00:00,2025-05-07 10:00:00+00:00,171.16748056224222,0.7864275628190341,spring,15
2025-05-07 10:00:00+00:00,2025-05-07 10:15:00+00:00,170.6654442108529,0.7942542056515226,spring,15
2025-05-07 10:15:00+00:00,2025-05-07 10:30:00+00:00,169.0196288941808,0.7943277805848091,spring,15
2025-05-07 10:30:00+00:00,2025-05-07 10:45:00+00:00,168.34546586757943,0.794650807361799,spring,15
2025-05-07 10:45:00+00:00,2025-05-07 11:00:00+00:00,168.62984035504192,0.7850291889571689,spring,15
2025-05-07 11:00:00+00:00,2025-05-07 11:15:00+00:00,168.37450825682154,0.7868623778935246,spring,15
2025-05-07 11:15:00+00:00,2025-05-07 11:30:00+00:00,169.25729125707554,0.7964917272531442,spring,15
2025-05-07 11:30:00+00:00,2025-05-07 11:45:00+00:00,170.73538072167003,0.8036925583955776,spring,15
2025-05-07 11:45:00+00:00,2025-05-07 12:00:00+00:00,171.3134741512167,0.7927530267540814,spring,15
2025-05-07 12:00:00+00:00,2025-05-07 12:15:00+00:00,170.60194663605722,0.793113705075765,spring,15
2025-05-07 12:15:00+00:00,2025-05-07 12:30:00+00:00,172.54312091605723,0.8010503370747909,spring,15
2025-05-07 12:30:00+00:00,2025-05-07 12:45:00+00:00,176.34245003707395,0.8181098227835392,spring,15
2025-05-07 12:45:00+00:00,2025-05-07 13:00:00+00:00,180.41916012686474,0.8306924452314912,spring,15
2025-05-07 13:00:00+00:00,2025-05-07 13:15:00+00:00,191.46099383649553,0.8531033558618433,spring,15
2025-05-07 13:15:00+00:00,2025-05-07 13:30:00+00:00,203.52147832947435,0.8773953157098353,spring,15
2025-05-07 13:30:00+00:00,2025-05-07 13:45:00+00:00,219.31523217900497,0.9178132889701052,spring,15
2025-05-07 13:45:00+00:00,2025-05-07 14:00:00+00:00,231.4234156627697,0.9406237285619368,spring,15
2025-05-07 14:00:00+00:00,2025-05-07 14:15:00+00:00,240.3988535581632,0.9611282733930797,spring,15
2025-05-07 14:15:00+00:00,2025-05-07 14:30:00+00:00,252.737430243555,1.00451641353011,spring,15
2025-05-07 14:30:00+00:00,2025-05-07 14:45:00+00:00,264.7890694850834,1.0385628914238074,spring,15
2025-05-07 14:45:00+00:00,2025-05-07 15:00:00+00:00,273.8438546122541,1.1007661488178486,spring,15
2025-05-07 15:00:00+00:00,2025-05-07 15:15:00+00:00,289.10321316195143,1.0673856170424243,spring,15
2025-05-07 15:15:00+00:00,2025-05-07 15:30:00+00:00,293.1412978881839,1.1020209497771447,spring,15
2025-05-07 15:30:00+00:00,2025-05-07 15:45:00+00:00,303.6067254446754,1.207310670163283,spring,15
2025-05-07 15:45:00+00:00,2025-05-07 16:00:00+00:00,315.1479417096433,1.2311355166373867,spring,15
2025-05-07 16:00:00+00:00,2025-05-07 16:15:00+00:00,329.9802731041362,1.1826980141591774,spring,15
2025-05-07 16:15:00+00:00,2025-05-07 16:30:00+00:00,333.40232977891264,1.2397127329653455,spring,15
2025-05-07 16:30:00+00:00,2025-05-07 16:45:00+00:00,337.4676773892737,1.3373546761055328,spring,15
2025-05-07 16:45:00+00:00,2025-05-07 17:00:00+00:00,340.4566984394506,1.4373169423261305,spring,15
2025-05-07 17:00:00+00:00,2025-05-07 17:15:00+00:00,361.92755716913115,1.436504066692948,spring,15
2025-05-07 17:15:00+00:00,2025-05-07 17:30:00+00:00,361.8818834215755,1.538112788627923,spring,15
2025-05-07 17:30:00+00:00,2025-05-07 17:45:00+00:00,360.06145972278443,1.5786845710004223,spring,15
2025-05-07 17:45:00+00:00,2025-05-07 18:00:00+00:00,361.86173888283395,1.5622882368603053,spring,15
2025-05-07 18:00:00+00:00,2025-05-07 18:15:00+00:00,370.0840848001062,1.5997155165896868,spring,15
2025-05-07 18:15:00+00:00,2025-05-07 18:30:00+00:00,377.16866415352166,1.623532349024528,spring,15
2025-05-07 18:30:00+00:00,2025-05-07 18:45:00+00:00,379.5839218021329,1.650799973823888,spring,15
2025-05-07 18:45:00+00:00,2025-05-07 19:00:00+00:00,376.78474501779453,1.624104166887413,spring,15
2025-05-07 19:00:00+00:00,2025-05-07 19:15:00+00:00,378.7121683546462,1.5865234943003688,spring,15
2025-05-07 19:15:00+00:00,2025-05-07 19:30:00+00:00,375.7803380257973,1.5468220775166668,spring,15
2025-05-07 19:30:00+00:00,2025-05-07 19:45:00+00:00,377.80421673253966,1.5022427047003974,spring,15
2025-05-07 19:45:00+00:00,2025-05-07 20:00:00+00:00,388.0344074650418,1.4897568146999518,spring,15
2025-05-07 20:00:00+00:00,2025-05-07 20:15:00+00:00,394.19951689751673,1.5518442774624264,spring,15
2025-05-07 20:15:00+00:00,2025-05-07 20:30:00+00:00,394.72233542877973,1.535512682928561,spring,15
2025-05-07 20:30:00+00:00,2025-05-07 20:45:00+00:00,395.74122709753385,1.532838590221675,spring,15
2025-05-07 20:45:00+00:00,2025-05-07 21:00:00+00:00,404.8520671214757,1.508384110373556,spring,15
2025-05-07 21:00:00+00:00,2025-05-07 21:15:00+00:00,402.77686432434047,1.544731507314366,spring,15
2025-05-07 21:15:00+00:00,2025-05-07 21:30:00+00:00,408.5157549166827,1.4801107434249543,spring,15
2025-05-07 21:30:00+00:00,2025-05-07 21:45:00+00:00,408.2005061247339,1.4885817011017222,spring,15
2025-05-07 21:45:00+00:00,2025-05-07 22:00:00+00:00,410.8595850819639,1.460867519347234,spring,15
2025-05-07 22:00:00+00:00,2025-05-07 22:15:00+00:00,408.4293601974327,1.4514943995620302,spring,15
2025-05-07 22:15:00+00:00,2025-05-07 22:30:00+00:00,404.3527412107176,1.487282935911935,spring,15
2025-05-07 22:30:00+00:00,2025-05-07 22:45:00+00:00,406.32091228778575,1.5017521084617593,spring,15
2025-05-07 22:45:00+00:00,2025-05-07 23:00:00+00:00,404.71299629948066,1.5071086514754704,spring,15
2025-05-07 23:00:00+00:00,2025-05-07 23:15:00+00:00,396.4821162346274,1.511342268703982,spring,15
2025-05-07 23:15:00+00:00,2025-05-07 23:30:00+00:00,385.60165007384654,1.5696720526877725,spring,15
2025-05-07 23:30:00+00:00,2025-05-07 23:45:00+00:00,391.2477778536743,1.555558605031886,spring,15
2025-05-07 23:45:00+00:00,2025-05-08 00:00:00+00:00,392.25730595076027,1.5818938801647537,spring,15
2025-05-08 00:00:00+00:00,2025-05-08 00:15:00+00:00,401.48221952452315,1.5703633268403812,spring,15
2025-05-08 00:15:00+00:00,2025-05-08 00:30:00+00:00,404.3487253391859,1.569663357895494,spring,15
2025-05-08 00:30:00+00:00,2025-05-08 00:45:00+00:00,408.40010267685176,1.5899148688599725,spring,15
2025-05-08 00:45:00+00:00,2025-05-08 01:00:00+00:00,414.09803343385676,1.5912801917425488,spring,15
2025-05-08 01:00:00+00:00,2025-05-08 01:15:00+00:00,420.71131523937737,1.5884354055149341,spring,15
2025-05-08 01:15:00+00:00,2025-05-08 01:30:00+00:00,423.8465178228739,1.6006171539589134,spring,15
2025-05-08 01:30:00+00:00,2025-05-08 01:45:00+00:00,425.6651831296604,1.608840234732136,spring,15
2025-05-08 01:45:00+00:00,2025-05-08 02:00:00+00:00,429.0689571860312,1.6028831041243803,spring,15
2025-05-08 02:00:00+00:00,2025-05-08 02:15:00+00:00,432.6858284831067,1.5987133722529534,spring,15
2025-05-08 02:15:00+00:00,2025-05-08 02:30:00+00:00,433.14050252934976,1.6185811292350427,spring,15
2025-05-08 02:30:00+00:00,2025-05-08 02:45:00+00:00,434.4849804950761,1.634312161609873,spring,15
2025-05-08 02:45:00+00:00,2025-05-08 03:00:00+00:00,438.45557785849405,1.641546545964101,spring,15
2025-05-08 03:00:00+00:00,2025-05-08 03:15:00+00:00,445.7495699791455,1.6456063502856964,spring,15
2025-05-08 03:15:00+00:00,2025-05-08 03:30:00+00:00,446.72961743921707,1.6678435243596106,spring,15
2025-05-08 03:30:00+00:00,2025-05-08 03:45:00+00:00,445.20480282645104,1.8204366098683344,spring,15
2025-05-08 03:45:00+00:00,2025-05-08 04:00:00+00:00,440.3320046900688,1.8668244030692915,spring,15
2025-05-08 04:00:00+00:00,2025-05-08 04:15:00+00:00,412.3522696472928,1.7911372456434327,spring,15
2025-05-08 04:15:00+00:00,2025-05-08 04:30:00+00:00,403.64735299792824,1.7684836429541178,spring,15
2025-05-08 04:30:00+00:00,2025-05-08 04:45:00+00:00,396.43987602276013,1.7154413856785766,spring,15
2025-05-08 04:45:00+00:00,2025-05-08 05:00:00+00:00,386.5064929579125,1.6670870733672376,spring,15
2025-05-08 05:00:00+00:00,2025-05-08 05:15:00+00:00,374.9671649982842,1.6746921045093652,spring,15
2025-05-08 05:15:00+00:00,2025-05-08 05:30:00+00:00,367.62795095975315,1.634648512820181,spring,15
2025-05-08 05:30:00+00:00,2025-05-08 05:45:00+00:00,359.3423133963416,1.5800080309792914,spring,15
2025-05-08 05:45:00+00:00,2025-05-08 06:00:00+00:00,354.3643778907728,1.5255742081257018,spring,15
2025-05-08 06:00:00+00:00,2025-05-08 06:15:00+00:00,335.5095728466449,1.4377704792201993,spring,15
2025-05-08 06:15:00+00:00,2025-05-08 06:30:00+00:00,331.3061705793092,1.3842032288411368,spring,15
2025-05-08 06:30:00+00:00,2025-05-08 06:45:00+00:00,329.70728758436553,1.2900110449337827,spring,15
2025-05-08 06:45:00+00:00,2025-05-08 07:00:00+00:00,320.822698819795,1.1447808789172573,spring,15
2025-05-08 07:00:00+00:00,2025-05-08 07:15:00+00:00,293.81214932312196,1.1690890280756245,spring,15
2025-05-08 07:15:00+00:00,2025-05-08 07:30:00+00:00,280.89514956686764,1.0475972969897343,spring,15
2025-05-08 07:30:00+00:00,2025-05-08 07:45:00+00:00,264.58893697237806,0.9866713016801264,spring,15
2025-05-08 07:45:00+00:00,2025-05-08 08:00:00+00:00,246.1929006987797,0.9549283241350526,spring,15
2025-05-08 08:00:00+00:00,2025-05-08 08:15:00+00:00,217.86487192919745,0.9224510016006994,spring,15
2025-05-08 08:15:00+00:00,2025-05-08 08:30:00+00:00,201.45355409689435,0.8348962682135765,spring,15
2025-05-08 08:30:00+00:00,2025-05-08 08:45:00+00:00,192.0049692301202,0.7935140553801361,spring,15
2025-05-08 08:45:00+00:00,2025-05-08 09:00:00+00:00,183.66601902604546,0.7673672489583128,spring,15
2025-05-08 09:00:00+00:00,2025-05-08 09:15:00+00:00,174.2460608424715,0.7489017368053167,spring,15
2025-05-08 09:15:00+00:00,2025-05-08 09:30:00+00:00,167.31054840029663,0.7331373497428878,spring,15
2025-05-08 09:30:00+00:00,2025-05-08 09:45:00+00:00,162.09175813215617,0.7178775882304677,spring,15
2025-05-08 09:45:00+00:00,2025-05-08 10:00:00+00:00,158.75555207555016,0.7128033515847022,spring,15
2025-05-08 10:00:00+00:00,2025-05-08 10:15:00+00:00,153.65413779985107,0.7211613438505594,spring,15
2025-05-08 10:15:00+00:00,2025-05-08 10:30:00+00:00,153.21363762014386,0.720944939237211,spring,15
2025-05-08 10:30:00+00:00,2025-05-08 10:45:00+00:00,154.42502719683344,0.7189039323046093,spring,15
2025-05-08 10:45:00+00:00,2025-05-08 11:00:00+00:00,155.640078575445,0.7450253654850251,spring,15
2025-05-08 11:00:00+00:00,2025-05-08 11:15:00+00:00,166.68160531398397,0.7359149420205329,spring,15
2025-05-08 11:15:00+00:00,2025-05-08 11:30:00+00:00,167.05686942593962,0.7515909300840176,spring,15
2025-05-08 11:30:00+00:00,2025-05-08 11:45:00+00:00,176.29909508646122,0.7792411587152361,spring,15
2025-05-08 11:45:00+00:00,2025-05-08 12:00:00+00:00,183.39066479108178,0.7927886549049017,spring,15
2025-05-08 12:00:00+00:00,2025-05-08 12:15:00+00:00,194.9503670378538,0.8141774576662342,spring,15
2025-05-08 12:15:00+00:00,2025-05-08 12:30:00+00:00,202.77929399386625,0.8345286696442986,spring,15
2025-05-08 12:30:00+00:00,2025-05-08 12:45:00+00:00,208.2992914091769,0.8507179339061195,spring,15
2025-05-08 12:45:00+00:00,2025-05-08 13:00:00+00:00,211.59763519627225,0.8680863200305406,spring,15
2025-05-08 13:00:00+00:00,2025-05-08 13:15:00+00:00,213.77471229681305,0.894074213352763,spring,15
2025-05-08 13:15:00+00:00,2025-05-08 13:30:00+00:00,214.85394271228202,0.9221427036225283,spring,15
2025-05-08 13:30:00+00:00,2025-05-08 13:45:00+00:00,222.43195724201436,0.9591076278851822,spring,15
2025-05-08 13:45:00+00:00,2025-05-08 14:00:00+00:00,232.76198318468002,0.9609928689059324,spring,15
2025-05-08 14:00:00+00:00,2025-05-08 14:15:00+00:00,245.6883272440278,0.991927512325731,spring,15
2025-05-08 14:15:00+00:00,2025-05-08 14:30:00+00:00,253.62769378183953,1.0233665625250081,spring,15
2025-05-08 14:30:00+00:00,2025-05-08 14:45:00+00:00,262.11683655401515,1.0613690320138611,spring,15
2025-05-08 14:45:00+00:00,2025-05-08 15:00:00+00:00,272.0879547526374,1.1251920740680779,spring,15
2025-05-08 15:00:00+00:00,2025-05-08 15:15:00+00:00,287.89366229937565,1.1036157812153202,spring,15
2025-05-08 15:15:00+00:00,2025-05-08 15:30:00+00:00,297.45455318432636,1.160654846964708,spring,15
2025-05-08 15:30:00+00:00,2025-05-08 15:45:00+00:00,307.2750916907345,1.335863241509021,spring,15
2025-05-08 15:45:00+00:00,2025-05-08 16:00:00+00:00,317.56912865975846,1.3626900829877882,spring,15
2025-05-08 16:00:00+00:00,2025-05-08 16:15:00+00:00,340.32152741348284,1.2475392114051624,spring,15
2025-05-08 16:15:00+00:00,2025-05-08 16:30:00+00:00,353.0648439648144,1.3005392553759085,spring,15
2025-05-08 16:30:00+00:00,2025-05-08 16:45:00+00:00,351.52994736987256,1.450361335084486,spring,15
2025-05-08 16:45:00+00:00,2025-05-08 17:00:00+00:00,350.9266641809875,1.5333962619869939,spring,15
2025-05-08 17:00:00+00:00,2025-05-08 17:15:00+00:00,356.8376061875802,1.546724384787725,spring,15
2025-05-08 17:15:00+00:00,2025-05-08 17:30:00+00:00,362.8165997609215,1.6069640738150972,spring,15
2025-05-08 17:30:00+00:00,2025-05-08 17:45:00+00:00,365.8103315366212,1.6360631724677497,spring,15
2025-05-08 17:45:00+00:00,2025-05-08 18:00:00+00:00,371.26100977469684,1.6558705907115914,spring,15
2025-05-08 18:00:00+00:00,2025-05-08 18:15:00+00:00,379.22998436647634,1.6992631387403747,spring,15
2025-05-08 18:15:00+00:00,2025-05-08 18:30:00+00:00,386.92754204781227,1.7774482480748444,spring,15
2025-05-08 18:30:00+00:00,2025-05-08 18:45:00+00:00,389.28176550882085,1.7990646414215608,spring,15
2025-05-08 18:45:00+00:00,2025-05-08 19:00:00+00:00,392.6737475042585,1.7534717790005265,spring,15
2025-05-08 19:00:00+00:00,2025-05-08 19:15:00+00:00,385.8069826796219,1.7679794358635352,spring,15
2025-05-08 19:15:00+00:00,2025-05-08 19:30:00+00:00,389.12454564314515,1.7498802501479411,spring,15
2025-05-08 19:30:00+00:00,2025-05-08 19:45:00+00:00,389.6764712642998,1.759374077087784,spring,15
2025-05-08 19:45:00+00:00,2025-05-08 20:00:00+00:00,397.7839804632682,1.731033537008163,spring,15
2025-05-08 20:00:00+00:00,2025-05-08 20:15:00+00:00,398.81853740032636,1.6570769132775058,spring,15
2025-05-08 20:15:00+00:00,2025-05-08 20:30:00+00:00,405.324273090436,1.667366521520375,spring,15
2025-05-08 20:30:00+00:00,2025-05-08 20:45:00+00:00,415.61843191520603,1.580189441030181,spring,15
2025-05-08 20:45:00+00:00,2025-05-08 21:00:00+00:00,423.5792112355364,1.575819145150995,spring,15
2025-05-08 21:00:00+00:00,2025-05-08 21:15:00+00:00,427.5866273569553,1.6263648395449346,spring,15
2025-05-08 21:15:00+00:00,2025-05-08 21:30:00+00:00,431.1818538679149,1.6354853089271761,spring,15
2025-05-08 21:30:00+00:00,2025-05-08 21:45:00+00:00,438.6121420334078,1.668793412020201,spring,15
2025-05-08 21:45:00+00:00,2025-05-08 22:00:00+00:00,447.96395236678006,1.678771147862812,spring,15
2025-05-08 22:00:00+00:00,2025-05-08 22:15:00+00:00,451.94300414150166,1.7012092523311295,spring,15
2025-05-08 22:15:00+00:00,2025-05-08 22:30:00+00:00,454.38463183298524,1.7187425815285164,spring,15
2025-05-08 22:30:00+00:00,2025-05-08 22:45:00+00:00,455.88574922645273,1.7282585588636845,spring,15
2025-05-08 22:45:00+00:00,2025-05-08 23:00:00+00:00,461.83376454069537,1.6902002969078906,spring,15
2025-05-08 23:00:00+00:00,2025-05-08 23:15:00+00:00,460.6642182888302,1.7576811583618182,spring,15
2025-05-08 23:15:00+00:00,2025-05-08 23:30:00+00:00,462.7322839469509,1.7701967052736036,spring,15
2025-05-08 23:30:00+00:00,2025-05-08 23:45:00+00:00,466.69680151214254,1.7874684734347097,spring,15
2025-05-08 23:45:00+00:00,2025-05-09 00:00:00+00:00,468.5823815089981,1.7573404592519313,spring,15
2025-05-09 00:00:00+00:00,2025-05-09 00:15:00+00:00,468.81744470693496,1.79733764967193,spring,15
2025-05-09 00:15:00+00:00,2025-05-09 00:30:00+00:00,476.54254878130257,1.8029332821409365,spring,15
2025-05-09 00:30:00+00:00,2025-05-09 00:45:00+00:00,479.1934874146666,1.8084018882914052,spring,15
2025-05-09 00:45:00+00:00,2025-05-09 01:00:00+00:00,480.61861348906956,1.8330083106757362,spring,15
2025-05-09 01:00:00+00:00,2025-05-09 01:15:00+00:00,486.24052575227796,1.7790272717289244,spring,15
2025-05-09 01:15:00+00:00,2025-05-09 01:30:00+00:00,484.5251289469002,1.7832101393007482,spring,15
2025-05-09 01:30:00+00:00,2025-05-09 01:45:00+00:00,485.32101727610166,1.7910015464695053,spring,15
2025-05-09 01:45:00+00:00,2025-05-09 02:00:00+00:00,489.2039807597132,1.8133359030002925,spring,15
2025-05-09 02:00:00+00:00,2025-05-09 02:15:00+00:00,491.4162593532336,1.7906188126844573,spring,15
2025-05-09 02:15:00+00:00,2025-05-09 02:30:00+00:00,493.38653840176096,1.7841828285855272,spring,15
2025-05-09 02:30:00+00:00,2025-05-09 02:45:00+00:00,492.2122430382279,1.7891961358684365,spring,15
2025-05-09 02:45:00+00:00,2025-05-09 03:00:00+00:00,496.13289357213836,1.7841560590409047,spring,15
2025-05-09 03:00:00+00:00,2025-05-09 03:15:00+00:00,496.81084890967463,1.8116005640816069,spring,15
2025-05-09 03:15:00+00:00,2025-05-09 03:30:00+00:00,493.3189808236255,1.7708820028456818,spring,15
2025-05-09 03:30:00+00:00,2025-05-09 03:45:00+00:00,483.64815834508096,1.759337877354948,spring,15
2025-05-09 03:45:00+00:00,2025-05-09 04:00:00+00:00,471.7311453683527,1.7858872059166107,spring,15
2025-05-09 04:00:00+00:00,2025-05-09 04:15:00+00:00,456.1323804818484,1.9144826143966591,spring,15
2025-05-09 04:15:00+00:00,2025-05-09 04:30:00+00:00,435.40268215945173,1.9093417805337671,spring,15
2025-05-09 04:30:00+00:00,2025-05-09 04:45:00+00:00,424.2403967135624,1.8151854166222199,spring,15
2025-05-09 04:45:00+00:00,2025-05-09 05:00:00+00:00,408.7490671652559,1.7408476910379664,spring,15
2025-05-09 05:00:00+00:00,2025-05-09 05:15:00+00:00,383.98732402688574,1.6717881677296325,spring,15
2025-05-09 05:15:00+00:00,2025-05-09 05:30:00+00:00,364.72227428468983,1.5671068860255193,spring,15
2025-05-09 05:30:00+00:00,2025-05-09 05:45:00+00:00,357.8477266304627,1.4537396675848067,spring,15
2025-05-09 05:45:00+00:00,2025-05-09 06:00:00+00:00,348.39164097053,1.2817975749034447,spring,15
2025-05-09 06:00:00+00:00,2025-05-09 06:15:00+00:00,323.4617146810557,1.2283513475937435,spring,15
2025-05-09 06:15:00+00:00,2025-05-09 06:30:00+00:00,309.9367856824526,1.1453006191291215,spring,15
2025-05-09 06:30:00+00:00,2025-05-09 06:45:00+00:00,292.5281219583167,1.0682562706120216,spring,15
2025-05-09 06:45:00+00:00,2025-05-09 07:00:00+00:00,271.6094943323446,1.016315438609776,spring,15
2025-05-09 07:00:00+00:00,2025-05-09 07:15:00+00:00,241.52607246245185,1.010166859732118,spring,15
2025-05-09 07:15:00+00:00,2025-05-09 07:30:00+00:00,221.25297291497225,0.9168375096384216,spring,15
2025-05-09 07:30:00+00:00,2025-05-09 07:45:00+00:00,203.98787309915448,0.8715460267519924,spring,15
2025-05-09 07:45:00+00:00,2025-05-09 08:00:00+00:00,191.963309077859,0.8271663482793903,spring,15
2025-05-09 08:00:00+00:00,2025-05-09 08:15:00+00:00,175.6784104035173,0.8293990560333306,spring,15
2025-05-09 08:15:00+00:00,2025-05-09 08:30:00+00:00,167.52912239916245,0.7678770627779438,spring,15
2025-05-09 08:30:00+00:00,2025-05-09 08:45:00+00:00,163.06805340608662,0.7239290618662079,spring,15
2025-05-09 08:45:00+00:00,2025-05-09 09:00:00+00:00,156.825368721543,0.7004601387899925,spring,15
2025-05-09 09:00:00+00:00,2025-05-09 09:15:00+00:00,149.44875935111708,0.6862337368453535,spring,15
2025-05-09 09:15:00+00:00,2025-05-09 09:30:00+00:00,143.59966228786942,0.6692476101012735,spring,15
2025-05-09 09:30:00+00:00,2025-05-09 09:45:00+00:00,138.7633194917771,0.6494909477464538,spring,15
2025-05-09 09:45:00+00:00,2025-05-09 10:00:00+00:00,136.25997467180196,0.6507394477760374,spring,15
2025-05-09 10:00:00+00:00,2025-05-09 10:15:00+00:00,134.63412992909704,0.6379500244706999,spring,15
2025-05-09 10:15:00+00:00,2025-05-09 10:30:00+00:00,135.19429530054086,0.652907868543489,spring,15
2025-05-09 10:30:00+00:00,2025-05-09 10:45:00+00:00,135.09526199844396,0.6652815260680107,spring,15
2025-05-09 10:45:00+00:00,2025-05-09 11:00:00+00:00,136.34377727649542,0.6515052617328387,spring,15
2025-05-09 11:00:00+00:00,2025-05-09 11:15:00+00:00,137.32458071969467,0.6788676074226965,spring,15
2025-05-09 11:15:00+00:00,2025-05-09 11:30:00+00:00,138.09495312267137,0.6622663271251733,spring,15
2025-05-09 11:30:00+00:00,2025-05-09 11:45:00+00:00,139.62491622303858,0.6743040158612841,spring,15
2025-05-09 11:45:00+00:00,2025-05-09 12:00:00+00:00,140.56276859060569,0.6741230386740417,spring,15
2025-05-09 12:00:00+00:00,2025-05-09 12:15:00+00:00,140.3711173358426,0.6761122301664052,spring,15
2025-05-09 12:15:00+00:00,2025-05-09 12:30:00+00:00,140.11812501276867,0.6721243214646578,spring,15
2025-05-09 12:30:00+00:00,2025-05-09 12:45:00+00:00,140.84197488572025,0.6925690542062376,spring,15
2025-05-09 12:45:00+00:00,2025-05-09 13:00:00+00:00,141.70352894221116,0.7019021546067195,spring,15
2025-05-09 13:00:00+00:00,2025-05-09 13:15:00+00:00,141.60143096382615,0.6884853935155498,spring,15
2025-05-09 13:15:00+00:00,2025-05-09 13:30:00+00:00,142.83740924647395,0.7062966345017406,spring,15
2025-05-09 13:30:00+00:00,2025-05-09 13:45:00+00:00,144.23048598327964,0.7117527618426442,spring,15
2025-05-09 13:45:00+00:00,2025-05-09 14:00:00+00:00,148.0884013330039,0.7374939842313016,spring,15
2025-05-09 14:00:00+00:00,2025-05-09 14:15:00+00:00,154.2515052926334,0.7743614644880491,spring,15
2025-05-09 14:15:00+00:00,2025-05-09 14:30:00+00:00,156.63676959942276,0.7697017315890456,spring,15
2025-05-09 14:30:00+00:00,2025-05-09 14:45:00+00:00,160.80737582847584,0.8043772129228322,spring,15
2025-05-09 14:45:00+00:00,2025-05-09 15:00:00+00:00,166.4559805433278,0.8422258495365772,spring,15
2025-05-09 15:00:00+00:00,2025-05-09 15:15:00+00:00,178.42777971989614,0.8691903042688867,spring,15
2025-05-09 15:15:00+00:00,2025-05-09 15:30:00+00:00,193.96343811718233,0.9188543564806337,spring,15
2025-05-09 15:30:00+00:00,2025-05-09 15:45:00+00:00,215.43826553729107,0.9700002272870496,spring,15
2025-05-09 15:45:00+00:00,2025-05-09 16:00:00+00:00,241.1966235953955,1.0459645850776804,spring,15
2025-05-09 16:00:00+00:00,2025-05-09 16:15:00+00:00,276.27457469929857,1.1120435416720367,spring,15
2025-05-09 16:15:00+00:00,2025-05-09 16:30:00+00:00,300.15435341377616,1.1806771067421655,spring,15
2025-05-09 16:30:00+00:00,2025-05-09 16:45:00+00:00,321.23403950410926,1.251143160225175,spring,15
2025-05-09 16:45:00+00:00,2025-05-09 17:00:00+00:00,328.774660828517,1.322048488668834,spring,15
2025-05-09 17:00:00+00:00,2025-05-09 17:15:00+00:00,355.98050052281013,1.347420180920618,spring,15
2025-05-09 17:15:00+00:00,2025-05-09 17:30:00+00:00,364.4609348596656,1.4259910488236127,spring,15
2025-05-09 17:30:00+00:00,2025-05-09 17:45:00+00:00,365.05809892667855,1.5026405329064425,spring,15
2025-05-09 17:45:00+00:00,2025-05-09 18:00:00+00:00,375.2802903596524,1.5461122381597965,spring,15
2025-05-09 18:00:00+00:00,2025-05-09 18:15:00+00:00,381.72746375567857,1.6787200853095197,spring,15
2025-05-09 18:15:00+00:00,2025-05-09 18:30:00+00:00,393.8734915150979,1.7781424166448179,spring,15
2025-05-09 18:30:00+00:00,2025-05-09 18:45:00+00:00,394.2301178088923,1.785196832333422,spring,15
2025-05-09 18:45:00+00:00,2025-05-09 19:00:00+00:00,396.44589968258686,1.7303052439354136,spring,15
2025-05-09 19:00:00+00:00,2025-05-09 19:15:00+00:00,390.12495694341953,1.7454745379785346,spring,15
2025-05-09 19:15:00+00:00,2025-05-09 19:30:00+00:00,389.6600893989927,1.7445524973643547,spring,15
2025-05-09 19:30:00+00:00,2025-05-09 19:45:00+00:00,388.1052247552579,1.6826050606977683,spring,15
2025-05-09 19:45:00+00:00,2025-05-09 20:00:00+00:00,393.4363978097226,1.6601900441045783,spring,15
2025-05-09 20:00:00+00:00,2025-05-09 20:15:00+00:00,385.56100106338334,1.6379614645556055,spring,15
2025-05-09 20:15:00+00:00,2025-05-09 20:30:00+00:00,389.04201525894393,1.5224120207191618,spring,15
2025-05-09 20:30:00+00:00,2025-05-09 20:45:00+00:00,398.9225831148183,1.4541059511782912,spring,15
2025-05-09 20:45:00+00:00,2025-05-09 21:00:00+00:00,405.0895493717129,1.4420163894898128,spring,15
2025-05-09 21:00:00+00:00,2025-05-09 21:15:00+00:00,397.0586258382536,1.4829201128100356,spring,15
2025-05-09 21:15:00+00:00,2025-05-09 21:30:00+00:00,398.97883218133745,1.4483202508174626,spring,15
2025-05-09 21:30:00+00:00,2025-05-09 21:45:00+00:00,400.8366400116738,1.459394871655898,spring,15
2025-05-09 21:45:00+00:00,2025-05-09 22:00:00+00:00,410.0950074116181,1.4734318880678532,spring,15
2025-05-09 22:00:00+00:00,2025-05-09 22:15:00+00:00,408.9343269562813,1.5108928583701238,spring,15
2025-05-09 22:15:00+00:00,2025-05-09 22:30:00+00:00,408.94568014500766,1.504905742345472,spring,15
2025-05-09 22:30:00+00:00,2025-05-09 22:45:00+00:00,415.6723215655005,1.5265815571626755,spring,15
2025-05-09 22:45:00+00:00,2025-05-09 23:00:00+00:00,412.12204282646684,1.5148787777854342,spring,15
2025-05-09 23:00:00+00:00,2025-05-09 23:15:00+00:00,421.33392809799926,1.587280529263853,spring,15
2025-05-09 23:15:00+00:00,2025-05-09 23:30:00+00:00,428.8028344382265,1.6098485650949208,spring,15
2025-05-09 23:30:00+00:00,2025-05-09 23:45:00+00:00,432.132224706738,1.6214610105490335,spring,15
2025-05-09 23:45:00+00:00,2025-05-10 00:00:00+00:00,432.8346807034119,1.6447085310944665,spring,15
2025-05-10 00:00:00+00:00,2025-05-10 00:15:00+00:00,435.26919767155465,1.683702643629603,spring,15
2025-05-10 00:15:00+00:00,2025-05-10 00:30:00+00:00,438.351213572805,1.7085344889136727,spring,15
2025-05-10 00:30:00+00:00,2025-05-10 00:45:00+00:00,437.1581773504739,1.7938744392212622,spring,15
2025-05-10 00:45:00+00:00,2025-05-10 01:00:00+00:00,435.12883247515964,1.8577375184666522,spring,15
2025-05-10 01:00:00+00:00,2025-05-10 01:15:00+00:00,440.77944908723,1.7612507796975267,spring,15
2025-05-10 01:15:00+00:00,2025-05-10 01:30:00+00:00,443.1049450967986,1.7808047564174196,spring,15
2025-05-10 01:30:00+00:00,2025-05-10 01:45:00+00:00,443.95478410248865,1.7973658669985515,spring,15
2025-05-10 01:45:00+00:00,2025-05-10 02:00:00+00:00,446.4718655605047,1.821063696923551,spring,15
2025-05-10 02:00:00+00:00,2025-05-10 02:15:00+00:00,444.34343705890865,1.9461733453278833,spring,15
2025-05-10 02:15:00+00:00,2025-05-10 02:30:00+00:00,443.55965639033224,1.942703216079432,spring,15
2025-05-10 02:30:00+00:00,2025-05-10 02:45:00+00:00,445.22521807729703,1.902513582257925,spring,15
2025-05-10 02:45:00+00:00,2025-05-10 03:00:00+00:00,447.0883090735538,1.8879917918636826,spring,15
2025-05-10 03:00:00+00:00,2025-05-10 03:15:00+00:00,452.8679794595619,1.9069176709716027,spring,15
2025-05-10 03:15:00+00:00,2025-05-10 03:30:00+00:00,457.9307818760379,1.9209021703248739,spring,15
2025-05-10 03:30:00+00:00,2025-05-10 03:45:00+00:00,461.22226628639896,1.8967245429806594,spring,15
2025-05-10 03:45:00+00:00,2025-05-10 04:00:00+00:00,461.2931473596978,1.8897874291199301,spring,15
2025-05-10 04:00:00+00:00,2025-05-10 04:15:00+00:00,449.80743918838726,1.917679416982102,spring,15
2025-05-10 04:15:00+00:00,2025-05-10 04:30:00+00:00,446.1502434772409,1.8798982164209557,spring,15
2025-05-10 04:30:00+00:00,2025-05-10 04:45:00+00:00,435.0062009109854,1.7919760573303039,spring,15
2025-05-10 04:45:00+00:00,2025-05-10 05:00:00+00:00,417.74576318031956,1.733064245467341,spring,15
2025-05-10 05:00:00+00:00,2025-05-10 05:15:00+00:00,384.5886441355377,1.5625889143147986,spring,15
2025-05-10 05:15:00+00:00,2025-05-10 05:30:00+00:00,367.1602042014266,1.5321454504893421,spring,15
2025-05-10 05:30:00+00:00,2025-05-10 05:45:00+00:00,346.0858992847503,1.3892522751447838,spring,15
2025-05-10 05:45:00+00:00,2025-05-10 06:00:00+00:00,326.73881729330316,1.3256656715365387,spring,15
2025-05-10 06:00:00+00:00,2025-05-10 06:15:00+00:00,279.37663713407744,1.2744598674739689,spring,15
2025-05-10 06:15:00+00:00,2025-05-10 06:30:00+00:00,246.48549694536808,1.1517088936257238,spring,15
2025-05-10 06:30:00+00:00,2025-05-10 06:45:00+00:00,227.16589371440438,1.071002458335784,spring,15
2025-05-10 06:45:00+00:00,2025-05-10 07:00:00+00:00,205.34541583964932,1.009673065434711,spring,15
2025-05-10 07:00:00+00:00,2025-05-10 07:15:00+00:00,178.10288995257255,0.9660940379669413,spring,15
2025-05-10 07:15:00+00:00,2025-05-10 07:30:00+00:00,164.0959593680304,0.8827695010391136,spring,15
2025-05-10 07:30:00+00:00,2025-05-10 07:45:00+00:00,155.40684059413545,0.8339864395189831,spring,15
2025-05-10 07:45:00+00:00,2025-05-10 08:00:00+00:00,146.47256277351596,0.805339592505106,spring,15
2025-05-10 08:00:00+00:00,2025-05-10 08:15:00+00:00,135.78657976536832,0.8194012142504062,spring,15
2025-05-10 08:15:00+00:00,2025-05-10 08:30:00+00:00,132.29783619859217,0.7547364900239141,spring,15
2025-05-10 08:30:00+00:00,2025-05-10 08:45:00+00:00,129.26658145217726,0.7249372601521433,spring,15
2025-05-10 08:45:00+00:00,2025-05-10 09:00:00+00:00,126.48007895711545,0.6970567861627379,spring,15
2025-05-10 09:00:00+00:00,2025-05-10 09:15:00+00:00,124.6314267224504,0.6860208582950439,spring,15
2025-05-10 09:15:00+00:00,2025-05-10 09:30:00+00:00,122.51967509206459,0.666310739075976,spring,15
2025-05-10 09:30:00+00:00,2025-05-10 09:45:00+00:00,122.4383462434851,0.6502028417464041,spring,15
2025-05-10 09:45:00+00:00,2025-05-10 10:00:00+00:00,120.46754557119607,0.6413345114943515,spring,15
2025-05-10 10:00:00+00:00,2025-05-10 10:15:00+00:00,120.42099335132583,0.6635656272764116,spring,15
2025-05-10 10:15:00+00:00,2025-05-10 10:30:00+00:00,120.00055024883056,0.656953522367266,spring,15
2025-05-10 10:30:00+00:00,2025-05-10 10:45:00+00:00,120.14264038916191,0.6632225338059712,spring,15
2025-05-10 10:45:00+00:00,2025-05-10 11:00:00+00:00,119.94387890302666,0.6446871780094476,spring,15
2025-05-10 11:00:00+00:00,2025-05-10 11:15:00+00:00,119.780902582448,0.6318823965363181,spring,15
2025-05-10 11:15:00+00:00,2025-05-10 11:30:00+00:00,120.75003205659242,0.63455092238716,spring,15
2025-05-10 11:30:00+00:00,2025-05-10 11:45:00+00:00,121.61266988771176,0.6452406931671899,spring,15
2025-05-10 11:45:00+00:00,2025-05-10 12:00:00+00:00,121.44881085169362,0.649009942234428,spring,15
2025-05-10 12:00:00+00:00,2025-05-10 12:15:00+00:00,122.53225123882078,0.6592184197846064,spring,15
2025-05-10 12:15:00+00:00,2025-05-10 12:30:00+00:00,124.34601113974932,0.6681218637728366,spring,15
2025-05-10 12:30:00+00:00,2025-05-10 12:45:00+00:00,126.1057990456176,0.6787833454583585,spring,15
2025-05-10 12:45:00+00:00,2025-05-10 13:00:00+00:00,127.55388216997272,0.6853452272234111,spring,15
2025-05-10 13:00:00+00:00,2025-05-10 13:15:00+00:00,127.57458207213723,0.6836168659002627,spring,15
2025-05-10 13:15:00+00:00,2025-05-10 13:30:00+00:00,128.17737887886358,0.6883153983063074,spring,15
2025-05-10 13:30:00+00:00,2025-05-10 13:45:00+00:00,128.71664731799794,0.6886506727433057,spring,15
2025-05-10 13:45:00+00:00,2025-05-10 14:00:00+00:00,128.98568590431788,0.6855045091749619,spring,15
2025-05-10 14:00:00+00:00,2025-05-10 14:15:00+00:00,130.50937230479434,0.7207586632557645,spring,15
2025-05-10 14:15:00+00:00,2025-05-10 14:30:00+00:00,131.9306275406657,0.7272586871628237,spring,15
2025-05-10 14:30:00+00:00,2025-05-10 14:45:00+00:00,136.6477660146109,0.7585665184225581,spring,15
2025-05-10 14:45:00+00:00,2025-05-10 15:00:00+00:00,139.39658684521575,0.7915521773795264,spring,15
2025-05-10 15:00:00+00:00,2025-05-10 15:15:00+00:00,142.71525500013962,0.7974508945018021,spring,15
2025-05-10 15:15:00+00:00,2025-05-10 15:30:00+00:00,149.46023193654426,0.8556139822663545,spring,15
2025-05-10 15:30:00+00:00,2025-05-10 15:45:00+00:00,160.14210148399698,0.9329980795165519,spring,15
2025-05-10 15:45:00+00:00,2025-05-10 16:00:00+00:00,178.59111294555078,1.0384324430946446,spring,15
2025-05-10 16:00:00+00:00,2025-05-10 16:15:00+00:00,203.5518450107313,1.0734209043611482,spring,15
2025-05-10 16:15:00+00:00,2025-05-10 16:30:00+00:00,220.87885027314962,1.1417904558219292,spring,15
2025-05-10 16:30:00+00:00,2025-05-10 16:45:00+00:00,239.300632067067,1.199686791405661,spring,15
2025-05-10 16:45:00+00:00,2025-05-10 17:00:00+00:00,254.49051158756149,1.242711128578342,spring,15
2025-05-10 17:00:00+00:00,2025-05-10 17:15:00+00:00,284.56478483288095,1.3475043058007286,spring,15
2025-05-10 17:15:00+00:00,2025-05-10 17:30:00+00:00,296.4829978448158,1.396336629940765,spring,15
2025-05-10 17:30:00+00:00,2025-05-10 17:45:00+00:00,302.65317903557457,1.4564038715915846,spring,15
2025-05-10 17:45:00+00:00,2025-05-10 18:00:00+00:00,304.60892085508516,1.5467347577579205,spring,15
2025-05-10 18:00:00+00:00,2025-05-10 18:15:00+00:00,313.1484456047701,1.6044524539250444,spring,15
2025-05-10 18:15:00+00:00,2025-05-10 18:30:00+00:00,319.0053205641059,1.6914846995698931,spring,15
2025-05-10 18:30:00+00:00,2025-05-10 18:45:00+00:00,320.2785881884361,1.683673789881908,spring,15
2025-05-10 18:45:00+00:00,2025-05-10 19:00:00+00:00,318.79201361443324,1.6334590905939816,spring,15
2025-05-10 19:00:00+00:00,2025-05-10 19:15:00+00:00,309.0120672577305,1.6342816627649555,spring,15
2025-05-10 19:15:00+00:00,2025-05-10 19:30:00+00:00,304.5632374860229,1.6149020955214273,spring,15
2025-05-10 19:30:00+00:00,2025-05-10 19:45:00+00:00,304.12248538291146,1.5360117349127018,spring,15
2025-05-10 19:45:00+00:00,2025-05-10 20:00:00+00:00,303.0599589633617,1.5199684021536677,spring,15
2025-05-10 20:00:00+00:00,2025-05-10 20:15:00+00:00,287.3710582591281,1.5057808162189839,spring,15
2025-05-10 20:15:00+00:00,2025-05-10 20:30:00+00:00,288.316222210278,1.4044018026056861,spring,15
2025-05-10 20:30:00+00:00,2025-05-10 20:45:00+00:00,290.3796235793134,1.3529542497822273,spring,15
2025-05-10 20:45:00+00:00,2025-05-10 21:00:00+00:00,292.9892096094865,1.391840494863424,spring,15
2025-05-10 21:00:00+00:00,2025-05-10 21:15:00+00:00,284.95720198360095,1.2888646604955647,spring,15
2025-05-10 21:15:00+00:00,2025-05-10 21:30:00+00:00,287.18388266743204,1.322592897101695,spring,15
2025-05-10 21:30:00+00:00,2025-05-10 21:45:00+00:00,289.9702360003988,1.3285201673805416,spring,15
2025-05-10 21:45:00+00:00,2025-05-10 22:00:00+00:00,290.8271992128594,1.3154781350684492,spring,15
2025-05-10 22:00:00+00:00,2025-05-10 22:15:00+00:00,291.2392269629768,1.3440635700740222,spring,15
2025-05-10 22:15:00+00:00,2025-05-10 22:30:00+00:00,289.33389570528857,1.3112077842359169,spring,15
2025-05-10 22:30:00+00:00,2025-05-10 22:45:00+00:00,291.29564963964503,1.3332314643484007,spring,15
2025-05-10 22:45:00+00:00,2025-05-10 23:00:00+00:00,295.5805004116136,1.3445491749839313,spring,15
2025-05-10 23:00:00+00:00,2025-05-10 23:15:00+00:00,298.1514629354429,1.3901762477445105,spring,15
2025-05-10 23:15:00+00:00,2025-05-10 23:30:00+00:00,299.09217406963563,1.3885257327236769,spring,15
2025-05-10 23:30:00+00:00,2025-05-10 23:45:00+00:00,303.2042719413516,1.40583936891365,spring,15
2025-05-10 23:45:00+00:00,2025-05-11 00:00:00+00:00,304.9650182542345,1.4134846659630123,spring,15
2025-05-11 00:00:00+00:00,2025-05-11 00:15:00+00:00,301.1087638933297,1.4081746803330117,spring,15
2025-05-11 00:15:00+00:00,2025-05-11 00:30:00+00:00,299.3013408834512,1.4245278132584316,spring,15
2025-05-11 00:30:00+00:00,2025-05-11 00:45:00+00:00,299.2098696582798,1.4241878762600142,spring,15
2025-05-11 00:45:00+00:00,2025-05-11 01:00:00+00:00,300.10759440725957,1.4356984069333307,spring,15
2025-05-11 01:00:00+00:00,2025-05-11 01:15:00+00:00,299.95940031569444,1.4686530346355788,spring,15
2025-05-11 01:15:00+00:00,2025-05-11 01:30:00+00:00,302.12241637588966,1.4514182941525746,spring,15
2025-05-11 01:30:00+00:00,2025-05-11 01:45:00+00:00,301.6584122511528,1.4504265072086464,spring,15
2025-05-11 01:45:00+00:00,2025-05-11 02:00:00+00:00,301.6237490216591,1.4494308066582242,spring,15
2025-05-11 02:00:00+00:00,2025-05-11 02:15:00+00:00,305.158978794019,1.4521297790909722,spring,15
2025-05-11 02:15:00+00:00,2025-05-11 02:30:00+00:00,304.81566876159576,1.444080405982296,spring,15
2025-05-11 02:30:00+00:00,2025-05-11 02:45:00+00:00,301.83430491457045,1.4413057600759587,spring,15
2025-05-11 02:45:00+00:00,2025-05-11 03:00:00+00:00,298.9016399360025,1.4394066087560347,spring,15
2025-05-11 03:00:00+00:00,2025-05-11 03:15:00+00:00,292.4732262019474,1.4541168843976124,spring,15
2025-05-11 03:15:00+00:00,2025-05-11 03:30:00+00:00,291.3545126709185,1.4386909297327857,spring,15
2025-05-11 03:30:00+00:00,2025-05-11 03:45:00+00:00,295.00463049285275,1.4463164697209967,spring,15
2025-05-11 03:45:00+00:00,2025-05-11 04:00:00+00:00,289.8637416639962,1.4052671906323468,spring,15
2025-05-11 04:00:00+00:00,2025-05-11 04:15:00+00:00,284.2416854903596,1.430489378499868,spring,15
2025-05-11 04:15:00+00:00,2025-05-11 04:30:00+00:00,280.8907000889321,1.375137390952346,spring,15
2025-05-11 04:30:00+00:00,2025-05-11 04:45:00+00:00,276.17938603142693,1.3448969019277832,spring,15
2025-05-11 04:45:00+00:00,2025-05-11 05:00:00+00:00,266.4058984216264,1.3034920696000263,spring,15
2025-05-11 05:00:00+00:00,2025-05-11 05:15:00+00:00,242.50111335633693,1.2544214034354964,spring,15
2025-05-11 05:15:00+00:00,2025-05-11 05:30:00+00:00,230.3382073591379,1.2123727812758671,spring,15
2025-05-11 05:30:00+00:00,2025-05-11 05:45:00+00:00,218.15077126292857,1.1500006644431444,spring,15
2025-05-11 05:45:00+00:00,2025-05-11 06:00:00+00:00,203.89865706298124,1.0631537059870018,spring,15
2025-05-11 06:00:00+00:00,2025-05-11 06:15:00+00:00,182.09997723135385,1.0267660596016666,spring,15
2025-05-11 06:15:00+00:00,2025-05-11 06:30:00+00:00,166.08502372724575,0.9359801804253214,spring,15
2025-05-11 06:30:00+00:00,2025-05-11 06:45:00+00:00,153.5991281224728,0.8883675627612418,spring,15
2025-05-11 06:45:00+00:00,2025-05-11 07:00:00+00:00,145.47949974227478,0.8394243797872121,spring,15
2025-05-11 07:00:00+00:00,2025-05-11 07:15:00+00:00,140.11128424819162,0.8000090336983564,spring,15
2025-05-11 07:15:00+00:00,2025-05-11 07:30:00+00:00,133.3421703124803,0.7562941265074884,spring,15
2025-05-11 07:30:00+00:00,2025-05-11 07:45:00+00:00,130.53216847583798,0.7362813093791447,spring,15
2025-05-11 07:45:00+00:00,2025-05-11 08:00:00+00:00,129.80180955724617,0.7132395380828512,spring,15
2025-05-11 08:00:00+00:00,2025-05-11 08:15:00+00:00,125.07083643168994,0.6784935538576343,spring,15
2025-05-11 08:15:00+00:00,2025-05-11 08:30:00+00:00,121.46407369231187,0.6620000706792429,spring,15
2025-05-11 08:30:00+00:00,2025-05-11 08:45:00+00:00,118.79780800588183,0.6310823078813775,spring,15
2025-05-11 08:45:00+00:00,2025-05-11 09:00:00+00:00,116.74881316364183,0.6172248393143923,spring,15
2025-05-11 09:00:00+00:00,2025-05-11 09:15:00+00:00,115.02923698155914,0.5937660498290349,spring,15
2025-05-11 09:15:00+00:00,2025-05-11 09:30:00+00:00,113.07902907451945,0.5827427328056916,spring,15
2025-05-11 09:30:00+00:00,2025-05-11 09:45:00+00:00,112.19504286870772,0.5762861451657159,spring,15
2025-05-11 09:45:00+00:00,2025-05-11 10:00:00+00:00,109.94219895919395,0.5650891019865188,spring,15
2025-05-11 10:00:00+00:00,2025-05-11 10:15:00+00:00,111.75332632865232,0.5756692013513135,spring,15
2025-05-11 10:15:00+00:00,2025-05-11 10:30:00+00:00,111.17707975099307,0.5711788978558795,spring,15
2025-05-11 10:30:00+00:00,2025-05-11 10:45:00+00:00,110.4666170333826,0.5671359305593409,spring,15
2025-05-11 10:45:00+00:00,2025-05-11 11:00:00+00:00,110.9613522816344,0.5792627402733482,spring,15
2025-05-11 11:00:00+00:00,2025-05-11 11:15:00+00:00,110.8046057542093,0.5815397796080688,spring,15
2025-05-11 11:15:00+00:00,2025-05-11 11:30:00+00:00,111.35461890067377,0.591932190036819,spring,15
2025-05-11 11:30:00+00:00,2025-05-11 11:45:00+00:00,111.52065962848825,0.5855295434342023,spring,15
2025-05-11 11:45:00+00:00,2025-05-11 12:00:00+00:00,113.10607438839587,0.5878592173530756,spring,15
2025-05-11 12:00:00+00:00,2025-05-11 12:15:00+00:00,113.7132200111317,0.6225070648404917,spring,15
2025-05-11 12:15:00+00:00,2025-05-11 12:30:00+00:00,114.13431114132369,0.6242567480111496,spring,15
2025-05-11 12:30:00+00:00,2025-05-11 12:45:00+00:00,115.04330972572946,0.6048419236242325,spring,15
2025-05-11 12:45:00+00:00,2025-05-11 13:00:00+00:00,116.05640972205697,0.6012813896186194,spring,15
2025-05-11 13:00:00+00:00,2025-05-11 13:15:00+00:00,116.08455926319768,0.6109556639341687,spring,15
2025-05-11 13:15:00+00:00,2025-05-11 13:30:00+00:00,117.13795930242846,0.6134813257575329,spring,15
2025-05-11 13:30:00+00:00,2025-05-11 13:45:00+00:00,117.7351877962887,0.6155811626992145,spring,15
2025-05-11 13:45:00+00:00,2025-05-11 14:00:00+00:00,119.38942867302542,0.6227465757618013,spring,15
2025-05-11 14:00:00+00:00,2025-05-11 14:15:00+00:00,123.47423304032645,0.6642540585437487,spring,15
2025-05-11 14:15:00+00:00,2025-05-11 14:30:00+00:00,127.3839063975627,0.6911745097249155,spring,15
2025-05-11 14:30:00+00:00,2025-05-11 14:45:00+00:00,128.5623599409843,0.7113452775840539,spring,15
2025-05-11 14:45:00+00:00,2025-05-11 15:00:00+00:00,130.5406165932288,0.7185481762073745,spring,15
2025-05-11 15:00:00+00:00,2025-05-11 15:15:00+00:00,136.93406229786692,0.771356772750991,spring,15
2025-05-11 15:15:00+00:00,2025-05-11 15:30:00+00:00,138.3493698236615,0.7755608396942111,spring,15
2025-05-11 15:30:00+00:00,2025-05-11 15:45:00+00:00,144.4876167261164,0.7900431208004091,spring,15
2025-05-11 15:45:00+00:00,2025-05-11 16:00:00+00:00,151.23591453213686,0.8359398177494399,spring,15
2025-05-11 16:00:00+00:00,2025-05-11 16:15:00+00:00,164.1834068049958,0.8740505833487023,spring,15
2025-05-11 16:15:00+00:00,2025-05-11 16:30:00+00:00,178.07252317132952,0.9536318834708138,spring,15
2025-05-11 16:30:00+00:00,2025-05-11 16:45:00+00:00,187.66126879905994,1.0673925437583458,spring,15
2025-05-11 16:45:00+00:00,2025-05-11 17:00:00+00:00,198.74957230769158,1.1186216782166791,spring,15
2025-05-11 17:00:00+00:00,2025-05-11 17:15:00+00:00,215.59306205994855,1.1161228528924185,spring,15
2025-05-11 17:15:00+00:00,2025-05-11 17:30:00+00:00,222.59008473866228,1.2024303062710373,spring,15
2025-05-11 17:30:00+00:00,2025-05-11 17:45:00+00:00,223.78302682568685,1.3262560852346295,spring,15
2025-05-11 17:45:00+00:00,2025-05-11 18:00:00+00:00,225.31816177429485,1.392513681752318,spring,15
2025-05-11 18:00:00+00:00,2025-05-11 18:15:00+00:00,234.13254004671563,1.402944642211123,spring,15
2025-05-11 18:15:00+00:00,2025-05-11 18:30:00+00:00,236.26512947969235,1.4482865657178217,spring,15
2025-05-11 18:30:00+00:00,2025-05-11 18:45:00+00:00,232.13737922630486,1.4097194810281874,spring,15
2025-05-11 18:45:00+00:00,2025-05-11 19:00:00+00:00,225.18680762610546,1.3251709994224041,spring,15
2025-05-11 19:00:00+00:00,2025-05-11 19:15:00+00:00,220.8361578476685,1.2445273582040313,spring,15
2025-05-11 19:15:00+00:00,2025-05-11 19:30:00+00:00,217.5483356134978,1.1042345769744122,spring,15
2025-05-11 19:30:00+00:00,2025-05-11 19:45:00+00:00,215.859238229298,1.0429877836799009,spring,15
2025-05-11 19:45:00+00:00,2025-05-11 20:00:00+00:00,216.40134189320875,0.9823864819567512,spring,15
2025-05-11 20:00:00+00:00,2025-05-11 20:15:00+00:00,215.2009873748794,1.1015319911509398,spring,15
2025-05-11 20:15:00+00:00,2025-05-11 20:30:00+00:00,211.53705760283998,1.0429600792061362,spring,15
2025-05-11 20:30:00+00:00,2025-05-11 20:45:00+00:00,212.54673234332358,1.0414435893361298,spring,15
2025-05-11 20:45:00+00:00,2025-05-11 21:00:00+00:00,211.5839539001885,1.0224239543599192,spring,15
2025-05-11 21:00:00+00:00,2025-05-11 21:15:00+00:00,204.8328036767686,1.0760580579475962,spring,15
2025-05-11 21:15:00+00:00,2025-05-11 21:30:00+00:00,204.0245983622598,1.0495527246308014,spring,15
2025-05-11 21:30:00+00:00,2025-05-11 21:45:00+00:00,206.99620192223776,1.0305097559159027,spring,15
2025-05-11 21:45:00+00:00,2025-05-11 22:00:00+00:00,210.8313920098723,1.0201555640576747,spring,15
2025-05-11 22:00:00+00:00,2025-05-11 22:15:00+00:00,215.0712488417005,1.0144277395822092,spring,15
2025-05-11 22:15:00+00:00,2025-05-11 22:30:00+00:00,214.80584645184294,1.0178184824718992,spring,15
2025-05-11 22:30:00+00:00,2025-05-11 22:45:00+00:00,217.13107623027668,1.0222007373421544,spring,15
2025-05-11 22:45:00+00:00,2025-05-11 23:00:00+00:00,218.78888702046518,1.0039903691400727,spring,15
2025-05-11 23:00:00+00:00,2025-05-11 23:15:00+00:00,219.60514366249706,1.0163595616773249,spring,15
2025-05-11 23:15:00+00:00,2025-05-11 23:30:00+00:00,222.2342994173143,1.0317276006411302,spring,15
2025-05-11 23:30:00+00:00,2025-05-11 23:45:00+00:00,223.6765986614003,1.0354963418606646,spring,15
2025-05-11 23:45:00+00:00,2025-05-12 00:00:00+00:00,225.11695765492243,1.0390343042447068,spring,15
2025-05-12 00:00:00+00:00,2025-05-12 00:15:00+00:00,224.24285483867322,1.0672392643436974,spring,15
2025-05-12 00:15:00+00:00,2025-05-12 00:30:00+00:00,226.90165647065425,1.0770181487790194,spring,15
2025-05-12 00:30:00+00:00,2025-05-12 00:45:00+00:00,228.9953978922657,1.1096648478246445,spring,15
2025-05-12 00:45:00+00:00,2025-05-12 01:00:00+00:00,232.02027124295284,1.1121139234418145,spring,15
2025-05-12 01:00:00+00:00,2025-05-12 01:15:00+00:00,234.50480372532508,1.1171128817297322,spring,15
2025-05-12 01:15:00+00:00,2025-05-12 01:30:00+00:00,236.7363258369833,1.1354141205224775,spring,15
2025-05-12 01:30:00+00:00,2025-05-12 01:45:00+00:00,238.66918151799624,1.138073328831145,spring,15
2025-05-12 01:45:00+00:00,2025-05-12 02:00:00+00:00,241.44053826872783,1.1694725153065717,spring,15
2025-05-12 02:00:00+00:00,2025-05-12 02:15:00+00:00,246.20131923173847,1.1867968041688906,spring,15
2025-05-12 02:15:00+00:00,2025-05-12 02:30:00+00:00,248.11311413917224,1.1770521057531713,spring,15
2025-05-12 02:30:00+00:00,2025-05-12 02:45:00+00:00,249.63180220612784,1.2387915539382253,spring,15
2025-05-12 02:45:00+00:00,2025-05-12 03:00:00+00:00,252.56143007034078,1.2090125360154789,spring,15
2025-05-12 03:00:00+00:00,2025-05-12 03:15:00+00:00,260.06259752873865,1.1360702797157134,spring,15
2025-05-12 03:15:00+00:00,2025-05-12 03:30:00+00:00,258.94445440403274,1.1968319624040948,spring,15
2025-05-12 03:30:00+00:00,2025-05-12 03:45:00+00:00,256.56951555587375,1.2094935113582088,spring,15
2025-05-12 03:45:00+00:00,2025-05-12 04:00:00+00:00,249.31817387439247,1.2290650094814148,spring,15
2025-05-12 04:00:00+00:00,2025-05-12 04:15:00+00:00,239.31098777945536,1.1604311690903468,spring,15
2025-05-12 04:15:00+00:00,2025-05-12 04:30:00+00:00,234.54805914088976,1.1705165793928893,spring,15
2025-05-12 04:30:00+00:00,2025-05-12 04:45:00+00:00,230.31253205806806,1.1997289748061812,spring,15
2025-05-12 04:45:00+00:00,2025-05-12 05:00:00+00:00,225.72566414537016,1.1891465123360907,spring,15
2025-05-12 05:00:00+00:00,2025-05-12 05:15:00+00:00,218.52506744679366,1.2326708626054783,spring,15
2025-05-12 05:15:00+00:00,2025-05-12 05:30:00+00:00,214.9521626532842,1.1286877082122995,spring,15
2025-05-12 05:30:00+00:00,2025-05-12 05:45:00+00:00,210.9635779391555,1.0125089117255213,spring,15
2025-05-12 05:45:00+00:00,2025-05-12 06:00:00+00:00,208.1572505672153,0.8860843020018343,spring,15
2025-05-12 06:00:00+00:00,2025-05-12 06:15:00+00:00,199.60230918616335,0.8804882192551801,spring,15
2025-05-12 06:15:00+00:00,2025-05-12 06:30:00+00:00,193.42168821024694,0.8444367753163949,spring,15
2025-05-12 06:30:00+00:00,2025-05-12 06:45:00+00:00,185.2779157952337,0.81899959223396,spring,15
2025-05-12 06:45:00+00:00,2025-05-12 07:00:00+00:00,174.41939872692865,0.7543166544497543,spring,15
2025-05-12 07:00:00+00:00,2025-05-12 07:15:00+00:00,161.17949036080157,0.7722375406864161,spring,15
2025-05-12 07:15:00+00:00,2025-05-12 07:30:00+00:00,152.3439810868249,0.7146978915352543,spring,15
2025-05-12 07:30:00+00:00,2025-05-12 07:45:00+00:00,140.05220857624744,0.6555866032362033,spring,15
2025-05-12 07:45:00+00:00,2025-05-12 08:00:00+00:00,130.64910168662442,0.6063905691794589,spring,15
2025-05-12 08:00:00+00:00,2025-05-12 08:15:00+00:00,122.09909588857103,0.6594548771143758,spring,15
2025-05-12 08:15:00+00:00,2025-05-12 08:30:00+00:00,113.85498546395229,0.5953674230611333,spring,15
2025-05-12 08:30:00+00:00,2025-05-12 08:45:00+00:00,109.71637534461752,0.5720610872052598,spring,15
2025-05-12 08:45:00+00:00,2025-05-12 09:00:00+00:00,108.17981046517465,0.5523877917763254,spring,15
2025-05-12 09:00:00+00:00,2025-05-12 09:15:00+00:00,107.32435128787127,0.5388214065658431,spring,15
2025-05-12 09:15:00+00:00,2025-05-12 09:30:00+00:00,107.22645543310831,0.5356444580820936,spring,15
2025-05-12 09:30:00+00:00,2025-05-12 09:45:00+00:00,107.21830915253021,0.5417433010781378,spring,15
2025-05-12 09:45:00+00:00,2025-05-12 10:00:00+00:00,106.39252670542825,0.5314329221965102,spring,15
2025-05-12 10:00:00+00:00,2025-05-12 10:15:00+00:00,108.54971660308601,0.5611209189065142,spring,15
2025-05-12 10:15:00+00:00,2025-05-12 10:30:00+00:00,108.36493176849537,0.5526954418984478,spring,15
2025-05-12 10:30:00+00:00,2025-05-12 10:45:00+00:00,106.87320349680148,0.544655574031217,spring,15
2025-05-12 10:45:00+00:00,2025-05-12 11:00:00+00:00,107.76741746621005,0.5377792891076537,spring,15
2025-05-12 11:00:00+00:00,2025-05-12 11:15:00+00:00,108.58893878374305,0.5465252444455871,spring,15
2025-05-12 11:15:00+00:00,2025-05-12 11:30:00+00:00,108.62610216335307,0.5412055682501165,spring,15
2025-05-12 11:30:00+00:00,2025-05-12 11:45:00+00:00,109.43642103826586,0.5518085754266393,spring,15
2025-05-12 11:45:00+00:00,2025-05-12 12:00:00+00:00,109.95401709643617,0.552456214674288,spring,15
2025-05-12 12:00:00+00:00,2025-05-12 12:15:00+00:00,109.63508968074996,0.5422245483049741,spring,15
2025-05-12 12:15:00+00:00,2025-05-12 12:30:00+00:00,110.08372158384277,0.5521514310314113,spring,15
2025-05-12 12:30:00+00:00,2025-05-12 12:45:00+00:00,110.68708116600618,0.5525256116828591,spring,15
2025-05-12 12:45:00+00:00,2025-05-12 13:00:00+00:00,110.24712383869647,0.5540938384476808,spring,15
2025-05-12 13:00:00+00:00,2025-05-12 13:15:00+00:00,112.05580810418166,0.5525160848372207,spring,15
2025-05-12 13:15:00+00:00,2025-05-12 13:30:00+00:00,111.639485534309,0.5549525086348526,spring,15
2025-05-12 13:30:00+00:00,2025-05-12 13:45:00+00:00,112.02708873201576,0.5623142067931437,spring,15
2025-05-12 13:45:00+00:00,2025-05-12 14:00:00+00:00,112.78153291239593,0.5636428674468472,spring,15
2025-05-12 14:00:00+00:00,2025-05-12 14:15:00+00:00,117.11102321630553,0.6030445178096924,spring,15
2025-05-12 14:15:00+00:00,2025-05-12 14:30:00+00:00,118.98059897968177,0.5834644283303546,spring,15
2025-05-12 14:30:00+00:00,2025-05-12 14:45:00+00:00,121.01667222106802,0.6027829189020957,spring,15
2025-05-12 14:45:00+00:00,2025-05-12 15:00:00+00:00,126.22073868300402,0.6308953609810127,spring,15
2025-05-12 15:00:00+00:00,2025-05-12 15:15:00+00:00,144.518499877503,0.6921069507444628,spring,15
2025-05-12 15:15:00+00:00,2025-05-12 15:30:00+00:00,158.74212482745952,0.7304700899545387,spring,15
2025-05-12 15:30:00+00:00,2025-05-12 15:45:00+00:00,169.68905463749425,0.77181629217127,spring,15
2025-05-12 15:45:00+00:00,2025-05-12 16:00:00+00:00,183.71017630527953,0.808776799440994,spring,15
2025-05-12 16:00:00+00:00,2025-05-12 16:15:00+00:00,212.08050431975354,0.8477555104130505,spring,15
2025-05-12 16:15:00+00:00,2025-05-12 16:30:00+00:00,231.44363679586996,0.8704918992308156,spring,15
2025-05-12 16:30:00+00:00,2025-05-12 16:45:00+00:00,243.92217459772047,0.9341662392400122,spring,15
2025-05-12 16:45:00+00:00,2025-05-12 17:00:00+00:00,262.0033678290259,0.9697747663877612,spring,15
2025-05-12 17:00:00+00:00,2025-05-12 17:15:00+00:00,279.5057015809897,1.0263323921617242,spring,15
2025-05-12 17:15:00+00:00,2025-05-12 17:30:00+00:00,288.2602572621101,1.0812537139298983,spring,15
2025-05-12 17:30:00+00:00,2025-05-12 17:45:00+00:00,292.7729493778164,1.149394928257436,spring,15
2025-05-12 17:45:00+00:00,2025-05-12 18:00:00+00:00,299.43634455318016,1.2608472114782914,spring,15
2025-05-12 18:00:00+00:00,2025-05-12 18:15:00+00:00,306.9714746160451,1.2888263857646045,spring,15
2025-05-12 18:15:00+00:00,2025-05-12 18:30:00+00:00,320.82404934625214,1.3183753270775347,spring,15
2025-05-12 18:30:00+00:00,2025-05-12 18:45:00+00:00,322.1850801247115,1.316390271874254,spring,15
2025-05-12 18:45:00+00:00,2025-05-12 19:00:00+00:00,318.7290975001651,1.2851461062163247,spring,15
2025-05-12 19:00:00+00:00,2025-05-12 19:15:00+00:00,309.4515283689745,1.2527219357224997,spring,15
2025-05-12 19:15:00+00:00,2025-05-12 19:30:00+00:00,308.1181257801612,1.2233932538978487,spring,15
2025-05-12 19:30:00+00:00,2025-05-12 19:45:00+00:00,309.5594643949244,1.1627540239889844,spring,15
2025-05-12 19:45:00+00:00,2025-05-12 20:00:00+00:00,311.15466618143864,1.1208420899322975,spring,15
2025-05-12 20:00:00+00:00,2025-05-12 20:15:00+00:00,303.58902065564365,1.0970887203009527,spring,15
2025-05-12 20:15:00+00:00,2025-05-12 20:30:00+00:00,303.8647315879302,1.066579763319413,spring,15
2025-05-12 20:30:00+00:00,2025-05-12 20:45:00+00:00,306.0866065602766,1.0731113654399451,spring,15
2025-05-12 20:45:00+00:00,2025-05-12 21:00:00+00:00,305.1301048441668,1.0734169268365807,spring,15
2025-05-12 21:00:00+00:00,2025-05-12 21:15:00+00:00,305.5040559179174,1.0918583836241544,spring,15
2025-05-12 21:15:00+00:00,2025-05-12 21:30:00+00:00,308.4072576781385,1.1051911572024113,spring,15
2025-05-12 21:30:00+00:00,2025-05-12 21:45:00+00:00,312.9069875254651,1.1180984096835336,spring,15
2025-05-12 21:45:00+00:00,2025-05-12 22:00:00+00:00,316.51256908260643,1.1121351752949586,spring,15
2025-05-12 22:00:00+00:00,2025-05-12 22:15:00+00:00,319.932434155064,1.1377441673771274,spring,15
2025-05-12 22:15:00+00:00,2025-05-12 22:30:00+00:00,321.0816005196621,1.149401255896774,spring,15
2025-05-12 22:30:00+00:00,2025-05-12 22:45:00+00:00,325.01016061789545,1.157367815064442,spring,15
2025-05-12 22:45:00+00:00,2025-05-12 23:00:00+00:00,328.2639567547614,1.1823872993876097,spring,15
2025-05-12 23:00:00+00:00,2025-05-12 23:15:00+00:00,332.72774623541346,1.1957642457533142,spring,15
2025-05-12 23:15:00+00:00,2025-05-12 23:30:00+00:00,337.4028579309411,1.2196446409928177,spring,15
2025-05-12 23:30:00+00:00,2025-05-12 23:45:00+00:00,342.56951636491857,1.2274518308989408,spring,15
2025-05-12 23:45:00+00:00,2025-05-13 00:00:00+00:00,348.4029635938553,1.224587532961062,spring,15
2025-05-13 00:00:00+00:00,2025-05-13 00:15:00+00:00,355.7895677069888,1.2521992497096484,spring,15
2025-05-13 00:15:00+00:00,2025-05-13 00:30:00+00:00,363.821973032578,1.2558136410876486,spring,15
2025-05-13 00:30:00+00:00,2025-05-13 00:45:00+00:00,371.32334732244993,1.3122771824446149,spring,15
2025-05-13 00:45:00+00:00,2025-05-13 01:00:00+00:00,378.34836325194334,1.3103020691499492,spring,15
2025-05-13 01:00:00+00:00,2025-05-13 01:15:00+00:00,385.6051998423316,1.342420600180833,spring,15
2025-05-13 01:15:00+00:00,2025-05-13 01:30:00+00:00,392.1387927605839,1.3893031383962158,spring,15
2025-05-13 01:30:00+00:00,2025-05-13 01:45:00+00:00,397.00156931689634,1.4187825425012288,spring,15
2025-05-13 01:45:00+00:00,2025-05-13 02:00:00+00:00,399.72023480548177,1.436028841404434,spring,15
2025-05-13 02:00:00+00:00,2025-05-13 02:15:00+00:00,406.2830973364028,1.4046152311764089,spring,15
2025-05-13 02:15:00+00:00,2025-05-13 02:30:00+00:00,409.52851287215054,1.4372486586000468,spring,15
2025-05-13 02:30:00+00:00,2025-05-13 02:45:00+00:00,412.3660790393776,1.4933379137081464,spring,15
2025-05-13 02:45:00+00:00,2025-05-13 03:00:00+00:00,416.5435149554034,1.51511497912211,spring,15
2025-05-13 03:00:00+00:00,2025-05-13 03:15:00+00:00,421.6371426342289,1.473567273034939,spring,15
2025-05-13 03:15:00+00:00,2025-05-13 03:30:00+00:00,421.99852541841267,1.4980495206205424,spring,15
2025-05-13 03:30:00+00:00,2025-05-13 03:45:00+00:00,416.56162904154087,1.4789235020982416,spring,15
2025-05-13 03:45:00+00:00,2025-05-13 04:00:00+00:00,408.7418096580107,1.4739164360255508,spring,15
2025-05-13 04:00:00+00:00,2025-05-13 04:15:00+00:00,397.947367382577,1.457967637867506,spring,15
2025-05-13 04:15:00+00:00,2025-05-13 04:30:00+00:00,386.0800462788494,1.4186767098833237,spring,15
2025-05-13 04:30:00+00:00,2025-05-13 04:45:00+00:00,377.4702539138187,1.380520874275995,spring,15
2025-05-13 04:45:00+00:00,2025-05-13 05:00:00+00:00,367.75552612053355,1.338445002393763,spring,15
2025-05-13 05:00:00+00:00,2025-05-13 05:15:00+00:00,356.0250521728982,1.272986737480307,spring,15
2025-05-13 05:15:00+00:00,2025-05-13 05:30:00+00:00,346.7788547457076,1.2108543516378467,spring,15
2025-05-13 05:30:00+00:00,2025-05-13 05:45:00+00:00,344.20719492684515,1.1881889186434975,spring,15
2025-05-13 05:45:00+00:00,2025-05-13 06:00:00+00:00,337.6551597648951,1.1329752438753093,spring,15
2025-05-13 06:00:00+00:00,2025-05-13 06:15:00+00:00,314.29248735073696,1.0943140378344827,spring,15
2025-05-13 06:15:00+00:00,2025-05-13 06:30:00+00:00,306.0338097968737,1.0549473526129536,spring,15
2025-05-13 06:30:00+00:00,2025-05-13 06:45:00+00:00,291.6583026503295,0.9999359616837009,spring,15
2025-05-13 06:45:00+00:00,2025-05-13 07:00:00+00:00,277.28563263779984,0.9856318337211626,spring,15
2025-05-13 07:00:00+00:00,2025-05-13 07:15:00+00:00,249.8356085338116,0.9946887542250709,spring,15
2025-05-13 07:15:00+00:00,2025-05-13 07:30:00+00:00,232.60391498118165,0.8850281790472797,spring,15
2025-05-13 07:30:00+00:00,2025-05-13 07:45:00+00:00,212.14265688539035,0.7998199031548716,spring,15
2025-05-13 07:45:00+00:00,2025-05-13 08:00:00+00:00,185.98403185133748,0.7422180184339178,spring,15
2025-05-13 08:00:00+00:00,2025-05-13 08:15:00+00:00,170.34725326087982,0.7116794301808972,spring,15
2025-05-13 08:15:00+00:00,2025-05-13 08:30:00+00:00,157.02303461245515,0.6803626033089151,spring,15
2025-05-13 08:30:00+00:00,2025-05-13 08:45:00+00:00,148.2744124484758,0.6617357551505223,spring,15
2025-05-13 08:45:00+00:00,2025-05-13 09:00:00+00:00,143.06307658720797,0.6404540672156229,spring,15
2025-05-13 09:00:00+00:00,2025-05-13 09:15:00+00:00,142.1102442945175,0.647157175001788,spring,15
2025-05-13 09:15:00+00:00,2025-05-13 09:30:00+00:00,138.52383735502286,0.6399995120027951,spring,15
2025-05-13 09:30:00+00:00,2025-05-13 09:45:00+00:00,136.24771049143226,0.6241270018182214,spring,15
2025-05-13 09:45:00+00:00,2025-05-13 10:00:00+00:00,135.0399853965291,0.6333481675558046,spring,15
2025-05-13 10:00:00+00:00,2025-05-13 10:15:00+00:00,136.04800212707696,0.6202213412051513,spring,15
2025-05-13 10:15:00+00:00,2025-05-13 10:30:00+00:00,135.55653179275095,0.6246187130138082,spring,15
2025-05-13 10:30:00+00:00,2025-05-13 10:45:00+00:00,135.0275040923357,0.6154512328039226,spring,15
2025-05-13 10:45:00+00:00,2025-05-13 11:00:00+00:00,134.19020492578758,0.6126320561695634,spring,15
2025-05-13 11:00:00+00:00,2025-05-13 11:15:00+00:00,134.67401261449044,0.612165861901295,spring,15
2025-05-13 11:15:00+00:00,2025-05-13 11:30:00+00:00,134.4950107850397,0.6127352162403819,spring,15
2025-05-13 11:30:00+00:00,2025-05-13 11:45:00+00:00,135.2557699195549,0.615232395449966,spring,15
2025-05-13 11:45:00+00:00,2025-05-13 12:00:00+00:00,135.6749012656737,0.6065408091945328,spring,15
2025-05-13 12:00:00+00:00,2025-05-13 12:15:00+00:00,137.2166307006153,0.6228880088411712,spring,15
2025-05-13 12:15:00+00:00,2025-05-13 12:30:00+00:00,138.46668617543332,0.6301559166395335,spring,15
2025-05-13 12:30:00+00:00,2025-05-13 12:45:00+00:00,139.9243701945748,0.6402684213254122,spring,15
2025-05-13 12:45:00+00:00,2025-05-13 13:00:00+00:00,141.93064950163688,0.6416370490284394,spring,15
2025-05-13 13:00:00+00:00,2025-05-13 13:15:00+00:00,144.17509101581473,0.646233119474432,spring,15
2025-05-13 13:15:00+00:00,2025-05-13 13:30:00+00:00,145.7680333167452,0.6457187554651449,spring,15
2025-05-13 13:30:00+00:00,2025-05-13 13:45:00+00:00,148.88796519595422,0.6584925847976094,spring,15
2025-05-13 13:45:00+00:00,2025-05-13 14:00:00+00:00,151.74881016838637,0.6685553313274641,spring,15
2025-05-13 14:00:00+00:00,2025-05-13 14:15:00+00:00,154.70019633183142,0.6787067189561283,spring,15
2025-05-13 14:15:00+00:00,2025-05-13 14:30:00+00:00,158.45892123238892,0.6949057719577685,spring,15
2025-05-13 14:30:00+00:00,2025-05-13 14:45:00+00:00,163.877859937605,0.7093416510311932,spring,15
2025-05-13 14:45:00+00:00,2025-05-13 15:00:00+00:00,176.16784873725382,0.7416447257896613,spring,15
2025-05-13 15:00:00+00:00,2025-05-13 15:15:00+00:00,201.82667471046028,0.799729014062039,spring,15
2025-05-13 15:15:00+00:00,2025-05-13 15:30:00+00:00,218.97953971069634,0.8429698183351709,spring,15
2025-05-13 15:30:00+00:00,2025-05-13 15:45:00+00:00,243.26300751044514,0.9134849364291477,spring,15
2025-05-13 15:45:00+00:00,2025-05-13 16:00:00+00:00,258.52095894918835,0.9933991335177873,spring,15
2025-05-13 16:00:00+00:00,2025-05-13 16:15:00+00:00,292.3800154840282,1.018358364139393,spring,15
2025-05-13 16:15:00+00:00,2025-05-13 16:30:00+00:00,314.6790467646981,1.117505989277436,spring,15
2025-05-13 16:30:00+00:00,2025-05-13 16:45:00+00:00,329.19761998311907,1.203080684538969,spring,15
2025-05-13 16:45:00+00:00,2025-05-13 17:00:00+00:00,342.5538218808525,1.3082389409865067,spring,15
2025-05-13 17:00:00+00:00,2025-05-13 17:15:00+00:00,361.7340129623169,1.27341316192697,spring,15
2025-05-13 17:15:00+00:00,2025-05-13 17:30:00+00:00,369.46086674444336,1.3799265287406386,spring,15
2025-05-13 17:30:00+00:00,2025-05-13 17:45:00+00:00,379.781548528415,1.441203814510916,spring,15
2025-05-13 17:45:00+00:00,2025-05-13 18:00:00+00:00,389.9847030601508,1.4849368677283876,spring,15
2025-05-13 18:00:00+00:00,2025-05-13 18:15:00+00:00,395.1794355353797,1.4696901956958601,spring,15
2025-05-13 18:15:00+00:00,2025-05-13 18:30:00+00:00,399.1439200548771,1.5937728526474364,spring,15
2025-05-13 18:30:00+00:00,2025-05-13 18:45:00+00:00,403.59065778857695,1.6076952195025762,spring,15
2025-05-13 18:45:00+00:00,2025-05-13 19:00:00+00:00,406.4715556769763,1.5826551829480715,spring,15
2025-05-13 19:00:00+00:00,2025-05-13 19:15:00+00:00,405.65091889491526,1.560472885687896,spring,15
2025-05-13 19:15:00+00:00,2025-05-13 19:30:00+00:00,409.30153468616317,1.5652826920770504,spring,15
2025-05-13 19:30:00+00:00,2025-05-13 19:45:00+00:00,410.4722107873242,1.5616425597335515,spring,15
2025-05-13 19:45:00+00:00,2025-05-13 20:00:00+00:00,413.7129854486473,1.5237714514965126,spring,15
2025-05-13 20:00:00+00:00,2025-05-13 20:15:00+00:00,408.4600592699156,1.5624097663282503,spring,15
2025-05-13 20:15:00+00:00,2025-05-13 20:30:00+00:00,407.0818419275217,1.590680425631589,spring,15
2025-05-13 20:30:00+00:00,2025-05-13 20:45:00+00:00,412.16330818472665,1.5516165892311913,spring,15
2025-05-13 20:45:00+00:00,2025-05-13 21:00:00+00:00,415.55431293243555,1.4984055950044843,spring,15
2025-05-13 21:00:00+00:00,2025-05-13 21:15:00+00:00,418.92194062163105,1.607122014185072,spring,15
2025-05-13 21:15:00+00:00,2025-05-13 21:30:00+00:00,428.9761266221801,1.55287688109483,spring,15
2025-05-13 21:30:00+00:00,2025-05-13 21:45:00+00:00,434.7599354079687,1.458519480000445,spring,15
2025-05-13 21:45:00+00:00,2025-05-13 22:00:00+00:00,432.5556695000055,1.4524390595692092,spring,15
2025-05-13 22:00:00+00:00,2025-05-13 22:15:00+00:00,454.881846444973,1.5192016710817924,spring,15
2025-05-13 22:15:00+00:00,2025-05-13 22:30:00+00:00,452.8258966192144,1.5258346051285188,spring,15
2025-05-13 22:30:00+00:00,2025-05-13 22:45:00+00:00,454.0419315949098,1.5339119054270256,spring,15
2025-05-13 22:45:00+00:00,2025-05-13 23:00:00+00:00,455.81981675990846,1.5398005044846448,spring,15
2025-05-13 23:00:00+00:00,2025-05-13 23:15:00+00:00,457.55830780753405,1.5557869092721897,spring,15
2025-05-13 23:15:00+00:00,2025-05-13 23:30:00+00:00,458.4218378090969,1.559881710032157,spring,15
2025-05-13 23:30:00+00:00,2025-05-13 23:45:00+00:00,460.10774168386934,1.5698526757462752,spring,15
2025-05-13 23:45:00+00:00,2025-05-14 00:00:00+00:00,462.03706820426817,1.5860813097977917,spring,15
2025-05-14 00:00:00+00:00,2025-05-14 00:15:00+00:00,469.0839014115311,1.587308757219244,spring,15
2025-05-14 00:15:00+00:00,2025-05-14 00:30:00+00:00,470.9591399508602,1.5894643143533638,spring,15
2025-05-14 00:30:00+00:00,2025-05-14 00:45:00+00:00,472.2242496766912,1.597524889591265,spring,15
2025-05-14 00:45:00+00:00,2025-05-14 01:00:00+00:00,473.94748197514866,1.604976030526301,spring,15
2025-05-14 01:00:00+00:00,2025-05-14 01:15:00+00:00,472.4487369110335,1.6749963950381386,spring,15
2025-05-14 01:15:00+00:00,2025-05-14 01:30:00+00:00,476.0540046650879,1.6369450230831923,spring,15
2025-05-14 01:30:00+00:00,2025-05-14 01:45:00+00:00,475.98712095929596,1.6382726119627036,spring,15
2025-05-14 01:45:00+00:00,2025-05-14 02:00:00+00:00,476.0083349467346,1.6418003740184497,spring,15
2025-05-14 02:00:00+00:00,2025-05-14 02:15:00+00:00,470.24501088866566,1.6504680898449897,spring,15
2025-05-14 02:15:00+00:00,2025-05-14 02:30:00+00:00,468.0803141229428,1.6532613979080126,spring,15
2025-05-14 02:30:00+00:00,2025-05-14 02:45:00+00:00,462.77957945995286,1.6659881359514221,spring,15
2025-05-14 02:45:00+00:00,2025-05-14 03:00:00+00:00,458.75101455493507,1.6956228950530519,spring,15
2025-05-14 03:00:00+00:00,2025-05-14 03:15:00+00:00,456.46804872873037,1.659666155864847,spring,15
2025-05-14 03:15:00+00:00,2025-05-14 03:30:00+00:00,452.442994639328,1.6468317126608103,spring,15
2025-05-14 03:30:00+00:00,2025-05-14 03:45:00+00:00,445.03005008570864,1.6167651440823592,spring,15
2025-05-14 03:45:00+00:00,2025-05-14 04:00:00+00:00,433.31916191013886,1.64277463367203,spring,15
2025-05-14 04:00:00+00:00,2025-05-14 04:15:00+00:00,420.0107163127227,1.572204108101655,spring,15
2025-05-14 04:15:00+00:00,2025-05-14 04:30:00+00:00,398.68101883048763,1.4917757072661588,spring,15
2025-05-14 04:30:00+00:00,2025-05-14 04:45:00+00:00,386.3511859124726,1.498050607011561,spring,15
2025-05-14 04:45:00+00:00,2025-05-14 05:00:00+00:00,373.0205348946637,1.4053489121427893,spring,15
2025-05-14 05:00:00+00:00,2025-05-14 05:15:00+00:00,352.30352002276413,1.3114057265876005,spring,15
2025-05-14 05:15:00+00:00,2025-05-14 05:30:00+00:00,343.04325418355813,1.2377025172782505,spring,15
2025-05-14 05:30:00+00:00,2025-05-14 05:45:00+00:00,341.21983207433743,1.1567103063270001,spring,15
2025-05-14 05:45:00+00:00,2025-05-14 06:00:00+00:00,325.26367834340044,1.0862933055484933,spring,15
2025-05-14 06:00:00+00:00,2025-05-14 06:15:00+00:00,295.98724308875205,1.074503193670653,spring,15
2025-05-14 06:15:00+00:00,2025-05-14 06:30:00+00:00,274.4384924548462,1.0072750624843814,spring,15
2025-05-14 06:30:00+00:00,2025-05-14 06:45:00+00:00,252.8909565632137,0.9339362651501387,spring,15
2025-05-14 06:45:00+00:00,2025-05-14 07:00:00+00:00,227.81118212732264,0.8850411501503355,spring,15
2025-05-14 07:00:00+00:00,2025-05-14 07:15:00+00:00,200.3612697159589,0.8703147186496669,spring,15
2025-05-14 07:15:00+00:00,2025-05-14 07:30:00+00:00,184.0287005581318,0.7920496671410513,spring,15
2025-05-14 07:30:00+00:00,2025-05-14 07:45:00+00:00,164.71913777705865,0.7216308125948834,spring,15
2025-05-14 07:45:00+00:00,2025-05-14 08:00:00+00:00,149.17101084620214,0.6725357561617018,spring,15
2025-05-14 08:00:00+00:00,2025-05-14 08:15:00+00:00,138.52350464216923,0.659889889746002,spring,15
2025-05-14 08:15:00+00:00,2025-05-14 08:30:00+00:00,129.32850184767256,0.6225991859290225,spring,15
2025-05-14 08:30:00+00:00,2025-05-14 08:45:00+00:00,127.51890089202888,0.6258591081544846,spring,15
2025-05-14 08:45:00+00:00,2025-05-14 09:00:00+00:00,126.67099544825439,0.6093388638064537,spring,15
2025-05-14 09:00:00+00:00,2025-05-14 09:15:00+00:00,127.02780638687527,0.6086008596868286,spring,15
2025-05-14 09:15:00+00:00,2025-05-14 09:30:00+00:00,126.97256102961732,0.5999891107137916,spring,15
2025-05-14 09:30:00+00:00,2025-05-14 09:45:00+00:00,126.19374363621256,0.5943164307120923,spring,15
2025-05-14 09:45:00+00:00,2025-05-14 10:00:00+00:00,124.9569533248882,0.589902480463262,spring,15
2025-05-14 10:00:00+00:00,2025-05-14 10:15:00+00:00,125.67155263709981,0.594803797501965,spring,15
2025-05-14 10:15:00+00:00,2025-05-14 10:30:00+00:00,125.73651602965593,0.5992890822152132,spring,15
2025-05-14 10:30:00+00:00,2025-05-14 10:45:00+00:00,125.597060274025,0.6044726185972463,spring,15
2025-05-14 10:45:00+00:00,2025-05-14 11:00:00+00:00,127.08654387494356,0.5908779769498504,spring,15
2025-05-14 11:00:00+00:00,2025-05-14 11:15:00+00:00,128.96236163650016,0.5936204918407613,spring,15
2025-05-14 11:15:00+00:00,2025-05-14 11:30:00+00:00,130.0078994720189,0.5983033527915232,spring,15
2025-05-14 11:30:00+00:00,2025-05-14 11:45:00+00:00,131.22453348251645,0.5993567275208198,spring,15
2025-05-14 11:45:00+00:00,2025-05-14 12:00:00+00:00,131.17690971823757,0.5922625614490014,spring,15
2025-05-14 12:00:00+00:00,2025-05-14 12:15:00+00:00,132.70719154146676,0.5971920005041664,spring,15
2025-05-14 12:15:00+00:00,2025-05-14 12:30:00+00:00,132.55186043458076,0.6000822158832322,spring,15
2025-05-14 12:30:00+00:00,2025-05-14 12:45:00+00:00,132.4341456560209,0.6054294765789534,spring,15
2025-05-14 12:45:00+00:00,2025-05-14 13:00:00+00:00,132.3002070329252,0.5895502141264101,spring,15
2025-05-14 13:00:00+00:00,2025-05-14 13:15:00+00:00,131.60914761038043,0.5991095484712535,spring,15
2025-05-14 13:15:00+00:00,2025-05-14 13:30:00+00:00,131.34092978957617,0.6114093673615087,spring,15
2025-05-14 13:30:00+00:00,2025-05-14 13:45:00+00:00,132.05892196021108,0.5976770977176046,spring,15
2025-05-14 13:45:00+00:00,2025-05-14 14:00:00+00:00,132.65013263753545,0.5930084243315554,spring,15
2025-05-14 14:00:00+00:00,2025-05-14 14:15:00+00:00,135.74575573402578,0.608674810935439,spring,15
2025-05-14 14:15:00+00:00,2025-05-14 14:30:00+00:00,137.84099711642926,0.6251492532699703,spring,15
2025-05-14 14:30:00+00:00,2025-05-14 14:45:00+00:00,139.1763599737291,0.6287977807440552,spring,15
2025-05-14 14:45:00+00:00,2025-05-14 15:00:00+00:00,139.52530062430628,0.6354768300276887,spring,15
2025-05-14 15:00:00+00:00,2025-05-14 15:15:00+00:00,141.64015391235975,0.6488704707785702,spring,15
2025-05-14 15:15:00+00:00,2025-05-14 15:30:00+00:00,142.67703828595162,0.6653246465268267,spring,15
2025-05-14 15:30:00+00:00,2025-05-14 15:45:00+00:00,149.3821985756173,0.6868242242107653,spring,15
2025-05-14 15:45:00+00:00,2025-05-14 16:00:00+00:00,165.5170963482472,0.792813708467703,spring,15
2025-05-14 16:00:00+00:00,2025-05-14 16:15:00+00:00,190.768838886626,0.8168912510962922,spring,15
2025-05-14 16:15:00+00:00,2025-05-14 16:30:00+00:00,214.32408107805568,0.8509617135410769,spring,15
2025-05-14 16:30:00+00:00,2025-05-14 16:45:00+00:00,233.80441174414128,0.9184297362297569,spring,15
2025-05-14 16:45:00+00:00,2025-05-14 17:00:00+00:00,247.15709839874003,0.9681135272724954,spring,15
2025-05-14 17:00:00+00:00,2025-05-14 17:15:00+00:00,269.59329347022424,0.9302995817729094,spring,15
2025-05-14 17:15:00+00:00,2025-05-14 17:30:00+00:00,279.629857778609,0.9974560786486834,spring,15
2025-05-14 17:30:00+00:00,2025-05-14 17:45:00+00:00,283.16923099337305,1.0577932398588799,spring,15
2025-05-14 17:45:00+00:00,2025-05-14 18:00:00+00:00,287.75624296060846,1.1485230950537362,spring,15
2025-05-14 18:00:00+00:00,2025-05-14 18:15:00+00:00,301.78763597262764,1.1216588943760357,spring,15
2025-05-14 18:15:00+00:00,2025-05-14 18:30:00+00:00,309.257659041677,1.15351183426679,spring,15
2025-05-14 18:30:00+00:00,2025-05-14 18:45:00+00:00,308.1824843318292,1.2184712230996333,spring,15
2025-05-14 18:45:00+00:00,2025-05-14 19:00:00+00:00,307.0386296399129,1.22476231593626,spring,15
2025-05-14 19:00:00+00:00,2025-05-14 19:15:00+00:00,306.04808903949896,1.188999640489717,spring,15
2025-05-14 19:15:00+00:00,2025-05-14 19:30:00+00:00,307.47927308187496,1.1533750429258605,spring,15
2025-05-14 19:30:00+00:00,2025-05-14 19:45:00+00:00,311.40624925644033,1.1486803783146884,spring,15
2025-05-14 19:45:00+00:00,2025-05-14 20:00:00+00:00,309.8073334786578,1.1059598316795722,spring,15
2025-05-14 20:00:00+00:00,2025-05-14 20:15:00+00:00,304.9676599551056,1.0939411156498884,spring,15
2025-05-14 20:15:00+00:00,2025-05-14 20:30:00+00:00,305.4199232180415,1.1379014217489742,spring,15
2025-05-14 20:30:00+00:00,2025-05-14 20:45:00+00:00,307.83130859631444,1.1021388947185708,spring,15
2025-05-14 20:45:00+00:00,2025-05-14 21:00:00+00:00,303.390862463091,1.0930585420980308,spring,15
2025-05-14 21:00:00+00:00,2025-05-14 21:15:00+00:00,296.768216571835,1.1064872310850196,spring,15
2025-05-14 21:15:00+00:00,2025-05-14 21:30:00+00:00,296.1601855288004,1.0897795504960337,spring,15
2025-05-14 21:30:00+00:00,2025-05-14 21:45:00+00:00,297.83373768210856,1.0997278362524292,spring,15
2025-05-14 21:45:00+00:00,2025-05-14 22:00:00+00:00,301.35093720340825,1.1016206382984304,spring,15
2025-05-14 22:00:00+00:00,2025-05-14 22:15:00+00:00,305.4361427614808,1.1402636852740387,spring,15
2025-05-14 22:15:00+00:00,2025-05-14 22:30:00+00:00,301.484206978518,1.118593798250455,spring,15
2025-05-14 22:30:00+00:00,2025-05-14 22:45:00+00:00,302.06694416149816,1.1194524751431298,spring,15
2025-05-14 22:45:00+00:00,2025-05-14 23:00:00+00:00,303.5132950684705,1.107126178257179,spring,15
2025-05-14 23:00:00+00:00,2025-05-14 23:15:00+00:00,305.27467746572063,1.099705980387836,spring,15
2025-05-14 23:15:00+00:00,2025-05-14 23:30:00+00:00,305.4841280748816,1.1161733607489965,spring,15
2025-05-14 23:30:00+00:00,2025-05-14 23:45:00+00:00,309.43800281980805,1.1307399206681787,spring,15
2025-05-14 23:45:00+00:00,2025-05-15 00:00:00+00:00,313.26935327721856,1.158650615289965,spring,15
2025-05-15 00:00:00+00:00,2025-05-15 00:15:00+00:00,320.0670171532245,1.212248298106086,spring,15
2025-05-15 00:15:00+00:00,2025-05-15 00:30:00+00:00,328.7613728008772,1.1996819711251314,spring,15
2025-05-15 00:30:00+00:00,2025-05-15 00:45:00+00:00,332.9104137028616,1.2212090045817723,spring,15
2025-05-15 00:45:00+00:00,2025-05-15 01:00:00+00:00,335.45049401517343,1.2182164666761297,spring,15
2025-05-15 01:00:00+00:00,2025-05-15 01:15:00+00:00,335.8474110938865,1.2411221627369433,spring,15
2025-05-15 01:15:00+00:00,2025-05-15 01:30:00+00:00,334.7478162393106,1.229213733456898,spring,15
2025-05-15 01:30:00+00:00,2025-05-15 01:45:00+00:00,325.0107494476675,1.223966495107225,spring,15
2025-05-15 01:45:00+00:00,2025-05-15 02:00:00+00:00,326.21685357754325,1.2396833184287412,spring,15
2025-05-15 02:00:00+00:00,2025-05-15 02:15:00+00:00,324.76100335146054,1.2308633255015407,spring,15
2025-05-15 02:15:00+00:00,2025-05-15 02:30:00+00:00,326.381187036763,1.2298731053537253,spring,15
2025-05-15 02:30:00+00:00,2025-05-15 02:45:00+00:00,329.7751822310828,1.2345193389014288,spring,15
2025-05-15 02:45:00+00:00,2025-05-15 03:00:00+00:00,333.09271252005595,1.25483621538058,spring,15
2025-05-15 03:00:00+00:00,2025-05-15 03:15:00+00:00,332.8749256983484,1.2360194654545094,spring,15
2025-05-15 03:15:00+00:00,2025-05-15 03:30:00+00:00,332.38213326692556,1.2374514991842933,spring,15
2025-05-15 03:30:00+00:00,2025-05-15 03:45:00+00:00,331.8956456242913,1.2238141424499716,spring,15
2025-05-15 03:45:00+00:00,2025-05-15 04:00:00+00:00,328.9110828678746,1.1726579411593814,spring,15
2025-05-15 04:00:00+00:00,2025-05-15 04:15:00+00:00,319.8323486713394,1.1473087196711687,spring,15
2025-05-15 04:15:00+00:00,2025-05-15 04:30:00+00:00,310.6698646875516,1.1106709379908186,spring,15
2025-05-15 04:30:00+00:00,2025-05-15 04:45:00+00:00,303.8015306346225,1.1016272500167217,spring,15
2025-05-15 04:45:00+00:00,2025-05-15 05:00:00+00:00,299.8516745516794,1.0801677079869907,spring,15
2025-05-15 05:00:00+00:00,2025-05-15 05:15:00+00:00,289.74325703395306,1.1200816616073135,spring,15
2025-05-15 05:15:00+00:00,2025-05-15 05:30:00+00:00,285.6901337450442,1.106604525476869,spring,15
2025-05-15 05:30:00+00:00,2025-05-15 05:45:00+00:00,279.3771205649964,1.0749998332141761,spring,15
2025-05-15 05:45:00+00:00,2025-05-15 06:00:00+00:00,271.7039250750593,0.997585196147573,spring,15
2025-05-15 06:00:00+00:00,2025-05-15 06:15:00+00:00,255.79819500287778,0.9407768916925074,spring,15
2025-05-15 06:15:00+00:00,2025-05-15 06:30:00+00:00,246.1222662741125,0.8617098763105611,spring,15
2025-05-15 06:30:00+00:00,2025-05-15 06:45:00+00:00,237.30961133499272,0.8425955833065906,spring,15
2025-05-15 06:45:00+00:00,2025-05-15 07:00:00+00:00,216.96847701239844,0.7835033007658042,spring,15
2025-05-15 07:00:00+00:00,2025-05-15 07:15:00+00:00,187.83758006986804,0.717882240119193,spring,15
2025-05-15 07:15:00+00:00,2025-05-15 07:30:00+00:00,170.08452596129348,0.6785882583811171,spring,15
2025-05-15 07:30:00+00:00,2025-05-15 07:45:00+00:00,151.679744414185,0.6404330688301134,spring,15
2025-05-15 07:45:00+00:00,2025-05-15 08:00:00+00:00,143.05410263971032,0.6176716545588307,spring,15
2025-05-15 08:00:00+00:00,2025-05-15 08:15:00+00:00,136.3586938635156,0.5826978344227934,spring,15
2025-05-15 08:15:00+00:00,2025-05-15 08:30:00+00:00,133.34182330951953,0.5664029338141175,spring,15
2025-05-15 08:30:00+00:00,2025-05-15 08:45:00+00:00,132.47408671308872,0.5593426034947306,spring,15
2025-05-15 08:45:00+00:00,2025-05-15 09:00:00+00:00,131.9689139667742,0.5625272062730684,spring,15
2025-05-15 09:00:00+00:00,2025-05-15 09:15:00+00:00,129.9211304677279,0.5616838335919921,spring,15
2025-05-15 09:15:00+00:00,2025-05-15 09:30:00+00:00,127.81529262208717,0.5512847331357003,spring,15
2025-05-15 09:30:00+00:00,2025-05-15 09:45:00+00:00,128.16109392260597,0.5465255700422278,spring,15
2025-05-15 09:45:00+00:00,2025-05-15 10:00:00+00:00,128.4505061149866,0.544432633439567,spring,15
2025-05-15 10:00:00+00:00,2025-05-15 10:15:00+00:00,126.32953562485692,0.5434757227877289,spring,15
2025-05-15 10:15:00+00:00,2025-05-15 10:30:00+00:00,126.12657571202351,0.535677233240864,spring,15
2025-05-15 10:30:00+00:00,2025-05-15 10:45:00+00:00,126.23427721743008,0.5404679919268874,spring,15
2025-05-15 10:45:00+00:00,2025-05-15 11:00:00+00:00,125.95772310870576,0.5351063407467778,spring,15
2025-05-15 11:00:00+00:00,2025-05-15 11:15:00+00:00,125.93539176821234,0.5353759656980128,spring,15
2025-05-15 11:15:00+00:00,2025-05-15 11:30:00+00:00,125.29959335193573,0.5345767609806592,spring,15
2025-05-15 11:30:00+00:00,2025-05-15 11:45:00+00:00,125.53398909225474,0.5362464843369188,spring,15
2025-05-15 11:45:00+00:00,2025-05-15 12:00:00+00:00,125.21629171035904,0.543123237075354,spring,15
2025-05-15 12:00:00+00:00,2025-05-15 12:15:00+00:00,124.23106020373854,0.5450832591159808,spring,15
2025-05-15 12:15:00+00:00,2025-05-15 12:30:00+00:00,123.6833524528231,0.5538633286845771,spring,15
2025-05-15 12:30:00+00:00,2025-05-15 12:45:00+00:00,123.64605600866095,0.5704274508911248,spring,15
2025-05-15 12:45:00+00:00,2025-05-15 13:00:00+00:00,123.25367863617164,0.5660740880763582,spring,15
2025-05-15 13:00:00+00:00,2025-05-15 13:15:00+00:00,123.52860073492792,0.5747310835358916,spring,15
2025-05-15 13:15:00+00:00,2025-05-15 13:30:00+00:00,123.43893113246087,0.5738852606637217,spring,15
2025-05-15 13:30:00+00:00,2025-05-15 13:45:00+00:00,123.31809605489504,0.5758781334392306,spring,15
2025-05-15 13:45:00+00:00,2025-05-15 14:00:00+00:00,125.10331024854493,0.5792591384910396,spring,15
2025-05-15 14:00:00+00:00,2025-05-15 14:15:00+00:00,127.3333014230724,0.586870644194482,spring,15
2025-05-15 14:15:00+00:00,2025-05-15 14:30:00+00:00,128.3623629053882,0.5929332451483896,spring,15
2025-05-15 14:30:00+00:00,2025-05-15 14:45:00+00:00,128.92847704852127,0.5954920072893878,spring,15
2025-05-15 14:45:00+00:00,2025-05-15 15:00:00+00:00,130.67568384057313,0.5994182331620301,spring,15
2025-05-15 15:00:00+00:00,2025-05-15 15:15:00+00:00,132.6756536427555,0.6122845998482978,spring,15
2025-05-15 15:15:00+00:00,2025-05-15 15:30:00+00:00,135.55368207670125,0.6197645939652978,spring,15
2025-05-15 15:30:00+00:00,2025-05-15 15:45:00+00:00,142.43420275994987,0.6441664636680154,spring,15
2025-05-15 15:45:00+00:00,2025-05-15 16:00:00+00:00,150.86535477451486,0.6592785340137548,spring,15
2025-05-15 16:00:00+00:00,2025-05-15 16:15:00+00:00,167.47244145285538,0.6957432678316913,spring,15
2025-05-15 16:15:00+00:00,2025-05-15 16:30:00+00:00,188.6575259842923,0.7701152743027185,spring,15
2025-05-15 16:30:00+00:00,2025-05-15 16:45:00+00:00,211.307476514012,0.8149306524869832,spring,15
2025-05-15 16:45:00+00:00,2025-05-15 17:00:00+00:00,231.05844746266732,0.8881452603121275,spring,15
2025-05-15 17:00:00+00:00,2025-05-15 17:15:00+00:00,257.5934394635799,0.9224647894155268,spring,15
2025-05-15 17:15:00+00:00,2025-05-15 17:30:00+00:00,273.77403799176494,0.9557257845630047,spring,15
2025-05-15 17:30:00+00:00,2025-05-15 17:45:00+00:00,278.76738385472987,1.028149422830068,spring,15
2025-05-15 17:45:00+00:00,2025-05-15 18:00:00+00:00,285.1654759986622,1.1055532742106158,spring,15
2025-05-15 18:00:00+00:00,2025-05-15 18:15:00+00:00,302.027667940035,1.1734642628899838,spring,15
2025-05-15 18:15:00+00:00,2025-05-15 18:30:00+00:00,309.2944078863519,1.2633387349178968,spring,15
2025-05-15 18:30:00+00:00,2025-05-15 18:45:00+00:00,315.25898979632274,1.3045601395474766,spring,15
2025-05-15 18:45:00+00:00,2025-05-15 19:00:00+00:00,315.15199919534973,1.3121860366629374,spring,15
2025-05-15 19:00:00+00:00,2025-05-15 19:15:00+00:00,319.1905212827744,1.327179673970136,spring,15
2025-05-15 19:15:00+00:00,2025-05-15 19:30:00+00:00,324.4748725329951,1.33354673986167,spring,15
2025-05-15 19:30:00+00:00,2025-05-15 19:45:00+00:00,329.89828340240507,1.3311175378219595,spring,15
2025-05-15 19:45:00+00:00,2025-05-15 20:00:00+00:00,336.7654376199114,1.3278680483336507,spring,15
2025-05-15 20:00:00+00:00,2025-05-15 20:15:00+00:00,331.6865001855354,1.3197784893352587,spring,15
2025-05-15 20:15:00+00:00,2025-05-15 20:30:00+00:00,334.4737733406681,1.3204787284773534,spring,15
2025-05-15 20:30:00+00:00,2025-05-15 20:45:00+00:00,345.65210575061474,1.2647205884291493,spring,15
2025-05-15 20:45:00+00:00,2025-05-15 21:00:00+00:00,349.6305137131761,1.2736989599805237,spring,15
2025-05-15 21:00:00+00:00,2025-05-15 21:15:00+00:00,343.9900420417231,1.2036752996835105,spring,15
2025-05-15 21:15:00+00:00,2025-05-15 21:30:00+00:00,347.0886350243073,1.2295039468230817,spring,15
2025-05-15 21:30:00+00:00,2025-05-15 21:45:00+00:00,346.5445372121618,1.232530236484038,spring,15
2025-05-15 21:45:00+00:00,2025-05-15 22:00:00+00:00,343.1810211807744,1.2330779595260315,spring,15
2025-05-15 22:00:00+00:00,2025-05-15 22:15:00+00:00,353.78630946820147,1.245879495309786,spring,15
2025-05-15 22:15:00+00:00,2025-05-15 22:30:00+00:00,353.36769615522695,1.2604803434070262,spring,15
2025-05-15 22:30:00+00:00,2025-05-15 22:45:00+00:00,357.21311951157526,1.2759435959890293,spring,15
2025-05-15 22:45:00+00:00,2025-05-15 23:00:00+00:00,358.48089078367343,1.2829846539116456,spring,15
2025-05-15 23:00:00+00:00,2025-05-15 23:15:00+00:00,355.6162344987118,1.2913523644082234,spring,15
2025-05-15 23:15:00+00:00,2025-05-15 23:30:00+00:00,357.1442151009276,1.2819453150682443,spring,15
2025-05-15 23:30:00+00:00,2025-05-15 23:45:00+00:00,357.85574973678604,1.2939213588079257,spring,15
2025-05-15 23:45:00+00:00,2025-05-16 00:00:00+00:00,360.20570533307813,1.3101478648001879,spring,15
2025-05-16 00:00:00+00:00,2025-05-16 00:15:00+00:00,358.1259387951773,1.3066646974373597,spring,15
2025-05-16 00:15:00+00:00,2025-05-16 00:30:00+00:00,360.9963674767539,1.2993675259670392,spring,15
2025-05-16 00:30:00+00:00,2025-05-16 00:45:00+00:00,359.5241185952856,1.2977131489876808,spring,15
2025-05-16 00:45:00+00:00,2025-05-16 01:00:00+00:00,359.10805146205155,1.3143622675220437,spring,15
2025-05-16 01:00:00+00:00,2025-05-16 01:15:00+00:00,360.4696449236913,1.3056435891947618,spring,15
2025-05-16 01:15:00+00:00,2025-05-16 01:30:00+00:00,362.54484768303473,1.3063625592708585,spring,15
2025-05-16 01:30:00+00:00,2025-05-16 01:45:00+00:00,362.56588328521764,1.306596286672298,spring,15
2025-05-16 01:45:00+00:00,2025-05-16 02:00:00+00:00,362.4693809914342,1.3016247677966866,spring,15
2025-05-16 02:00:00+00:00,2025-05-16 02:15:00+00:00,361.6617368235013,1.300148352671634,spring,15
2025-05-16 02:15:00+00:00,2025-05-16 02:30:00+00:00,361.68438793580356,1.3062678629855469,spring,15
2025-05-16 02:30:00+00:00,2025-05-16 02:45:00+00:00,359.1579044647144,1.342685314336537,spring,15
2025-05-16 02:45:00+00:00,2025-05-16 03:00:00+00:00,359.9458635178629,1.3178666635574914,spring,15
2025-05-16 03:00:00+00:00,2025-05-16 03:15:00+00:00,358.9978862484896,1.2956043095343936,spring,15
2025-05-16 03:15:00+00:00,2025-05-16 03:30:00+00:00,355.62229798710047,1.3179920494514947,spring,15
2025-05-16 03:30:00+00:00,2025-05-16 03:45:00+00:00,349.8641061601951,1.282664685245033,spring,15
2025-05-16 03:45:00+00:00,2025-05-16 04:00:00+00:00,346.6130777475724,1.2558107172070627,spring,15
2025-05-16 04:00:00+00:00,2025-05-16 04:15:00+00:00,339.4125634313212,1.2663941072642617,spring,15
2025-05-16 04:15:00+00:00,2025-05-16 04:30:00+00:00,329.2773205558252,1.263071357414661,spring,15
2025-05-16 04:30:00+00:00,2025-05-16 04:45:00+00:00,322.08838995674034,1.230077238438873,spring,15
2025-05-16 04:45:00+00:00,2025-05-16 05:00:00+00:00,316.6303664800949,1.2073538115585865,spring,15
2025-05-16 05:00:00+00:00,2025-05-16 05:15:00+00:00,302.2003123708531,1.2102415351320586,spring,15
2025-05-16 05:15:00+00:00,2025-05-16 05:30:00+00:00,297.3753538636356,1.18632015333967,spring,15
2025-05-16 05:30:00+00:00,2025-05-16 05:45:00+00:00,293.0843852107714,1.1329789257909109,spring,15
2025-05-16 05:45:00+00:00,2025-05-16 06:00:00+00:00,285.2694949292829,1.10789464094128,spring,15
2025-05-16 06:00:00+00:00,2025-05-16 06:15:00+00:00,264.6032313863862,1.0163546568417212,spring,15
2025-05-16 06:15:00+00:00,2025-05-16 06:30:00+00:00,256.06299821689294,1.0068651400478068,spring,15
2025-05-16 06:30:00+00:00,2025-05-16 06:45:00+00:00,247.02968966886385,0.9171587123358743,spring,15
2025-05-16 06:45:00+00:00,2025-05-16 07:00:00+00:00,229.80835339583976,0.8744031643576479,spring,15
2025-05-16 07:00:00+00:00,2025-05-16 07:15:00+00:00,209.83227077556884,0.8561064958153972,spring,15
2025-05-16 07:15:00+00:00,2025-05-16 07:30:00+00:00,196.4778440069145,0.7683513803393591,spring,15
2025-05-16 07:30:00+00:00,2025-05-16 07:45:00+00:00,177.84056452844231,0.7336089886657995,spring,15
2025-05-16 07:45:00+00:00,2025-05-16 08:00:00+00:00,157.85808942327102,0.6782992755719431,spring,15
2025-05-16 08:00:00+00:00,2025-05-16 08:15:00+00:00,137.42420135408375,0.6165017108642835,spring,15
2025-05-16 08:15:00+00:00,2025-05-16 08:30:00+00:00,123.76867779100759,0.5781069075321105,spring,15
2025-05-16 08:30:00+00:00,2025-05-16 08:45:00+00:00,120.32062521040055,0.5700933648413322,spring,15
2025-05-16 08:45:00+00:00,2025-05-16 09:00:00+00:00,119.45828322160035,0.5821965328831566,spring,15
2025-05-16 09:00:00+00:00,2025-05-16 09:15:00+00:00,118.38511372187975,0.5877863810496902,spring,15
2025-05-16 09:15:00+00:00,2025-05-16 09:30:00+00:00,117.58339904487386,0.5710615222115581,spring,15
2025-05-16 09:30:00+00:00,2025-05-16 09:45:00+00:00,117.63557844914733,0.5627423882024372,spring,15
2025-05-16 09:45:00+00:00,2025-05-16 10:00:00+00:00,119.63986939244451,0.5642341673910367,spring,15
2025-05-16 10:00:00+00:00,2025-05-16 10:15:00+00:00,118.92337470688025,0.5695495704710798,spring,15
2025-05-16 10:15:00+00:00,2025-05-16 10:30:00+00:00,120.44438484224123,0.5676759622057935,spring,15
2025-05-16 10:30:00+00:00,2025-05-16 10:45:00+00:00,119.8731307256016,0.560487240640888,spring,15
2025-05-16 10:45:00+00:00,2025-05-16 11:00:00+00:00,118.83314274979449,0.5590315787859272,spring,15
2025-05-16 11:00:00+00:00,2025-05-16 11:15:00+00:00,117.03350393988121,0.5407158710774908,spring,15
2025-05-16 11:15:00+00:00,2025-05-16 11:30:00+00:00,117.67536918593663,0.538979412761203,spring,15
2025-05-16 11:30:00+00:00,2025-05-16 11:45:00+00:00,117.64756200724152,0.5449317315315365,spring,15
2025-05-16 11:45:00+00:00,2025-05-16 12:00:00+00:00,118.01063592524007,0.5524457528393645,spring,15
2025-05-16 12:00:00+00:00,2025-05-16 12:15:00+00:00,117.87659918078344,0.5560319681972314,spring,15
2025-05-16 12:15:00+00:00,2025-05-16 12:30:00+00:00,118.13551315022517,0.5731764603018081,spring,15
2025-05-16 12:30:00+00:00,2025-05-16 12:45:00+00:00,120.0464552960062,0.5930143450124636,spring,15
2025-05-16 12:45:00+00:00,2025-05-16 13:00:00+00:00,118.6405411043095,0.5873509561260771,spring,15
2025-05-16 13:00:00+00:00,2025-05-16 13:15:00+00:00,119.39228791731874,0.5820446892484811,spring,15
2025-05-16 13:15:00+00:00,2025-05-16 13:30:00+00:00,120.67971664235812,0.5800935342046193,spring,15
2025-05-16 13:30:00+00:00,2025-05-16 13:45:00+00:00,124.01215650981133,0.6028950447226562,spring,15
2025-05-16 13:45:00+00:00,2025-05-16 14:00:00+00:00,126.27193098336176,0.6226289107630357,spring,15
2025-05-16 14:00:00+00:00,2025-05-16 14:15:00+00:00,131.8979489771268,0.6185257223961221,spring,15
2025-05-16 14:15:00+00:00,2025-05-16 14:30:00+00:00,136.51268866553343,0.6203431060817078,spring,15
2025-05-16 14:30:00+00:00,2025-05-16 14:45:00+00:00,145.14474286131724,0.6353502093926134,spring,15
2025-05-16 14:45:00+00:00,2025-05-16 15:00:00+00:00,152.1207562557244,0.6605443134999462,spring,15
2025-05-16 15:00:00+00:00,2025-05-16 15:15:00+00:00,164.21253943630018,0.6828906676487693,spring,15
2025-05-16 15:15:00+00:00,2025-05-16 15:30:00+00:00,178.28516602706097,0.7251105113528775,spring,15
2025-05-16 15:30:00+00:00,2025-05-16 15:45:00+00:00,191.53781727455367,0.7726303919457155,spring,15
2025-05-16 15:45:00+00:00,2025-05-16 16:00:00+00:00,204.11188010130167,0.856243751240294,spring,15
2025-05-16 16:00:00+00:00,2025-05-16 16:15:00+00:00,221.96319953567033,0.8550374005851235,spring,15
2025-05-16 16:15:00+00:00,2025-05-16 16:30:00+00:00,238.28784133438506,0.9167028497463933,spring,15
2025-05-16 16:30:00+00:00,2025-05-16 16:45:00+00:00,251.44189557978828,0.9749039570739583,spring,15
2025-05-16 16:45:00+00:00,2025-05-16 17:00:00+00:00,259.4266989222014,1.013920548825058,spring,15
2025-05-16 17:00:00+00:00,2025-05-16 17:15:00+00:00,280.09145608523716,1.0225922213483558,spring,15
2025-05-16 17:15:00+00:00,2025-05-16 17:30:00+00:00,289.42214102290393,1.0833712422143742,spring,15
2025-05-16 17:30:00+00:00,2025-05-16 17:45:00+00:00,292.995083407856,1.1645615327738654,spring,15
2025-05-16 17:45:00+00:00,2025-05-16 18:00:00+00:00,297.5899190544289,1.282901324356696,spring,15
2025-05-16 18:00:00+00:00,2025-05-16 18:15:00+00:00,307.3633513460652,1.3177565743084279,spring,15
2025-05-16 18:15:00+00:00,2025-05-16 18:30:00+00:00,316.5275309100586,1.3755029852505563,spring,15
2025-05-16 18:30:00+00:00,2025-05-16 18:45:00+00:00,321.183898602338,1.3987070108095574,spring,15
2025-05-16 18:45:00+00:00,2025-05-16 19:00:00+00:00,324.16911926529156,1.3880062976021537,spring,15
2025-05-16 19:00:00+00:00,2025-05-16 19:15:00+00:00,328.366300897293,1.4074990053263052,spring,15
2025-05-16 19:15:00+00:00,2025-05-16 19:30:00+00:00,331.02242468470854,1.3831749196828873,spring,15
2025-05-16 19:30:00+00:00,2025-05-16 19:45:00+00:00,331.5103353806094,1.3859297083359443,spring,15
2025-05-16 19:45:00+00:00,2025-05-16 20:00:00+00:00,333.9719443209726,1.337238419176061,spring,15
2025-05-16 20:00:00+00:00,2025-05-16 20:15:00+00:00,335.7902958758615,1.3925590244780903,spring,15
2025-05-16 20:15:00+00:00,2025-05-16 20:30:00+00:00,338.54339095576427,1.3060364720464834,spring,15
2025-05-16 20:30:00+00:00,2025-05-16 20:45:00+00:00,344.35351467982576,1.3140795315606704,spring,15
2025-05-16 20:45:00+00:00,2025-05-16 21:00:00+00:00,345.5595867115498,1.2784451055721302,spring,15
2025-05-16 21:00:00+00:00,2025-05-16 21:15:00+00:00,339.06031570188037,1.2679402119927945,spring,15
2025-05-16 21:15:00+00:00,2025-05-16 21:30:00+00:00,345.44113056374636,1.2690220850583307,spring,15
2025-05-16 21:30:00+00:00,2025-05-16 21:45:00+00:00,350.53348455992966,1.3134345569785626,spring,15
2025-05-16 21:45:00+00:00,2025-05-16 22:00:00+00:00,355.30887863844845,1.3149423300536103,spring,15
2025-05-16 22:00:00+00:00,2025-05-16 22:15:00+00:00,344.1449908000048,1.267905378998838,spring,15
2025-05-16 22:15:00+00:00,2025-05-16 22:30:00+00:00,340.5767600575792,1.248139622294791,spring,15
2025-05-16 22:30:00+00:00,2025-05-16 22:45:00+00:00,345.6215523239459,1.2821338330520433,spring,15
2025-05-16 22:45:00+00:00,2025-05-16 23:00:00+00:00,345.62345036599396,1.2892086497912552,spring,15
2025-05-16 23:00:00+00:00,2025-05-16 23:15:00+00:00,341.80496418238397,1.30655459105868,spring,15
2025-05-16 23:15:00+00:00,2025-05-16 23:30:00+00:00,346.5501187601254,1.3252194610780907,spring,15
2025-05-16 23:30:00+00:00,2025-05-16 23:45:00+00:00,341.37271995674604,1.3474800631867458,spring,15
2025-05-16 23:45:00+00:00,2025-05-17 00:00:00+00:00,342.4375218366801,1.3509656831286088,spring,15
2025-05-17 00:00:00+00:00,2025-05-17 00:15:00+00:00,340.93784470351824,1.3216164332859093,spring,15
2025-05-17 00:15:00+00:00,2025-05-17 00:30:00+00:00,336.82791268087607,1.3140563318934415,spring,15
2025-05-17 00:30:00+00:00,2025-05-17 00:45:00+00:00,338.89809503510753,1.3050074348514178,spring,15
2025-05-17 00:45:00+00:00,2025-05-17 01:00:00+00:00,338.663293189918,1.2897860302610427,spring,15
2025-05-17 01:00:00+00:00,2025-05-17 01:15:00+00:00,336.01967406597635,1.3073232200980245,spring,15
2025-05-17 01:15:00+00:00,2025-05-17 01:30:00+00:00,337.70864385002363,1.3020606403489619,spring,15
2025-05-17 01:30:00+00:00,2025-05-17 01:45:00+00:00,336.79388609571714,1.2997776773325425,spring,15
2025-05-17 01:45:00+00:00,2025-05-17 02:00:00+00:00,338.0626852009823,1.2811889526260165,spring,15
2025-05-17 02:00:00+00:00,2025-05-17 02:15:00+00:00,337.6201897189344,1.3010560764286572,spring,15
2025-05-17 02:15:00+00:00,2025-05-17 02:30:00+00:00,338.5842010587613,1.3041466284937782,spring,15
2025-05-17 02:30:00+00:00,2025-05-17 02:45:00+00:00,335.33158763244995,1.3011463562794536,spring,15
2025-05-17 02:45:00+00:00,2025-05-17 03:00:00+00:00,331.851411392485,1.2859526291981485,spring,15
2025-05-17 03:00:00+00:00,2025-05-17 03:15:00+00:00,326.28708246543135,1.252432724553672,spring,15
2025-05-17 03:15:00+00:00,2025-05-17 03:30:00+00:00,326.9889486951198,1.2686720030702379,spring,15
2025-05-17 03:30:00+00:00,2025-05-17 03:45:00+00:00,324.8159594383125,1.2714762035474696,spring,15
2025-05-17 03:45:00+00:00,2025-05-17 04:00:00+00:00,319.93683267657775,1.2557103837128423,spring,15
2025-05-17 04:00:00+00:00,2025-05-17 04:15:00+00:00,309.8534544066836,1.2308618718713704,spring,15
2025-05-17 04:15:00+00:00,2025-05-17 04:30:00+00:00,303.5723117721442,1.205745373487689,spring,15
2025-05-17 04:30:00+00:00,2025-05-17 04:45:00+00:00,296.25086046969847,1.1843536664074787,spring,15
2025-05-17 04:45:00+00:00,2025-05-17 05:00:00+00:00,287.0391445487576,1.1270738226735761,spring,15
2025-05-17 05:00:00+00:00,2025-05-17 05:15:00+00:00,269.3823428381453,1.1432003652393605,spring,15
2025-05-17 05:15:00+00:00,2025-05-17 05:30:00+00:00,260.341737274617,1.0822083754551493,spring,15
2025-05-17 05:30:00+00:00,2025-05-17 05:45:00+00:00,247.2186708684667,1.0511510210210824,spring,15
2025-05-17 05:45:00+00:00,2025-05-17 06:00:00+00:00,227.64471222011872,1.0106066233516775,spring,15
2025-05-17 06:00:00+00:00,2025-05-17 06:15:00+00:00,202.902556271496,1.1028597856261675,spring,15
2025-05-17 06:15:00+00:00,2025-05-17 06:30:00+00:00,188.3799263051879,1.0128091445432146,spring,15
2025-05-17 06:30:00+00:00,2025-05-17 06:45:00+00:00,172.54752228122345,0.8728926500076207,spring,15
2025-05-17 06:45:00+00:00,2025-05-17 07:00:00+00:00,157.84442184893214,0.782447849791516,spring,15
2025-05-17 07:00:00+00:00,2025-05-17 07:15:00+00:00,137.21921072098317,0.7511110628063365,spring,15
2025-05-17 07:15:00+00:00,2025-05-17 07:30:00+00:00,123.9395720931336,0.6804335360394584,spring,15
2025-05-17 07:30:00+00:00,2025-05-17 07:45:00+00:00,119.09627211977201,0.6606991415631502,spring,15
2025-05-17 07:45:00+00:00,2025-05-17 08:00:00+00:00,115.39532830504061,0.626514684292756,spring,15
2025-05-17 08:00:00+00:00,2025-05-17 08:15:00+00:00,113.64625421864605,0.6113368850025314,spring,15
2025-05-17 08:15:00+00:00,2025-05-17 08:30:00+00:00,111.23698971013141,0.59011292463203,spring,15
2025-05-17 08:30:00+00:00,2025-05-17 08:45:00+00:00,110.42513217836853,0.5894857795175292,spring,15
2025-05-17 08:45:00+00:00,2025-05-17 09:00:00+00:00,109.18545467074208,0.580504446711322,spring,15
2025-05-17 09:00:00+00:00,2025-05-17 09:15:00+00:00,108.80580042084075,0.5847458665055938,spring,15
2025-05-17 09:15:00+00:00,2025-05-17 09:30:00+00:00,107.96628121426633,0.5847340877798372,spring,15
2025-05-17 09:30:00+00:00,2025-05-17 09:45:00+00:00,106.81818231943255,0.574057065150365,spring,15
2025-05-17 09:45:00+00:00,2025-05-17 10:00:00+00:00,106.89567933769415,0.5889687915550105,spring,15
2025-05-17 10:00:00+00:00,2025-05-17 10:15:00+00:00,106.36643738261202,0.5727920850721914,spring,15
2025-05-17 10:15:00+00:00,2025-05-17 10:30:00+00:00,106.45337943553699,0.5754173712943492,spring,15
2025-05-17 10:30:00+00:00,2025-05-17 10:45:00+00:00,106.88641255902215,0.5774668025495424,spring,15
2025-05-17 10:45:00+00:00,2025-05-17 11:00:00+00:00,107.61182606965248,0.5999426664926217,spring,15
2025-05-17 11:00:00+00:00,2025-05-17 11:15:00+00:00,109.32900476849122,0.6268649095832592,spring,15
2025-05-17 11:15:00+00:00,2025-05-17 11:30:00+00:00,110.65788902450382,0.6309085808663153,spring,15
2025-05-17 11:30:00+00:00,2025-05-17 11:45:00+00:00,111.11132337425578,0.6295136721389349,spring,15
2025-05-17 11:45:00+00:00,2025-05-17 12:00:00+00:00,112.9018260085559,0.6252872493064047,spring,15
2025-05-17 12:00:00+00:00,2025-05-17 12:15:00+00:00,113.8674496609757,0.6304427355144787,spring,15
2025-05-17 12:15:00+00:00,2025-05-17 12:30:00+00:00,115.21216513585742,0.6373789399693753,spring,15
2025-05-17 12:30:00+00:00,2025-05-17 12:45:00+00:00,116.10066360799323,0.6492824963044791,spring,15
2025-05-17 12:45:00+00:00,2025-05-17 13:00:00+00:00,116.16580028584802,0.6489946365619688,spring,15
2025-05-17 13:00:00+00:00,2025-05-17 13:15:00+00:00,118.07440481831077,0.6503402819873201,spring,15
2025-05-17 13:15:00+00:00,2025-05-17 13:30:00+00:00,119.67042638064413,0.6408894422606454,spring,15
2025-05-17 13:30:00+00:00,2025-05-17 13:45:00+00:00,121.19835675274553,0.6582582369203384,spring,15
2025-05-17 13:45:00+00:00,2025-05-17 14:00:00+00:00,121.3147478842062,0.6592769331610581,spring,15
2025-05-17 14:00:00+00:00,2025-05-17 14:15:00+00:00,123.26199473850795,0.6618524201482194,spring,15
2025-05-17 14:15:00+00:00,2025-05-17 14:30:00+00:00,124.16068685065355,0.6737880492802993,spring,15
2025-05-17 14:30:00+00:00,2025-05-17 14:45:00+00:00,125.76013475783242,0.7175151979262051,spring,15
2025-05-17 14:45:00+00:00,2025-05-17 15:00:00+00:00,128.27316711414196,0.7280822259447571,spring,15
2025-05-17 15:00:00+00:00,2025-05-17 15:15:00+00:00,129.16198074225517,0.722857295849974,spring,15
2025-05-17 15:15:00+00:00,2025-05-17 15:30:00+00:00,130.61530121731846,0.7421169435106777,spring,15
2025-05-17 15:30:00+00:00,2025-05-17 15:45:00+00:00,135.57542603458404,0.767444991819328,spring,15
2025-05-17 15:45:00+00:00,2025-05-17 16:00:00+00:00,153.8031363517537,0.8146180842973535,spring,15
2025-05-17 16:00:00+00:00,2025-05-17 16:15:00+00:00,176.87958356871613,0.8957253142942329,spring,15
2025-05-17 16:15:00+00:00,2025-05-17 16:30:00+00:00,197.96368992180268,0.9884904462431526,spring,15
2025-05-17 16:30:00+00:00,2025-05-17 16:45:00+00:00,209.90555673593414,0.9937005184615966,spring,15
2025-05-17 16:45:00+00:00,2025-05-17 17:00:00+00:00,219.17753277396457,1.0719536506672345,spring,15
2025-05-17 17:00:00+00:00,2025-05-17 17:15:00+00:00,244.04693824404217,1.0502656637727619,spring,15
2025-05-17 17:15:00+00:00,2025-05-17 17:30:00+00:00,251.4529535963033,1.0969126830747706,spring,15
2025-05-17 17:30:00+00:00,2025-05-17 17:45:00+00:00,259.034253833746,1.0722779184399736,spring,15
2025-05-17 17:45:00+00:00,2025-05-17 18:00:00+00:00,264.8549042352049,1.1437858150281976,spring,15
2025-05-17 18:00:00+00:00,2025-05-17 18:15:00+00:00,286.41976527305906,1.1865137027545398,spring,15
2025-05-17 18:15:00+00:00,2025-05-17 18:30:00+00:00,290.0365099628761,1.2647532651842013,spring,15
2025-05-17 18:30:00+00:00,2025-05-17 18:45:00+00:00,293.951503643143,1.2889079257916007,spring,15
2025-05-17 18:45:00+00:00,2025-05-17 19:00:00+00:00,294.00842479595036,1.2942646224185297,spring,15
2025-05-17 19:00:00+00:00,2025-05-17 19:15:00+00:00,290.24768837101334,1.361902157915117,spring,15
2025-05-17 19:15:00+00:00,2025-05-17 19:30:00+00:00,295.84390095265655,1.3179231064865604,spring,15
2025-05-17 19:30:00+00:00,2025-05-17 19:45:00+00:00,300.7025800560755,1.3036554532448874,spring,15
2025-05-17 19:45:00+00:00,2025-05-17 20:00:00+00:00,301.84275544180264,1.2971740896002621,spring,15
2025-05-17 20:00:00+00:00,2025-05-17 20:15:00+00:00,300.11769845800865,1.3704781318717718,spring,15
2025-05-17 20:15:00+00:00,2025-05-17 20:30:00+00:00,302.29147847883894,1.3163490431875562,spring,15
2025-05-17 20:30:00+00:00,2025-05-17 20:45:00+00:00,305.55702126110185,1.2956901714875348,spring,15
2025-05-17 20:45:00+00:00,2025-05-17 21:00:00+00:00,309.15136887110947,1.2561251098943615,spring,15
2025-05-17 21:00:00+00:00,2025-05-17 21:15:00+00:00,310.8875559218339,1.2965386338822964,spring,15
2025-05-17 21:15:00+00:00,2025-05-17 21:30:00+00:00,316.8978410217307,1.2740680651397487,spring,15
2025-05-17 21:30:00+00:00,2025-05-17 21:45:00+00:00,317.80604886353046,1.272468171921576,spring,15
2025-05-17 21:45:00+00:00,2025-05-17 22:00:00+00:00,317.27273750522465,1.2619895976863444,spring,15
2025-05-17 22:00:00+00:00,2025-05-17 22:15:00+00:00,318.0506764339519,1.243262345080454,spring,15
2025-05-17 22:15:00+00:00,2025-05-17 22:30:00+00:00,321.6801660807333,1.246919350824613,spring,15
2025-05-17 22:30:00+00:00,2025-05-17 22:45:00+00:00,327.35093222529343,1.2685637390491395,spring,15
2025-05-17 22:45:00+00:00,2025-05-17 23:00:00+00:00,330.9303877461333,1.2920537350255765,spring,15
2025-05-17 23:00:00+00:00,2025-05-17 23:15:00+00:00,337.45200423433903,1.333810272686376,spring,15
2025-05-17 23:15:00+00:00,2025-05-17 23:30:00+00:00,341.96120175810375,1.3612044138283013,spring,15
2025-05-17 23:30:00+00:00,2025-05-17 23:45:00+00:00,347.2214992295409,1.3665476769950462,spring,15
2025-05-17 23:45:00+00:00,2025-05-18 00:00:00+00:00,353.8170688261435,1.393429952408557,spring,15
2025-05-18 00:00:00+00:00,2025-05-18 00:15:00+00:00,358.2175450131796,1.4318263060372196,spring,15
2025-05-18 00:15:00+00:00,2025-05-18 00:30:00+00:00,359.7703298649028,1.4510521882277896,spring,15
2025-05-18 00:30:00+00:00,2025-05-18 00:45:00+00:00,362.84880826077506,1.4338368922314533,spring,15
2025-05-18 00:45:00+00:00,2025-05-18 01:00:00+00:00,364.63220147923954,1.4310541509294845,spring,15
2025-05-18 01:00:00+00:00,2025-05-18 01:15:00+00:00,359.74612061996066,1.4304469736199261,spring,15
2025-05-18 01:15:00+00:00,2025-05-18 01:30:00+00:00,356.6570250154965,1.4197836509078499,spring,15
2025-05-18 01:30:00+00:00,2025-05-18 01:45:00+00:00,355.8269291769747,1.4216885717283492,spring,15
2025-05-18 01:45:00+00:00,2025-05-18 02:00:00+00:00,353.7645551307757,1.4575110944324432,spring,15
2025-05-18 02:00:00+00:00,2025-05-18 02:15:00+00:00,350.7806709568001,1.4839710113864322,spring,15
2025-05-18 02:15:00+00:00,2025-05-18 02:30:00+00:00,348.0490278609734,1.4916367291809074,spring,15
2025-05-18 02:30:00+00:00,2025-05-18 02:45:00+00:00,347.81362214820683,1.4943052475591632,spring,15
2025-05-18 02:45:00+00:00,2025-05-18 03:00:00+00:00,344.7091503026277,1.4925388040852434,spring,15
2025-05-18 03:00:00+00:00,2025-05-18 03:15:00+00:00,340.0186369544153,1.4991431291279724,spring,15
2025-05-18 03:15:00+00:00,2025-05-18 03:30:00+00:00,336.04831531678195,1.494637038505856,spring,15
2025-05-18 03:30:00+00:00,2025-05-18 03:45:00+00:00,331.6894546961837,1.490904035127768,spring,15
2025-05-18 03:45:00+00:00,2025-05-18 04:00:00+00:00,324.94654535188874,1.4479462340683922,spring,15
2025-05-18 04:00:00+00:00,2025-05-18 04:15:00+00:00,312.07264913607514,1.4597386977145739,spring,15
2025-05-18 04:15:00+00:00,2025-05-18 04:30:00+00:00,301.42947041085773,1.3827299613403128,spring,15
2025-05-18 04:30:00+00:00,2025-05-18 04:45:00+00:00,299.11765990451306,1.3355858701194276,spring,15
2025-05-18 04:45:00+00:00,2025-05-18 05:00:00+00:00,293.18249114893507,1.3093235224908693,spring,15
2025-05-18 05:00:00+00:00,2025-05-18 05:15:00+00:00,274.93103054650464,1.3293705786158738,spring,15
2025-05-18 05:15:00+00:00,2025-05-18 05:30:00+00:00,268.660951401473,1.2957464009351096,spring,15
2025-05-18 05:30:00+00:00,2025-05-18 05:45:00+00:00,260.74257032298374,1.1727844136222594,spring,15
2025-05-18 05:45:00+00:00,2025-05-18 06:00:00+00:00,248.39917007065674,1.1125518164849482,spring,15
2025-05-18 06:00:00+00:00,2025-05-18 06:15:00+00:00,228.44627912233614,1.068114076058299,spring,15
2025-05-18 06:15:00+00:00,2025-05-18 06:30:00+00:00,212.07235076796587,0.9951331620750283,spring,15
2025-05-18 06:30:00+00:00,2025-05-18 06:45:00+00:00,191.58563788698672,0.9289315821886213,spring,15
2025-05-18 06:45:00+00:00,2025-05-18 07:00:00+00:00,172.72307453823404,0.8715049619209401,spring,15
2025-05-18 07:00:00+00:00,2025-05-18 07:15:00+00:00,155.0978174838506,0.865352936483944,spring,15
2025-05-18 07:15:00+00:00,2025-05-18 07:30:00+00:00,144.42350486847252,0.7819642303097873,spring,15
2025-05-18 07:30:00+00:00,2025-05-18 07:45:00+00:00,137.42183563369665,0.7799142295740249,spring,15
2025-05-18 07:45:00+00:00,2025-05-18 08:00:00+00:00,132.80639579396853,0.7350362717166075,spring,15
2025-05-18 08:00:00+00:00,2025-05-18 08:15:00+00:00,128.196185312779,0.719069223512133,spring,15
2025-05-18 08:15:00+00:00,2025-05-18 08:30:00+00:00,124.95609579565038,0.7156269954302421,spring,15
2025-05-18 08:30:00+00:00,2025-05-18 08:45:00+00:00,122.6295073397313,0.6781098140501953,spring,15
2025-05-18 08:45:00+00:00,2025-05-18 09:00:00+00:00,120.8700056837603,0.6856228036660911,spring,15
2025-05-18 09:00:00+00:00,2025-05-18 09:15:00+00:00,119.38586250932435,0.6724975101447064,spring,15
2025-05-18 09:15:00+00:00,2025-05-18 09:30:00+00:00,118.7489743752614,0.6663445278655354,spring,15
2025-05-18 09:30:00+00:00,2025-05-18 09:45:00+00:00,117.79428235328425,0.6319687618329439,spring,15
2025-05-18 09:45:00+00:00,2025-05-18 10:00:00+00:00,117.22209664601858,0.6314787187248906,spring,15
2025-05-18 10:00:00+00:00,2025-05-18 10:15:00+00:00,115.31205044960936,0.6502667911386573,spring,15
2025-05-18 10:15:00+00:00,2025-05-18 10:30:00+00:00,115.02290215085381,0.6350976472857843,spring,15
2025-05-18 10:30:00+00:00,2025-05-18 10:45:00+00:00,115.30768313942698,0.6286679437714195,spring,15
2025-05-18 10:45:00+00:00,2025-05-18 11:00:00+00:00,113.26038038029074,0.596552351784537,spring,15
2025-05-18 11:00:00+00:00,2025-05-18 11:15:00+00:00,113.05902619355307,0.6104244315020263,spring,15
2025-05-18 11:15:00+00:00,2025-05-18 11:30:00+00:00,113.49531864835669,0.6329187211524793,spring,15
2025-05-18 11:30:00+00:00,2025-05-18 11:45:00+00:00,114.26052486009972,0.6739055359808973,spring,15
2025-05-18 11:45:00+00:00,2025-05-18 12:00:00+00:00,115.10224412186872,0.6307428709635594,spring,15
2025-05-18 12:00:00+00:00,2025-05-18 12:15:00+00:00,116.51127779039372,0.6314660513175474,spring,15
2025-05-18 12:15:00+00:00,2025-05-18 12:30:00+00:00,117.76345540094403,0.6967635353528153,spring,15
2025-05-18 12:30:00+00:00,2025-05-18 12:45:00+00:00,118.65345560970067,0.7088372617462505,spring,15
2025-05-18 12:45:00+00:00,2025-05-18 13:00:00+00:00,119.42766303541734,0.7038373599658594,spring,15
2025-05-18 13:00:00+00:00,2025-05-18 13:15:00+00:00,121.64401780139849,0.7083858117527468,spring,15
2025-05-18 13:15:00+00:00,2025-05-18 13:30:00+00:00,123.19525664296853,0.7286730266037224,spring,15
2025-05-18 13:30:00+00:00,2025-05-18 13:45:00+00:00,125.05383503940938,0.7485767636835279,spring,15
2025-05-18 13:45:00+00:00,2025-05-18 14:00:00+00:00,126.99222563308432,0.7633228902404143,spring,15
2025-05-18 14:00:00+00:00,2025-05-18 14:15:00+00:00,127.11865131677379,0.742975194092367,spring,15
2025-05-18 14:15:00+00:00,2025-05-18 14:30:00+00:00,127.54790642361716,0.7096729421453665,spring,15
2025-05-18 14:30:00+00:00,2025-05-18 14:45:00+00:00,128.49258769141963,0.7065517893250413,spring,15
2025-05-18 14:45:00+00:00,2025-05-18 15:00:00+00:00,130.5397905237428,0.7391022331358296,spring,15
2025-05-18 15:00:00+00:00,2025-05-18 15:15:00+00:00,136.98700176023925,0.7400743108164799,spring,15
2025-05-18 15:15:00+00:00,2025-05-18 15:30:00+00:00,143.8718447450822,0.7466970261209733,spring,15
2025-05-18 15:30:00+00:00,2025-05-18 15:45:00+00:00,151.39031748897762,0.7739922270176178,spring,15
2025-05-18 15:45:00+00:00,2025-05-18 16:00:00+00:00,167.9795167279597,0.7995490859743024,spring,15
2025-05-18 16:00:00+00:00,2025-05-18 16:15:00+00:00,199.52849948030556,0.8811416348156957,spring,15
2025-05-18 16:15:00+00:00,2025-05-18 16:30:00+00:00,225.99066605343722,0.9480148798080994,spring,15
2025-05-18 16:30:00+00:00,2025-05-18 16:45:00+00:00,250.13833327228846,1.0782960996201834,spring,15
2025-05-18 16:45:00+00:00,2025-05-18 17:00:00+00:00,272.16146584495533,1.1100634913382017,spring,15
2025-05-18 17:00:00+00:00,2025-05-18 17:15:00+00:00,306.87457991520546,1.1479864941828644,spring,15
2025-05-18 17:15:00+00:00,2025-05-18 17:30:00+00:00,326.8234645839455,1.3058437278920556,spring,15
2025-05-18 17:30:00+00:00,2025-05-18 17:45:00+00:00,339.88087706151407,1.2991502212690356,spring,15
2025-05-18 17:45:00+00:00,2025-05-18 18:00:00+00:00,353.2160125002887,1.332069951857878,spring,15
2025-05-18 18:00:00+00:00,2025-05-18 18:15:00+00:00,377.4549263507078,1.3642960408873672,spring,15
2025-05-18 18:15:00+00:00,2025-05-18 18:30:00+00:00,382.74346602181794,1.4012253349722903,spring,15
2025-05-18 18:30:00+00:00,2025-05-18 18:45:00+00:00,386.2743960618678,1.4681133455605977,spring,15
2025-05-18 18:45:00+00:00,2025-05-18 19:00:00+00:00,387.9034552071146,1.4949448127926632,spring,15
2025-05-18 19:00:00+00:00,2025-05-18 19:15:00+00:00,397.31307526697043,1.4609777961436985,spring,15
2025-05-18 19:15:00+00:00,2025-05-18 19:30:00+00:00,399.5265677048281,1.4640690599180122,spring,15
2025-05-18 19:30:00+00:00,2025-05-18 19:45:00+00:00,404.0265490822068,1.482860382269725,spring,15
2025-05-18 19:45:00+00:00,2025-05-18 20:00:00+00:00,407.79724134837926,1.493479731444379,spring,15
2025-05-18 20:00:00+00:00,2025-05-18 20:15:00+00:00,388.8578794135622,1.5334554904569837,spring,15
2025-05-18 20:15:00+00:00,2025-05-18 20:30:00+00:00,395.37292947481694,1.5313822871742164,spring,15
2025-05-18 20:30:00+00:00,2025-05-18 20:45:00+00:00,402.20115478761795,1.5442345468192027,spring,15
2025-05-18 20:45:00+00:00,2025-05-18 21:00:00+00:00,412.5162063160755,1.4586455231196132,spring,15
2025-05-18 21:00:00+00:00,2025-05-18 21:15:00+00:00,404.2556466983826,1.500459406495,spring,15
2025-05-18 21:15:00+00:00,2025-05-18 21:30:00+00:00,416.8837800252988,1.4843402542422162,spring,15
2025-05-18 21:30:00+00:00,2025-05-18 21:45:00+00:00,426.18325177218975,1.4910347863000837,spring,15
2025-05-18 21:45:00+00:00,2025-05-18 22:00:00+00:00,430.1834590725015,1.4965790734568196,spring,15
2025-05-18 22:00:00+00:00,2025-05-18 22:15:00+00:00,438.85626010999204,1.534281529732132,spring,15
2025-05-18 22:15:00+00:00,2025-05-18 22:30:00+00:00,447.55701541664354,1.5060106773380264,spring,15
2025-05-18 22:30:00+00:00,2025-05-18 22:45:00+00:00,454.2821507755197,1.5100208794966974,spring,15
2025-05-18 22:45:00+00:00,2025-05-18 23:00:00+00:00,458.49916902984,1.5274457932879475,spring,15
2025-05-18 23:00:00+00:00,2025-05-18 23:15:00+00:00,457.2164573767194,1.5881420270690554,spring,15
2025-05-18 23:15:00+00:00,2025-05-18 23:30:00+00:00,462.61912039299375,1.6168738559389253,spring,15
2025-05-18 23:30:00+00:00,2025-05-18 23:45:00+00:00,469.42372253906285,1.6353897487010092,spring,15
2025-05-18 23:45:00+00:00,2025-05-19 00:00:00+00:00,473.1309157736921,1.6312338090448806,spring,15
2025-05-19 00:00:00+00:00,2025-05-19 00:15:00+00:00,471.19104133550957,1.6611202836678538,spring,15
2025-05-19 00:15:00+00:00,2025-05-19 00:30:00+00:00,475.05676182164984,1.618662626613483,spring,15
2025-05-19 00:30:00+00:00,2025-05-19 00:45:00+00:00,475.786738175325,1.5979506575044762,spring,15
2025-05-19 00:45:00+00:00,2025-05-19 01:00:00+00:00,472.5701015184998,1.5701951545215198,spring,15
2025-05-19 01:00:00+00:00,2025-05-19 01:15:00+00:00,471.91785149497593,1.586179999720361,spring,15
2025-05-19 01:15:00+00:00,2025-05-19 01:30:00+00:00,477.53036439759154,1.5710862476273117,spring,15
2025-05-19 01:30:00+00:00,2025-05-19 01:45:00+00:00,481.01210461692233,1.5843875011336357,spring,15
2025-05-19 01:45:00+00:00,2025-05-19 02:00:00+00:00,481.1286350239108,1.5854771848964584,spring,15
2025-05-19 02:00:00+00:00,2025-05-19 02:15:00+00:00,477.74354303288345,1.6256881235100806,spring,15
2025-05-19 02:15:00+00:00,2025-05-19 02:30:00+00:00,475.4605824848839,1.630933649125464,spring,15
2025-05-19 02:30:00+00:00,2025-05-19 02:45:00+00:00,467.206782981947,1.6570909463978611,spring,15
2025-05-19 02:45:00+00:00,2025-05-19 03:00:00+00:00,464.81943110962993,1.6456174362965066,spring,15
2025-05-19 03:00:00+00:00,2025-05-19 03:15:00+00:00,468.929539713904,1.5390884288898725,spring,15
2025-05-19 03:15:00+00:00,2025-05-19 03:30:00+00:00,465.67095175350596,1.5256277776288214,spring,15
2025-05-19 03:30:00+00:00,2025-05-19 03:45:00+00:00,456.5426769559893,1.5814478941986574,spring,15
2025-05-19 03:45:00+00:00,2025-05-19 04:00:00+00:00,439.88014519401014,1.5449797309475828,spring,15
2025-05-19 04:00:00+00:00,2025-05-19 04:15:00+00:00,413.04624617734726,1.467531226387349,spring,15
2025-05-19 04:15:00+00:00,2025-05-19 04:30:00+00:00,395.3287188557162,1.3873008391375579,spring,15
2025-05-19 04:30:00+00:00,2025-05-19 04:45:00+00:00,383.17753954864173,1.3084503713762712,spring,15
2025-05-19 04:45:00+00:00,2025-05-19 05:00:00+00:00,369.69228375435205,1.2642194991161573,spring,15
2025-05-19 05:00:00+00:00,2025-05-19 05:15:00+00:00,355.83412698878294,1.2737294782612494,spring,15
2025-05-19 05:15:00+00:00,2025-05-19 05:30:00+00:00,343.52959769620946,1.2269977451693093,spring,15
2025-05-19 05:30:00+00:00,2025-05-19 05:45:00+00:00,337.3974910208525,1.1273646246021012,spring,15
2025-05-19 05:45:00+00:00,2025-05-19 06:00:00+00:00,333.7086833092092,1.1004622857444313,spring,15
2025-05-19 06:00:00+00:00,2025-05-19 06:15:00+00:00,316.2335602927149,1.0654784114035056,spring,15
2025-05-19 06:15:00+00:00,2025-05-19 06:30:00+00:00,312.15981623414336,1.0206295768767732,spring,15
2025-05-19 06:30:00+00:00,2025-05-19 06:45:00+00:00,305.85107316912735,1.0038256081927563,spring,15
2025-05-19 06:45:00+00:00,2025-05-19 07:00:00+00:00,295.1995984222234,0.9713961014068065,spring,15
2025-05-19 07:00:00+00:00,2025-05-19 07:15:00+00:00,271.422435906683,0.8944420381680418,spring,15
2025-05-19 07:15:00+00:00,2025-05-19 07:30:00+00:00,256.1042671426784,0.8497838271222569,spring,15
2025-05-19 07:30:00+00:00,2025-05-19 07:45:00+00:00,242.95701204960628,0.8291982035039751,spring,15
2025-05-19 07:45:00+00:00,2025-05-19 08:00:00+00:00,228.266986407527,0.7966273099491356,spring,15
2025-05-19 08:00:00+00:00,2025-05-19 08:15:00+00:00,210.96652727698438,0.7778300857894551,spring,15
2025-05-19 08:15:00+00:00,2025-05-19 08:30:00+00:00,199.9951371911925,0.7246501060211401,spring,15
2025-05-19 08:30:00+00:00,2025-05-19 08:45:00+00:00,187.57165795050363,0.7028413972343563,spring,15
2025-05-19 08:45:00+00:00,2025-05-19 09:00:00+00:00,174.71973227346498,0.6813433641392552,spring,15
2025-05-19 09:00:00+00:00,2025-05-19 09:15:00+00:00,167.57571422107867,0.6643592672916726,spring,15
2025-05-19 09:15:00+00:00,2025-05-19 09:30:00+00:00,162.01955884420093,0.6486316978652097,spring,15
2025-05-19 09:30:00+00:00,2025-05-19 09:45:00+00:00,155.54017847736114,0.6399071308702359,spring,15
2025-05-19 09:45:00+00:00,2025-05-19 10:00:00+00:00,153.28922405241838,0.6363246107847857,spring,15
2025-05-19 10:00:00+00:00,2025-05-19 10:15:00+00:00,153.37525696477232,0.6262101950956799,spring,15
2025-05-19 10:15:00+00:00,2025-05-19 10:30:00+00:00,153.84731716081166,0.6616372229835878,spring,15
2025-05-19 10:30:00+00:00,2025-05-19 10:45:00+00:00,153.69567041976228,0.6560519754561979,spring,15
2025-05-19 10:45:00+00:00,2025-05-19 11:00:00+00:00,153.8043877594281,0.6418470525062978,spring,15
2025-05-19 11:00:00+00:00,2025-05-19 11:15:00+00:00,154.09296648481074,0.6514130495824613,spring,15
2025-05-19 11:15:00+00:00,2025-05-19 11:30:00+00:00,154.9885459793523,0.6471977206520431,spring,15
2025-05-19 11:30:00+00:00,2025-05-19 11:45:00+00:00,157.24937471822878,0.6615061793577778,spring,15
2025-05-19 11:45:00+00:00,2025-05-19 12:00:00+00:00,159.23041890567822,0.6788246736874036,spring,15
2025-05-19 12:00:00+00:00,2025-05-19 12:15:00+00:00,166.039343354802,0.6932223745545333,spring,15
2025-05-19 12:15:00+00:00,2025-05-19 12:30:00+00:00,166.1834693020354,0.6977415151246307,spring,15
2025-05-19 12:30:00+00:00,2025-05-19 12:45:00+00:00,170.20111733166814,0.7128857347406979,spring,15
2025-05-19 12:45:00+00:00,2025-05-19 13:00:00+00:00,175.1500669610113,0.7145396245699027,spring,15
2025-05-19 13:00:00+00:00,2025-05-19 13:15:00+00:00,183.46990176514026,0.7276544017970575,spring,15
2025-05-19 13:15:00+00:00,2025-05-19 13:30:00+00:00,190.76777684085414,0.7386902292340416,spring,15
2025-05-19 13:30:00+00:00,2025-05-19 13:45:00+00:00,198.3107005744324,0.7530553533510473,spring,15
2025-05-19 13:45:00+00:00,2025-05-19 14:00:00+00:00,212.20722167619098,0.7859733562841544,spring,15
2025-05-19 14:00:00+00:00,2025-05-19 14:15:00+00:00,215.8026496325592,0.799388007606973,spring,15
2025-05-19 14:15:00+00:00,2025-05-19 14:30:00+00:00,226.9098759177187,0.8033013172128484,spring,15
2025-05-19 14:30:00+00:00,2025-05-19 14:45:00+00:00,242.06347285105844,0.8193922990172784,spring,15
2025-05-19 14:45:00+00:00,2025-05-19 15:00:00+00:00,257.95781415050874,0.8735769264663028,spring,15
2025-05-19 15:00:00+00:00,2025-05-19 15:15:00+00:00,281.6165864476102,0.9172091293858547,spring,15
2025-05-19 15:15:00+00:00,2025-05-19 15:30:00+00:00,300.92810036945946,0.9660979226965741,spring,15
2025-05-19 15:30:00+00:00,2025-05-19 15:45:00+00:00,317.59791981896603,1.0176481302329374,spring,15
2025-05-19 15:45:00+00:00,2025-05-19 16:00:00+00:00,333.59032333578796,1.089812398145014,spring,15
2025-05-19 16:00:00+00:00,2025-05-19 16:15:00+00:00,357.6252940459155,1.1133512445877458,spring,15
2025-05-19 16:15:00+00:00,2025-05-19 16:30:00+00:00,372.9716109202552,1.1819610600526913,spring,15
2025-05-19 16:30:00+00:00,2025-05-19 16:45:00+00:00,384.10877043455145,1.2581655098352276,spring,15
2025-05-19 16:45:00+00:00,2025-05-19 17:00:00+00:00,395.4021867503056,1.3039995966634692,spring,15
2025-05-19 17:00:00+00:00,2025-05-19 17:15:00+00:00,413.19727290727707,1.3842372467397916,spring,15
2025-05-19 17:15:00+00:00,2025-05-19 17:30:00+00:00,417.06629227250806,1.4491500019945032,spring,15
2025-05-19 17:30:00+00:00,2025-05-19 17:45:00+00:00,428.6448975719837,1.4680490243801647,spring,15
2025-05-19 17:45:00+00:00,2025-05-19 18:00:00+00:00,440.6695143060285,1.5132047649384774,spring,15
2025-05-19 18:00:00+00:00,2025-05-19 18:15:00+00:00,456.81720739013656,1.5406238130580312,spring,15
2025-05-19 18:15:00+00:00,2025-05-19 18:30:00+00:00,466.58432137910984,1.5718780004514086,spring,15
2025-05-19 18:30:00+00:00,2025-05-19 18:45:00+00:00,472.20174540140516,1.5970093125468137,spring,15
2025-05-19 18:45:00+00:00,2025-05-19 19:00:00+00:00,473.444789224734,1.601620180868847,spring,15
2025-05-19 19:00:00+00:00,2025-05-19 19:15:00+00:00,471.88037462474216,1.5920230153554678,spring,15
2025-05-19 19:15:00+00:00,2025-05-19 19:30:00+00:00,472.93355381176315,1.555720616475726,spring,15
2025-05-19 19:30:00+00:00,2025-05-19 19:45:00+00:00,472.609158923993,1.5609660346487275,spring,15
2025-05-19 19:45:00+00:00,2025-05-19 20:00:00+00:00,475.99015547272546,1.5747914817718214,spring,15
2025-05-19 20:00:00+00:00,2025-05-19 20:15:00+00:00,476.16023845087074,1.5949970769957322,spring,15
2025-05-19 20:15:00+00:00,2025-05-19 20:30:00+00:00,480.9881897373473,1.5715936121897656,spring,15
2025-05-19 20:30:00+00:00,2025-05-19 20:45:00+00:00,486.8794778335527,1.5852564105864233,spring,15
2025-05-19 20:45:00+00:00,2025-05-19 21:00:00+00:00,496.8883877434446,1.6282213523368456,spring,15
2025-05-19 21:00:00+00:00,2025-05-19 21:15:00+00:00,491.34587224025006,1.6384396010188809,spring,15
2025-05-19 21:15:00+00:00,2025-05-19 21:30:00+00:00,495.15258456194897,1.5987827666754169,spring,15
2025-05-19 21:30:00+00:00,2025-05-19 21:45:00+00:00,506.0657707646001,1.585418603739235,spring,15
2025-05-19 21:45:00+00:00,2025-05-19 22:00:00+00:00,513.1575679777263,1.5839950180366393,spring,15
2025-05-19 22:00:00+00:00,2025-05-19 22:15:00+00:00,516.3992417116258,1.6110263315833675,spring,15
2025-05-19 22:15:00+00:00,2025-05-19 22:30:00+00:00,523.5682095182359,1.6699075610633598,spring,15
2025-05-19 22:30:00+00:00,2025-05-19 22:45:00+00:00,533.3348003179484,1.6769703293791038,spring,15
2025-05-19 22:45:00+00:00,2025-05-19 23:00:00+00:00,536.63644993017,1.7080540484158229,spring,15
2025-05-19 23:00:00+00:00,2025-05-19 23:15:00+00:00,537.5821968328976,1.6918598095048238,spring,15
2025-05-19 23:15:00+00:00,2025-05-19 23:30:00+00:00,538.0831437496632,1.6875992908154653,spring,15
2025-05-19 23:30:00+00:00,2025-05-19 23:45:00+00:00,539.1848827654474,1.6801066101831863,spring,15
2025-05-19 23:45:00+00:00,2025-05-20 00:00:00+00:00,544.0736838730709,1.6999050848219348,spring,15
2025-05-20 00:00:00+00:00,2025-05-20 00:15:00+00:00,543.915058396187,1.6717046772812134,spring,15
2025-05-20 00:15:00+00:00,2025-05-20 00:30:00+00:00,548.0772335508905,1.674480397139776,spring,15
2025-05-20 00:30:00+00:00,2025-05-20 00:45:00+00:00,548.9547786347443,1.7063406291148813,spring,15
2025-05-20 00:45:00+00:00,2025-05-20 01:00:00+00:00,552.362590120718,1.7118980506408104,spring,15
2025-05-20 01:00:00+00:00,2025-05-20 01:15:00+00:00,553.792643657533,1.7289742205986969,spring,15
2025-05-20 01:15:00+00:00,2025-05-20 01:30:00+00:00,557.0398330848124,1.7250154615841806,spring,15
2025-05-20 01:30:00+00:00,2025-05-20 01:45:00+00:00,556.2521328275702,1.7380458168269222,spring,15
2025-05-20 01:45:00+00:00,2025-05-20 02:00:00+00:00,555.9660530449381,1.738698452988156,spring,15
2025-05-20 02:00:00+00:00,2025-05-20 02:15:00+00:00,556.1426966866351,1.7350919393508935,spring,15
2025-05-20 02:15:00+00:00,2025-05-20 02:30:00+00:00,556.5594859581696,1.7397959223212118,spring,15
2025-05-20 02:30:00+00:00,2025-05-20 02:45:00+00:00,557.2837136709186,1.7389387377082173,spring,15
2025-05-20 02:45:00+00:00,2025-05-20 03:00:00+00:00,559.8368696988217,1.710327260850546,spring,15
2025-05-20 03:00:00+00:00,2025-05-20 03:15:00+00:00,551.1359772453553,1.664594226202969,spring,15
2025-05-20 03:15:00+00:00,2025-05-20 03:30:00+00:00,551.3119207432684,1.692797323019015,spring,15
2025-05-20 03:30:00+00:00,2025-05-20 03:45:00+00:00,542.1419811773753,1.7162321886002492,spring,15
2025-05-20 03:45:00+00:00,2025-05-20 04:00:00+00:00,526.7920696386201,1.6713282182273421,spring,15
2025-05-20 04:00:00+00:00,2025-05-20 04:15:00+00:00,494.38698497700403,1.598193076643478,spring,15
2025-05-20 04:15:00+00:00,2025-05-20 04:30:00+00:00,472.3426762398902,1.5507530274280177,spring,15
2025-05-20 04:30:00+00:00,2025-05-20 04:45:00+00:00,459.1520241577564,1.469057603587457,spring,15
2025-05-20 04:45:00+00:00,2025-05-20 05:00:00+00:00,443.850253093181,1.3994270091788943,spring,15
2025-05-20 05:00:00+00:00,2025-05-20 05:15:00+00:00,424.08468161869814,1.3853509944039242,spring,15
2025-05-20 05:15:00+00:00,2025-05-20 05:30:00+00:00,411.89666196263096,1.2689228042545047,spring,15
2025-05-20 05:30:00+00:00,2025-05-20 05:45:00+00:00,400.1965194854087,1.2519717353776283,spring,15
2025-05-20 05:45:00+00:00,2025-05-20 06:00:00+00:00,379.98091892339323,1.1840138698696505,spring,15
2025-05-20 06:00:00+00:00,2025-05-20 06:15:00+00:00,356.1839695696657,1.226140645223764,spring,15
2025-05-20 06:15:00+00:00,2025-05-20 06:30:00+00:00,336.70780869664276,1.2110363115033895,spring,15
2025-05-20 06:30:00+00:00,2025-05-20 06:45:00+00:00,322.9211784236566,1.1489358928377065,spring,15
2025-05-20 06:45:00+00:00,2025-05-20 07:00:00+00:00,297.1195406510726,1.0350381049416106,spring,15
2025-05-20 07:00:00+00:00,2025-05-20 07:15:00+00:00,269.2295928162043,1.020637393771478,spring,15
2025-05-20 07:15:00+00:00,2025-05-20 07:30:00+00:00,246.1046288669242,0.9396088534497629,spring,15
2025-05-20 07:30:00+00:00,2025-05-20 07:45:00+00:00,229.06242327071757,0.8322196530490934,spring,15
2025-05-20 07:45:00+00:00,2025-05-20 08:00:00+00:00,208.84232804797495,0.7993670267818325,spring,15
2025-05-20 08:00:00+00:00,2025-05-20 08:15:00+00:00,186.62279855947847,0.866149357386308,spring,15
2025-05-20 08:15:00+00:00,2025-05-20 08:30:00+00:00,171.34107040587983,0.7451131211427721,spring,15
2025-05-20 08:30:00+00:00,2025-05-20 08:45:00+00:00,159.10715757489993,0.6973746804660909,spring,15
2025-05-20 08:45:00+00:00,2025-05-20 09:00:00+00:00,155.0581353255781,0.673838893402037,spring,15
2025-05-20 09:00:00+00:00,2025-05-20 09:15:00+00:00,154.13558441003326,0.6959007747217745,spring,15
2025-05-20 09:15:00+00:00,2025-05-20 09:30:00+00:00,153.4905237303717,0.707991450954686,spring,15
2025-05-20 09:30:00+00:00,2025-05-20 09:45:00+00:00,152.60810391718545,0.7140916777823607,spring,15
2025-05-20 09:45:00+00:00,2025-05-20 10:00:00+00:00,152.3490221200669,0.6889612207921068,spring,15
2025-05-20 10:00:00+00:00,2025-05-20 10:15:00+00:00,154.43639302691028,0.6957816027738274,spring,15
2025-05-20 10:15:00+00:00,2025-05-20 10:30:00+00:00,154.0086015363793,0.7230381073042198,spring,15
2025-05-20 10:30:00+00:00,2025-05-20 10:45:00+00:00,152.58874743019805,0.6734512885669485,spring,15
2025-05-20 10:45:00+00:00,2025-05-20 11:00:00+00:00,151.31978010778644,0.6713893007630707,spring,15
2025-05-20 11:00:00+00:00,2025-05-20 11:15:00+00:00,151.11210354349828,0.6787484059745328,spring,15
2025-05-20 11:15:00+00:00,2025-05-20 11:30:00+00:00,151.6293551214061,0.6918889764593732,spring,15
2025-05-20 11:30:00+00:00,2025-05-20 11:45:00+00:00,151.2887826340079,0.661670871463028,spring,15
2025-05-20 11:45:00+00:00,2025-05-20 12:00:00+00:00,150.79313572184438,0.657637792605436,spring,15
2025-05-20 12:00:00+00:00,2025-05-20 12:15:00+00:00,150.7580937285943,0.6836431964443117,spring,15
2025-05-20 12:15:00+00:00,2025-05-20 12:30:00+00:00,153.06996800858482,0.6713923575610126,spring,15
2025-05-20 12:30:00+00:00,2025-05-20 12:45:00+00:00,154.62643635122996,0.6794150807270894,spring,15
2025-05-20 12:45:00+00:00,2025-05-20 13:00:00+00:00,154.77648636774984,0.6824117991108226,spring,15
2025-05-20 13:00:00+00:00,2025-05-20 13:15:00+00:00,154.81957023301277,0.7237425444604354,spring,15
2025-05-20 13:15:00+00:00,2025-05-20 13:30:00+00:00,155.5381063534555,0.7014007166856079,spring,15
2025-05-20 13:30:00+00:00,2025-05-20 13:45:00+00:00,160.7727240410043,0.7146737094661101,spring,15
2025-05-20 13:45:00+00:00,2025-05-20 14:00:00+00:00,164.99295166354318,0.7323547596828702,spring,15
2025-05-20 14:00:00+00:00,2025-05-20 14:15:00+00:00,168.51400133509318,0.7388331005000107,spring,15
2025-05-20 14:15:00+00:00,2025-05-20 14:30:00+00:00,177.2318453205069,0.7551105397993018,spring,15
2025-05-20 14:30:00+00:00,2025-05-20 14:45:00+00:00,191.39893109986474,0.796781634378942,spring,15
2025-05-20 14:45:00+00:00,2025-05-20 15:00:00+00:00,206.38156047055097,0.8111654243774589,spring,15
2025-05-20 15:00:00+00:00,2025-05-20 15:15:00+00:00,221.7047050531179,0.8697861908166925,spring,15
2025-05-20 15:15:00+00:00,2025-05-20 15:30:00+00:00,237.1898289848678,0.9061915732794797,spring,15
2025-05-20 15:30:00+00:00,2025-05-20 15:45:00+00:00,256.48929592246304,0.9598021736611365,spring,15
2025-05-20 15:45:00+00:00,2025-05-20 16:00:00+00:00,277.58760313274496,0.9958618389339988,spring,15
2025-05-20 16:00:00+00:00,2025-05-20 16:15:00+00:00,302.35217988634207,0.9938918208849066,spring,15
2025-05-20 16:15:00+00:00,2025-05-20 16:30:00+00:00,314.89753239942956,1.0599129584287723,spring,15
2025-05-20 16:30:00+00:00,2025-05-20 16:45:00+00:00,324.62436081934857,1.0786504526160583,spring,15
2025-05-20 16:45:00+00:00,2025-05-20 17:00:00+00:00,327.83348295697806,1.0853706808260823,spring,15
2025-05-20 17:00:00+00:00,2025-05-20 17:15:00+00:00,350.368680388247,1.1437428759274095,spring,15
2025-05-20 17:15:00+00:00,2025-05-20 17:30:00+00:00,352.9788666304644,1.2017373317415883,spring,15
2025-05-20 17:30:00+00:00,2025-05-20 17:45:00+00:00,354.01677108030214,1.185040644933917,spring,15
2025-05-20 17:45:00+00:00,2025-05-20 18:00:00+00:00,361.3380924478668,1.244294539721751,spring,15
2025-05-20 18:00:00+00:00,2025-05-20 18:15:00+00:00,374.0651104908976,1.2752574911073475,spring,15
2025-05-20 18:15:00+00:00,2025-05-20 18:30:00+00:00,377.3122001395778,1.2924147270299817,spring,15
2025-05-20 18:30:00+00:00,2025-05-20 18:45:00+00:00,381.66563638624046,1.3212973531643504,spring,15
2025-05-20 18:45:00+00:00,2025-05-20 19:00:00+00:00,382.66859252171525,1.3566456377509992,spring,15
2025-05-20 19:00:00+00:00,2025-05-20 19:15:00+00:00,382.4112059429967,1.3621254165440908,spring,15
2025-05-20 19:15:00+00:00,2025-05-20 19:30:00+00:00,379.41729260156296,1.3659033875813995,spring,15
2025-05-20 19:30:00+00:00,2025-05-20 19:45:00+00:00,380.56448926436656,1.4149853880965222,spring,15
2025-05-20 19:45:00+00:00,2025-05-20 20:00:00+00:00,385.0399764024168,1.381186712358988,spring,15
2025-05-20 20:00:00+00:00,2025-05-20 20:15:00+00:00,379.87069661619546,1.3987629119975156,spring,15
2025-05-20 20:15:00+00:00,2025-05-20 20:30:00+00:00,383.5509990870967,1.3712882746575719,spring,15
2025-05-20 20:30:00+00:00,2025-05-20 20:45:00+00:00,390.51276938605304,1.32638730979102,spring,15
2025-05-20 20:45:00+00:00,2025-05-20 21:00:00+00:00,395.5657294800139,1.3010414617758663,spring,15
2025-05-20 21:00:00+00:00,2025-05-20 21:15:00+00:00,392.29338025675395,1.3352344479030418,spring,15
2025-05-20 21:15:00+00:00,2025-05-20 21:30:00+00:00,402.12645556449996,1.3854903121734803,spring,15
2025-05-20 21:30:00+00:00,2025-05-20 21:45:00+00:00,410.48906158748144,1.3966598996481514,spring,15
2025-05-20 21:45:00+00:00,2025-05-20 22:00:00+00:00,415.8665468931403,1.3613183361506098,spring,15
2025-05-20 22:00:00+00:00,2025-05-20 22:15:00+00:00,415.72046577287364,1.3770996392091104,spring,15
2025-05-20 22:15:00+00:00,2025-05-20 22:30:00+00:00,409.6195236372578,1.358755773454289,spring,15
2025-05-20 22:30:00+00:00,2025-05-20 22:45:00+00:00,402.07563672463465,1.4139407998884184,spring,15
2025-05-20 22:45:00+00:00,2025-05-20 23:00:00+00:00,400.95381336552686,1.4054748505279493,spring,15
2025-05-20 23:00:00+00:00,2025-05-20 23:15:00+00:00,391.6905250865014,1.4132015128224438,spring,15
2025-05-20 23:15:00+00:00,2025-05-20 23:30:00+00:00,390.6648062703177,1.3602636720956331,spring,15
2025-05-20 23:30:00+00:00,2025-05-20 23:45:00+00:00,385.962131912509,1.3442014901908774,spring,15
2025-05-20 23:45:00+00:00,2025-05-21 00:00:00+00:00,382.3862928783311,1.3156503260097503,spring,15
2025-05-21 00:00:00+00:00,2025-05-21 00:15:00+00:00,383.543801265801,1.2915754429026365,spring,15
2025-05-21 00:15:00+00:00,2025-05-21 00:30:00+00:00,382.6708074610755,1.2924176617705936,spring,15
2025-05-21 00:30:00+00:00,2025-05-21 00:45:00+00:00,381.72698496793834,1.2932231183120262,spring,15
2025-05-21 00:45:00+00:00,2025-05-21 01:00:00+00:00,379.4277899727681,1.2875312430994506,spring,15
2025-05-21 01:00:00+00:00,2025-05-21 01:15:00+00:00,374.31216508219245,1.3190555718559842,spring,15
2025-05-21 01:15:00+00:00,2025-05-21 01:30:00+00:00,370.2918749060379,1.300744107798061,spring,15
2025-05-21 01:30:00+00:00,2025-05-21 01:45:00+00:00,368.609974662036,1.2962306841933786,spring,15
2025-05-21 01:45:00+00:00,2025-05-21 02:00:00+00:00,372.5846116182891,1.2690008569116267,spring,15
2025-05-21 02:00:00+00:00,2025-05-21 02:15:00+00:00,371.2942422089761,1.2947885999224218,spring,15
2025-05-21 02:15:00+00:00,2025-05-21 02:30:00+00:00,371.0415364009096,1.31267518892465,spring,15
2025-05-21 02:30:00+00:00,2025-05-21 02:45:00+00:00,372.62642203484523,1.3108734064435714,spring,15
2025-05-21 02:45:00+00:00,2025-05-21 03:00:00+00:00,369.6837979439698,1.3243458358040965,spring,15
2025-05-21 03:00:00+00:00,2025-05-21 03:15:00+00:00,371.9256472050487,1.2462335467122283,spring,15
2025-05-21 03:15:00+00:00,2025-05-21 03:30:00+00:00,369.95821995936444,1.276801468081258,spring,15
2025-05-21 03:30:00+00:00,2025-05-21 03:45:00+00:00,365.16625145317795,1.3038592651511245,spring,15
2025-05-21 03:45:00+00:00,2025-05-21 04:00:00+00:00,358.8917110438646,1.272636840865736,spring,15
2025-05-21 04:00:00+00:00,2025-05-21 04:15:00+00:00,339.4701372541882,1.1757039203908604,spring,15
2025-05-21 04:15:00+00:00,2025-05-21 04:30:00+00:00,331.82871208939764,1.155743210298524,spring,15
2025-05-21 04:30:00+00:00,2025-05-21 04:45:00+00:00,327.7184809787739,1.111884925026164,spring,15
2025-05-21 04:45:00+00:00,2025-05-21 05:00:00+00:00,320.11833362457594,1.0807149774057472,spring,15
2025-05-21 05:00:00+00:00,2025-05-21 05:15:00+00:00,308.75649319035074,1.0673063207916438,spring,15
2025-05-21 05:15:00+00:00,2025-05-21 05:30:00+00:00,303.4648428395212,1.0389065037999072,spring,15
2025-05-21 05:30:00+00:00,2025-05-21 05:45:00+00:00,301.2625663133038,0.9958387478946921,spring,15
2025-05-21 05:45:00+00:00,2025-05-21 06:00:00+00:00,292.3211668990795,0.9868235945743631,spring,15
2025-05-21 06:00:00+00:00,2025-05-21 06:15:00+00:00,271.41790964556776,0.944956240769073,spring,15
2025-05-21 06:15:00+00:00,2025-05-21 06:30:00+00:00,262.50011100523693,0.8973883031778968,spring,15
2025-05-21 06:30:00+00:00,2025-05-21 06:45:00+00:00,253.35643203090896,0.8993863814395072,spring,15
2025-05-21 06:45:00+00:00,2025-05-21 07:00:00+00:00,239.5669240001134,0.8566877368118425,spring,15
2025-05-21 07:00:00+00:00,2025-05-21 07:15:00+00:00,220.13950446277107,0.8187298161681834,spring,15
2025-05-21 07:15:00+00:00,2025-05-21 07:30:00+00:00,208.15531121366186,0.7801198896627317,spring,15
2025-05-21 07:30:00+00:00,2025-05-21 07:45:00+00:00,196.76416381526514,0.7353121226253517,spring,15
2025-05-21 07:45:00+00:00,2025-05-21 08:00:00+00:00,191.29041386011872,0.699694629543287,spring,15
2025-05-21 08:00:00+00:00,2025-05-21 08:15:00+00:00,180.86757991375848,0.680684810771083,spring,15
2025-05-21 08:15:00+00:00,2025-05-21 08:30:00+00:00,174.55501218881335,0.6578945450795132,spring,15
2025-05-21 08:30:00+00:00,2025-05-21 08:45:00+00:00,168.44962473893364,0.6493157786960427,spring,15
2025-05-21 08:45:00+00:00,2025-05-21 09:00:00+00:00,162.2267271066237,0.6363417918591071,spring,15
2025-05-21 09:00:00+00:00,2025-05-21 09:15:00+00:00,162.7125016802688,0.6202659339114518,spring,15
2025-05-21 09:15:00+00:00,2025-05-21 09:30:00+00:00,158.65268644284922,0.6051642112564387,spring,15
2025-05-21 09:30:00+00:00,2025-05-21 09:45:00+00:00,156.7730856002826,0.6102576046139843,spring,15
2025-05-21 09:45:00+00:00,2025-05-21 10:00:00+00:00,154.75837702152472,0.6121073473129833,spring,15
2025-05-21 10:00:00+00:00,2025-05-21 10:15:00+00:00,149.00901205009106,0.5832371568906386,spring,15
2025-05-21 10:15:00+00:00,2025-05-21 10:30:00+00:00,146.88973916831773,0.5789170046117185,spring,15
2025-05-21 10:30:00+00:00,2025-05-21 10:45:00+00:00,147.67785557254592,0.5852382165087703,spring,15
2025-05-21 10:45:00+00:00,2025-05-21 11:00:00+00:00,148.7612738550775,0.5865973037406054,spring,15
2025-05-21 11:00:00+00:00,2025-05-21 11:15:00+00:00,147.40644550210257,0.5797220796984982,spring,15
2025-05-21 11:15:00+00:00,2025-05-21 11:30:00+00:00,148.0975894890144,0.5765567731444544,spring,15
2025-05-21 11:30:00+00:00,2025-05-21 11:45:00+00:00,148.25861317610156,0.5726586981455637,spring,15
2025-05-21 11:45:00+00:00,2025-05-21 12:00:00+00:00,150.19088772376847,0.5809658392222039,spring,15
2025-05-21 12:00:00+00:00,2025-05-21 12:15:00+00:00,152.99307196523915,0.5995698573061535,spring,15
2025-05-21 12:15:00+00:00,2025-05-21 12:30:00+00:00,155.03989326821318,0.5921394169499491,spring,15
2025-05-21 12:30:00+00:00,2025-05-21 12:45:00+00:00,157.0320360431834,0.599523462347375,spring,15
2025-05-21 12:45:00+00:00,2025-05-21 13:00:00+00:00,160.19800440098365,0.607624496640665,spring,15
2025-05-21 13:00:00+00:00,2025-05-21 13:15:00+00:00,159.87186268492925,0.6190193999458438,spring,15
2025-05-21 13:15:00+00:00,2025-05-21 13:30:00+00:00,161.24002051563414,0.6152560886956007,spring,15
2025-05-21 13:30:00+00:00,2025-05-21 13:45:00+00:00,162.4496136083647,0.6270099824511376,spring,15
2025-05-21 13:45:00+00:00,2025-05-21 14:00:00+00:00,164.19478541093542,0.6197803997606556,spring,15
2025-05-21 14:00:00+00:00,2025-05-21 14:15:00+00:00,170.26049515353202,0.6342956650608249,spring,15
2025-05-21 14:15:00+00:00,2025-05-21 14:30:00+00:00,170.2767906805271,0.6590011493507166,spring,15
2025-05-21 14:30:00+00:00,2025-05-21 14:45:00+00:00,171.05027617928002,0.6541121314309866,spring,15
2025-05-21 14:45:00+00:00,2025-05-21 15:00:00+00:00,173.32264715892913,0.6947278327542173,spring,15
2025-05-21 15:00:00+00:00,2025-05-21 15:15:00+00:00,180.62813978300792,0.6943120096307273,spring,15
2025-05-21 15:15:00+00:00,2025-05-21 15:30:00+00:00,184.84803884204737,0.7544968908251608,spring,15
2025-05-21 15:30:00+00:00,2025-05-21 15:45:00+00:00,189.89381643102615,0.7862700070657538,spring,15
2025-05-21 15:45:00+00:00,2025-05-21 16:00:00+00:00,204.98569114254906,0.8197867347834853,spring,15
2025-05-21 16:00:00+00:00,2025-05-21 16:15:00+00:00,221.40399547768973,0.8045731031830603,spring,15
2025-05-21 16:15:00+00:00,2025-05-21 16:30:00+00:00,234.5443567228108,0.8765921981363981,spring,15
2025-05-21 16:30:00+00:00,2025-05-21 16:45:00+00:00,238.12255801375113,0.8928874539167035,spring,15
2025-05-21 16:45:00+00:00,2025-05-21 17:00:00+00:00,241.69184305413785,0.904722088089836,spring,15
2025-05-21 17:00:00+00:00,2025-05-21 17:15:00+00:00,256.9520671237704,0.8983336056982872,spring,15
2025-05-21 17:15:00+00:00,2025-05-21 17:30:00+00:00,256.26333273476877,0.953298205313035,spring,15
2025-05-21 17:30:00+00:00,2025-05-21 17:45:00+00:00,255.1610105268406,0.9755947978267364,spring,15
2025-05-21 17:45:00+00:00,2025-05-21 18:00:00+00:00,256.7516054003531,0.9899219033468984,spring,15
2025-05-21 18:00:00+00:00,2025-05-21 18:15:00+00:00,263.4616372402377,1.0072873536835953,spring,15
2025-05-21 18:15:00+00:00,2025-05-21 18:30:00+00:00,263.3030457589309,1.019232294186345,spring,15
2025-05-21 18:30:00+00:00,2025-05-21 18:45:00+00:00,267.3995305563684,1.0248776026107924,spring,15
2025-05-21 18:45:00+00:00,2025-05-21 19:00:00+00:00,267.8137760839071,1.0439169111266688,spring,15
2025-05-21 19:00:00+00:00,2025-05-21 19:15:00+00:00,261.9118251264704,1.0344451696977592,spring,15
2025-05-21 19:15:00+00:00,2025-05-21 19:30:00+00:00,266.1839173483751,1.024985839361051,spring,15
2025-05-21 19:30:00+00:00,2025-05-21 19:45:00+00:00,273.69220612688383,1.020277132924682,spring,15
2025-05-21 19:45:00+00:00,2025-05-21 20:00:00+00:00,281.54113589704315,1.024163786265092,spring,15
2025-05-21 20:00:00+00:00,2025-05-21 20:15:00+00:00,279.33423945015124,1.0717047435189635,spring,15
2025-05-21 20:15:00+00:00,2025-05-21 20:30:00+00:00,283.7174434533539,1.0295481302367615,spring,15
2025-05-21 20:30:00+00:00,2025-05-21 20:45:00+00:00,287.5288405059059,1.0391390741499207,spring,15
2025-05-21 20:45:00+00:00,2025-05-21 21:00:00+00:00,288.5145822915361,1.0296892618503626,spring,15
2025-05-21 21:00:00+00:00,2025-05-21 21:15:00+00:00,277.16472218765057,1.0094903786070342,spring,15
2025-05-21 21:15:00+00:00,2025-05-21 21:30:00+00:00,279.48820656480103,1.0310142005985947,spring,15
2025-05-21 21:30:00+00:00,2025-05-21 21:45:00+00:00,280.4167647429205,1.055171225231634,spring,15
2025-05-21 21:45:00+00:00,2025-05-21 22:00:00+00:00,282.41126576021503,1.0422294927607365,spring,15
2025-05-21 22:00:00+00:00,2025-05-21 22:15:00+00:00,296.4304358135834,1.126780519176543,spring,15
2025-05-21 22:15:00+00:00,2025-05-21 22:30:00+00:00,300.4579013410402,1.095514687055645,spring,15
2025-05-21 22:30:00+00:00,2025-05-21 22:45:00+00:00,297.45953115987857,1.0647176210633884,spring,15
2025-05-21 22:45:00+00:00,2025-05-21 23:00:00+00:00,296.4893395606129,1.0959365957658078,spring,15
2025-05-21 23:00:00+00:00,2025-05-21 23:15:00+00:00,301.27727639477627,1.1051713139172457,spring,15
2025-05-21 23:15:00+00:00,2025-05-21 23:30:00+00:00,299.64366138925845,1.085327476260768,spring,15
2025-05-21 23:30:00+00:00,2025-05-21 23:45:00+00:00,298.95417301229634,1.0883086059115956,spring,15
2025-05-21 23:45:00+00:00,2025-05-22 00:00:00+00:00,299.6028883765832,1.0855957051004321,spring,15
2025-05-22 00:00:00+00:00,2025-05-22 00:15:00+00:00,299.7043822094474,1.073988986529783,spring,15
2025-05-22 00:15:00+00:00,2025-05-22 00:30:00+00:00,296.3532317573062,1.0643178727085731,spring,15
2025-05-22 00:30:00+00:00,2025-05-22 00:45:00+00:00,294.8384070125836,1.086967093205776,spring,15
2025-05-22 00:45:00+00:00,2025-05-22 01:00:00+00:00,294.72463628189826,1.0958802951957816,spring,15
2025-05-22 01:00:00+00:00,2025-05-22 01:15:00+00:00,293.6337415983558,1.1102205629164283,spring,15
2025-05-22 01:15:00+00:00,2025-05-22 01:30:00+00:00,297.164663681291,1.0984997322822694,spring,15
2025-05-22 01:30:00+00:00,2025-05-22 01:45:00+00:00,296.97929392642175,1.089205936150169,spring,15
2025-05-22 01:45:00+00:00,2025-05-22 02:00:00+00:00,295.05063876085836,1.0782859993365932,spring,15
2025-05-22 02:00:00+00:00,2025-05-22 02:15:00+00:00,294.8200922399649,1.103480231249459,spring,15
2025-05-22 02:15:00+00:00,2025-05-22 02:30:00+00:00,296.6975652386779,1.1058555996991843,spring,15
2025-05-22 02:30:00+00:00,2025-05-22 02:45:00+00:00,296.61920415759096,1.0609956486983787,spring,15
2025-05-22 02:45:00+00:00,2025-05-22 03:00:00+00:00,295.55300696180785,1.087110822859257,spring,15
2025-05-22 03:00:00+00:00,2025-05-22 03:15:00+00:00,295.0899243197948,1.0824867040493225,spring,15
2025-05-22 03:15:00+00:00,2025-05-22 03:30:00+00:00,297.10495950748697,1.0772893848869176,spring,15
2025-05-22 03:30:00+00:00,2025-05-22 03:45:00+00:00,299.19485554038533,1.1270469122226703,spring,15
2025-05-22 03:45:00+00:00,2025-05-22 04:00:00+00:00,302.2140958587625,1.1413594365811024,spring,15
2025-05-22 04:00:00+00:00,2025-05-22 04:15:00+00:00,293.63532270841773,1.158168696718474,spring,15
2025-05-22 04:15:00+00:00,2025-05-22 04:30:00+00:00,287.92293676777825,1.1220952854355473,spring,15
2025-05-22 04:30:00+00:00,2025-05-22 04:45:00+00:00,284.56649127656067,1.10578580945766,spring,15
2025-05-22 04:45:00+00:00,2025-05-22 05:00:00+00:00,278.8134044713834,1.101631398300251,spring,15
2025-05-22 05:00:00+00:00,2025-05-22 05:15:00+00:00,274.26238762006477,1.0465874681665193,spring,15
2025-05-22 05:15:00+00:00,2025-05-22 05:30:00+00:00,270.5302088758654,1.0285135049173386,spring,15
2025-05-22 05:30:00+00:00,2025-05-22 05:45:00+00:00,264.65208380322116,0.972338159439315,spring,15
2025-05-22 05:45:00+00:00,2025-05-22 06:00:00+00:00,258.71402919434706,0.9202286408654837,spring,15
2025-05-22 06:00:00+00:00,2025-05-22 06:15:00+00:00,255.2133669422405,0.9607438327465382,spring,15
2025-05-22 06:15:00+00:00,2025-05-22 06:30:00+00:00,247.7934625211162,0.9176728430091614,spring,15
2025-05-22 06:30:00+00:00,2025-05-22 06:45:00+00:00,243.37574877465653,0.8897205260005466,spring,15
2025-05-22 06:45:00+00:00,2025-05-22 07:00:00+00:00,240.5824001813509,0.8646897503959243,spring,15
2025-05-22 07:00:00+00:00,2025-05-22 07:15:00+00:00,234.82374427772686,0.9365802020395099,spring,15
2025-05-22 07:15:00+00:00,2025-05-22 07:30:00+00:00,231.84090928720275,0.8921489507070116,spring,15
2025-05-22 07:30:00+00:00,2025-05-22 07:45:00+00:00,228.99468967408166,0.8641049844835865,spring,15
2025-05-22 07:45:00+00:00,2025-05-22 08:00:00+00:00,221.60627368331828,0.8583286522922745,spring,15
2025-05-22 08:00:00+00:00,2025-05-22 08:15:00+00:00,212.30573305497174,0.8121815570456972,spring,15
2025-05-22 08:15:00+00:00,2025-05-22 08:30:00+00:00,209.9115111934159,0.8129104130274427,spring,15
2025-05-22 08:30:00+00:00,2025-05-22 08:45:00+00:00,207.69967216223134,0.7549157317433723,spring,15
2025-05-22 08:45:00+00:00,2025-05-22 09:00:00+00:00,200.57288080076322,0.7671548152026473,spring,15
2025-05-22 09:00:00+00:00,2025-05-22 09:15:00+00:00,193.1750086623977,0.7265992286403448,spring,15
2025-05-22 09:15:00+00:00,2025-05-22 09:30:00+00:00,185.50889086056756,0.6895190143988839,spring,15
2025-05-22 09:30:00+00:00,2025-05-22 09:45:00+00:00,179.48950696786903,0.6846055579744226,spring,15
2025-05-22 09:45:00+00:00,2025-05-22 10:00:00+00:00,167.49702201825437,0.6763372260938783,spring,15
2025-05-22 10:00:00+00:00,2025-05-22 10:15:00+00:00,151.41959393927104,0.6195553330965194,spring,15
2025-05-22 10:15:00+00:00,2025-05-22 10:30:00+00:00,142.20148882336576,0.6018274709014154,spring,15
2025-05-22 10:30:00+00:00,2025-05-22 10:45:00+00:00,138.53544982463703,0.5943130490444906,spring,15
2025-05-22 10:45:00+00:00,2025-05-22 11:00:00+00:00,139.2482167080166,0.5971135193788296,spring,15
2025-05-22 11:00:00+00:00,2025-05-22 11:15:00+00:00,132.3854021440129,0.5814741141041058,spring,15
2025-05-22 11:15:00+00:00,2025-05-22 11:30:00+00:00,130.7154299779802,0.5857803977015142,spring,15
2025-05-22 11:30:00+00:00,2025-05-22 11:45:00+00:00,130.87960342264464,0.5747188904968652,spring,15
2025-05-22 11:45:00+00:00,2025-05-22 12:00:00+00:00,129.1553741070317,0.5675459838604349,spring,15
2025-05-22 12:00:00+00:00,2025-05-22 12:15:00+00:00,127.55097135076335,0.5706191217313278,spring,15
2025-05-22 12:15:00+00:00,2025-05-22 12:30:00+00:00,126.44732738141187,0.5681424466054859,spring,15
2025-05-22 12:30:00+00:00,2025-05-22 12:45:00+00:00,125.91515903096295,0.5713730086501914,spring,15
2025-05-22 12:45:00+00:00,2025-05-22 13:00:00+00:00,124.36708466111283,0.5694674473408448,spring,15
2025-05-22 13:00:00+00:00,2025-05-22 13:15:00+00:00,123.76364791737927,0.564348489484046,spring,15
2025-05-22 13:15:00+00:00,2025-05-22 13:30:00+00:00,123.61324074476428,0.5667102364184502,spring,15
2025-05-22 13:30:00+00:00,2025-05-22 13:45:00+00:00,124.3254854760075,0.5723808830703115,spring,15
2025-05-22 13:45:00+00:00,2025-05-22 14:00:00+00:00,124.47448496990492,0.5760413631891609,spring,15
2025-05-22 14:00:00+00:00,2025-05-22 14:15:00+00:00,125.85221661046207,0.5873721334242389,spring,15
2025-05-22 14:15:00+00:00,2025-05-22 14:30:00+00:00,125.1063447379444,0.5906040437477967,spring,15
2025-05-22 14:30:00+00:00,2025-05-22 14:45:00+00:00,125.76927621144267,0.6131795667362937,spring,15
2025-05-22 14:45:00+00:00,2025-05-22 15:00:00+00:00,128.3746614335397,0.6302136485918994,spring,15
2025-05-22 15:00:00+00:00,2025-05-22 15:15:00+00:00,133.1049515842431,0.621224081199718,spring,15
2025-05-22 15:15:00+00:00,2025-05-22 15:30:00+00:00,136.64884581281558,0.6419102961552424,spring,15
2025-05-22 15:30:00+00:00,2025-05-22 15:45:00+00:00,139.81809926006233,0.6715491370951201,spring,15
2025-05-22 15:45:00+00:00,2025-05-22 16:00:00+00:00,146.0693320036863,0.6894823365901787,spring,15
2025-05-22 16:00:00+00:00,2025-05-22 16:15:00+00:00,150.17537474994307,0.7032690562905125,spring,15
2025-05-22 16:15:00+00:00,2025-05-22 16:30:00+00:00,163.11233557423165,0.7363924952196524,spring,15
2025-05-22 16:30:00+00:00,2025-05-22 16:45:00+00:00,175.1828173366857,0.7751841957702882,spring,15
2025-05-22 16:45:00+00:00,2025-05-22 17:00:00+00:00,187.75229883887695,0.8046143697980948,spring,15
2025-05-22 17:00:00+00:00,2025-05-22 17:15:00+00:00,207.0002739078848,0.8652748211789771,spring,15
2025-05-22 17:15:00+00:00,2025-05-22 17:30:00+00:00,217.53428998025265,0.8980489410844484,spring,15
2025-05-22 17:30:00+00:00,2025-05-22 17:45:00+00:00,225.34411456857566,0.9293945800066656,spring,15
2025-05-22 17:45:00+00:00,2025-05-22 18:00:00+00:00,234.41976030098445,0.9859057803298782,spring,15
2025-05-22 18:00:00+00:00,2025-05-22 18:15:00+00:00,248.21465139278064,1.014803869135315,spring,15
2025-05-22 18:15:00+00:00,2025-05-22 18:30:00+00:00,251.42521056332367,1.0442113798677681,spring,15
2025-05-22 18:30:00+00:00,2025-05-22 18:45:00+00:00,254.4651041680269,1.0898171877925271,spring,15
2025-05-22 18:45:00+00:00,2025-05-22 19:00:00+00:00,255.13945680853553,1.1435855205008794,spring,15
2025-05-22 19:00:00+00:00,2025-05-22 19:15:00+00:00,259.77091744096396,1.1973303263677408,spring,15
2025-05-22 19:15:00+00:00,2025-05-22 19:30:00+00:00,262.86093741975895,1.2574672512719973,spring,15
2025-05-22 19:30:00+00:00,2025-05-22 19:45:00+00:00,269.44179918986737,1.2804539228753364,spring,15
2025-05-22 19:45:00+00:00,2025-05-22 20:00:00+00:00,275.1098721844824,1.2548892110962797,spring,15
2025-05-22 20:00:00+00:00,2025-05-22 20:15:00+00:00,277.69398840253467,1.2970017900591087,spring,15
2025-05-22 20:15:00+00:00,2025-05-22 20:30:00+00:00,280.4358334882749,1.2905793207696659,spring,15
2025-05-22 20:30:00+00:00,2025-05-22 20:45:00+00:00,283.78741409152036,1.278783265869663,spring,15
2025-05-22 20:45:00+00:00,2025-05-22 21:00:00+00:00,289.2275517338624,1.2980210657607838,spring,15
2025-05-22 21:00:00+00:00,2025-05-22 21:15:00+00:00,287.5093387766251,1.3180995335959005,spring,15
2025-05-22 21:15:00+00:00,2025-05-22 21:30:00+00:00,293.0881214554336,1.2620520676278475,spring,15
2025-05-22 21:30:00+00:00,2025-05-22 21:45:00+00:00,301.00562219183183,1.197675470806171,spring,15
2025-05-22 21:45:00+00:00,2025-05-22 22:00:00+00:00,303.92346145961653,1.1949994072509307,spring,15
2025-05-22 22:00:00+00:00,2025-05-22 22:15:00+00:00,310.00082069497654,1.2885316595322243,spring,15
2025-05-22 22:15:00+00:00,2025-05-22 22:30:00+00:00,312.01218109382245,1.275302218728859,spring,15
2025-05-22 22:30:00+00:00,2025-05-22 22:45:00+00:00,315.15106351949737,1.2584754126717632,spring,15
2025-05-22 22:45:00+00:00,2025-05-22 23:00:00+00:00,316.293774898129,1.2724507924684771,spring,15
2025-05-22 23:00:00+00:00,2025-05-22 23:15:00+00:00,313.75455047061587,1.2977240742884448,spring,15
2025-05-22 23:15:00+00:00,2025-05-22 23:30:00+00:00,312.3640598211246,1.2738449746013987,spring,15
2025-05-22 23:30:00+00:00,2025-05-22 23:45:00+00:00,311.29073213788485,1.2849159613446939,spring,15
2025-05-22 23:45:00+00:00,2025-05-23 00:00:00+00:00,307.77525577731706,1.290738940813668,spring,15
2025-05-23 00:00:00+00:00,2025-05-23 00:15:00+00:00,304.6243054133911,1.2852031659436827,spring,15
2025-05-23 00:15:00+00:00,2025-05-23 00:30:00+00:00,300.9038280749642,1.2529604367475513,spring,15
2025-05-23 00:30:00+00:00,2025-05-23 00:45:00+00:00,301.15351836884275,1.3258902021512442,spring,15
2025-05-23 00:45:00+00:00,2025-05-23 01:00:00+00:00,296.23614987359076,1.2784378087967831,spring,15
2025-05-23 01:00:00+00:00,2025-05-23 01:15:00+00:00,289.2405239454777,1.2521380407597758,spring,15
2025-05-23 01:15:00+00:00,2025-05-23 01:30:00+00:00,287.9959443944782,1.2263465096358837,spring,15
2025-05-23 01:30:00+00:00,2025-05-23 01:45:00+00:00,288.63786865446804,1.2428186610041188,spring,15
2025-05-23 01:45:00+00:00,2025-05-23 02:00:00+00:00,294.60637426679443,1.2791316841172802,spring,15
2025-05-23 02:00:00+00:00,2025-05-23 02:15:00+00:00,298.4790608556904,1.2814033829781337,spring,15
2025-05-23 02:15:00+00:00,2025-05-23 02:30:00+00:00,295.3698808732221,1.2630957094702093,spring,15
2025-05-23 02:30:00+00:00,2025-05-23 02:45:00+00:00,300.55044268031884,1.3041715882106961,spring,15
2025-05-23 02:45:00+00:00,2025-05-23 03:00:00+00:00,305.6692479043058,1.3047715349897897,spring,15
2025-05-23 03:00:00+00:00,2025-05-23 03:15:00+00:00,314.36982952189237,1.3066952124856779,spring,15
2025-05-23 03:15:00+00:00,2025-05-23 03:30:00+00:00,319.94337110648684,1.3377761386314806,spring,15
2025-05-23 03:30:00+00:00,2025-05-23 03:45:00+00:00,319.914606299126,1.321222235345707,spring,15
2025-05-23 03:45:00+00:00,2025-05-23 04:00:00+00:00,316.8330513454822,1.2955775538214438,spring,15
2025-05-23 04:00:00+00:00,2025-05-23 04:15:00+00:00,313.91216200380785,1.2630671582582267,spring,15
2025-05-23 04:15:00+00:00,2025-05-23 04:30:00+00:00,305.3920112863119,1.2579857643912236,spring,15
2025-05-23 04:30:00+00:00,2025-05-23 04:45:00+00:00,296.18879980348777,1.2304414966994333,spring,15
2025-05-23 04:45:00+00:00,2025-05-23 05:00:00+00:00,288.7408402480603,1.2090035204842706,spring,15
2025-05-23 05:00:00+00:00,2025-05-23 05:15:00+00:00,281.76855207380544,1.1762775449405294,spring,15
2025-05-23 05:15:00+00:00,2025-05-23 05:30:00+00:00,275.2446137973525,1.1679147932367135,spring,15
2025-05-23 05:30:00+00:00,2025-05-23 05:45:00+00:00,270.90678294711444,1.1077514613163932,spring,15
2025-05-23 05:45:00+00:00,2025-05-23 06:00:00+00:00,265.3201054314109,1.0735192942535812,spring,15
2025-05-23 06:00:00+00:00,2025-05-23 06:15:00+00:00,255.54613647065716,1.0624302533885503,spring,15
2025-05-23 06:15:00+00:00,2025-05-23 06:30:00+00:00,243.56838500386058,1.0155520929363933,spring,15
2025-05-23 06:30:00+00:00,2025-05-23 06:45:00+00:00,235.2690869948471,0.9551361135068508,spring,15
2025-05-23 06:45:00+00:00,2025-05-23 07:00:00+00:00,221.98883010631172,0.9119698893050469,spring,15
2025-05-23 07:00:00+00:00,2025-05-23 07:15:00+00:00,197.03624901384788,0.8825217088273778,spring,15
2025-05-23 07:15:00+00:00,2025-05-23 07:30:00+00:00,178.66266841370057,0.8156952534705333,spring,15
2025-05-23 07:30:00+00:00,2025-05-23 07:45:00+00:00,164.49986780445553,0.7770456672407725,spring,15
2025-05-23 07:45:00+00:00,2025-05-23 08:00:00+00:00,153.67037038163474,0.749785663417507,spring,15
2025-05-23 08:00:00+00:00,2025-05-23 08:15:00+00:00,147.89944662760476,0.7263785956747555,spring,15
2025-05-23 08:15:00+00:00,2025-05-23 08:30:00+00:00,145.92105706313444,0.7264476871069363,spring,15
2025-05-23 08:30:00+00:00,2025-05-23 08:45:00+00:00,142.46105630400535,0.7076915019056111,spring,15
2025-05-23 08:45:00+00:00,2025-05-23 09:00:00+00:00,138.5806689629968,0.6846034212827597,spring,15
2025-05-23 09:00:00+00:00,2025-05-23 09:15:00+00:00,133.56500151299048,0.6452704594714934,spring,15
2025-05-23 09:15:00+00:00,2025-05-23 09:30:00+00:00,131.68715516369397,0.6504811054740107,spring,15
2025-05-23 09:30:00+00:00,2025-05-23 09:45:00+00:00,130.47780483909796,0.6419626076537325,spring,15
2025-05-23 09:45:00+00:00,2025-05-23 10:00:00+00:00,129.027363050105,0.6313257543641336,spring,15
2025-05-23 10:00:00+00:00,2025-05-23 10:15:00+00:00,126.48923146460481,0.6191727417257282,spring,15
2025-05-23 10:15:00+00:00,2025-05-23 10:30:00+00:00,126.39671154147624,0.6442018560718935,spring,15
2025-05-23 10:30:00+00:00,2025-05-23 10:45:00+00:00,126.45052268038192,0.641125472512979,spring,15
2025-05-23 10:45:00+00:00,2025-05-23 11:00:00+00:00,125.11086771795632,0.6503502064857959,spring,15
2025-05-23 11:00:00+00:00,2025-05-23 11:15:00+00:00,121.70841923232288,0.6473420185574051,spring,15
2025-05-23 11:15:00+00:00,2025-05-23 11:30:00+00:00,121.17763835766931,0.6578159613785458,spring,15
2025-05-23 11:30:00+00:00,2025-05-23 11:45:00+00:00,120.83659749870868,0.6464455506778315,spring,15
2025-05-23 11:45:00+00:00,2025-05-23 12:00:00+00:00,121.71171603882549,0.6434801023777551,spring,15
2025-05-23 12:00:00+00:00,2025-05-23 12:15:00+00:00,122.66522909647747,0.6548324582056311,spring,15
2025-05-23 12:15:00+00:00,2025-05-23 12:30:00+00:00,122.6229740071015,0.6490900811546578,spring,15
2025-05-23 12:30:00+00:00,2025-05-23 12:45:00+00:00,122.16252422833728,0.6417152537888897,spring,15
2025-05-23 12:45:00+00:00,2025-05-23 13:00:00+00:00,121.68008330398038,0.6361354435720908,spring,15
2025-05-23 13:00:00+00:00,2025-05-23 13:15:00+00:00,122.29494958744921,0.6385132448231063,spring,15
2025-05-23 13:15:00+00:00,2025-05-23 13:30:00+00:00,122.69738459427957,0.6368709117501035,spring,15
2025-05-23 13:30:00+00:00,2025-05-23 13:45:00+00:00,123.99529910995201,0.6531690095807616,spring,15
2025-05-23 13:45:00+00:00,2025-05-23 14:00:00+00:00,123.8183097467209,0.6565325229717955,spring,15
2025-05-23 14:00:00+00:00,2025-05-23 14:15:00+00:00,127.10116464111624,0.6715321672811306,spring,15
2025-05-23 14:15:00+00:00,2025-05-23 14:30:00+00:00,130.15601172516875,0.6800485160168331,spring,15
2025-05-23 14:30:00+00:00,2025-05-23 14:45:00+00:00,136.12182216153425,0.7068649270493648,spring,15
2025-05-23 14:45:00+00:00,2025-05-23 15:00:00+00:00,140.21268343194197,0.7190759805548373,spring,15
2025-05-23 15:00:00+00:00,2025-05-23 15:15:00+00:00,146.2980434298841,0.7429637198623953,spring,15
2025-05-23 15:15:00+00:00,2025-05-23 15:30:00+00:00,150.71497765474052,0.7460441743876101,spring,15
2025-05-23 15:30:00+00:00,2025-05-23 15:45:00+00:00,165.7295625309031,0.7788318349013564,spring,15
2025-05-23 15:45:00+00:00,2025-05-23 16:00:00+00:00,177.37405747815743,0.8182237099296007,spring,15
2025-05-23 16:00:00+00:00,2025-05-23 16:15:00+00:00,191.31876796046697,0.8467000610184013,spring,15
2025-05-23 16:15:00+00:00,2025-05-23 16:30:00+00:00,207.46432958177107,0.8954097055656328,spring,15
2025-05-23 16:30:00+00:00,2025-05-23 16:45:00+00:00,218.50340845007304,0.9597617900505493,spring,15
2025-05-23 16:45:00+00:00,2025-05-23 17:00:00+00:00,232.61050807432935,1.0188013542124035,spring,15
2025-05-23 17:00:00+00:00,2025-05-23 17:15:00+00:00,256.5887326157776,1.041247616793184,spring,15
2025-05-23 17:15:00+00:00,2025-05-23 17:30:00+00:00,269.00225279405186,1.0980184969082671,spring,15
2025-05-23 17:30:00+00:00,2025-05-23 17:45:00+00:00,276.768165775544,1.1513104435185435,spring,15
2025-05-23 17:45:00+00:00,2025-05-23 18:00:00+00:00,281.4651666327928,1.1468183552964342,spring,15
2025-05-23 18:00:00+00:00,2025-05-23 18:15:00+00:00,301.5706553822627,1.1828263452411956,spring,15
2025-05-23 18:15:00+00:00,2025-05-23 18:30:00+00:00,307.7745534049817,1.2523828150392238,spring,15
2025-05-23 18:30:00+00:00,2025-05-23 18:45:00+00:00,311.2840474382285,1.2405148073207828,spring,15
2025-05-23 18:45:00+00:00,2025-05-23 19:00:00+00:00,313.47686491239995,1.2624796622914527,spring,15
2025-05-23 19:00:00+00:00,2025-05-23 19:15:00+00:00,316.94246268509863,1.2878619003587919,spring,15
2025-05-23 19:15:00+00:00,2025-05-23 19:30:00+00:00,318.87085011862484,1.3136882498470275,spring,15
2025-05-23 19:30:00+00:00,2025-05-23 19:45:00+00:00,324.4860528351615,1.3163624092496986,spring,15
2025-05-23 19:45:00+00:00,2025-05-23 20:00:00+00:00,325.2944261232502,1.3124404170413873,spring,15
2025-05-23 20:00:00+00:00,2025-05-23 20:15:00+00:00,318.10738607804245,1.2652147532247768,spring,15
2025-05-23 20:15:00+00:00,2025-05-23 20:30:00+00:00,316.23350137004155,1.251394688316683,spring,15
2025-05-23 20:30:00+00:00,2025-05-23 20:45:00+00:00,314.96246673540185,1.24599675033407,spring,15
2025-05-23 20:45:00+00:00,2025-05-23 21:00:00+00:00,316.42138314614084,1.2337034801548945,spring,15
2025-05-23 21:00:00+00:00,2025-05-23 21:15:00+00:00,303.6819395122873,1.2554384697753624,spring,15
2025-05-23 21:15:00+00:00,2025-05-23 21:30:00+00:00,304.99361272265634,1.2400314429180832,spring,15
2025-05-23 21:30:00+00:00,2025-05-23 21:45:00+00:00,308.96560177571456,1.2444274308915646,spring,15
2025-05-23 21:45:00+00:00,2025-05-23 22:00:00+00:00,308.2317441084233,1.230918171932206,spring,15
2025-05-23 22:00:00+00:00,2025-05-23 22:15:00+00:00,291.7453052786566,1.2222433643278265,spring,15
2025-05-23 22:15:00+00:00,2025-05-23 22:30:00+00:00,288.2893135606244,1.2060806754942863,spring,15
2025-05-23 22:30:00+00:00,2025-05-23 22:45:00+00:00,290.6842960432561,1.2084216352951043,spring,15
2025-05-23 22:45:00+00:00,2025-05-23 23:00:00+00:00,290.9884356863344,1.2135576947668019,spring,15
2025-05-23 23:00:00+00:00,2025-05-23 23:15:00+00:00,286.9835475286545,1.2145083679090751,spring,15
2025-05-23 23:15:00+00:00,2025-05-23 23:30:00+00:00,281.16601225655614,1.189086760310068,spring,15
2025-05-23 23:30:00+00:00,2025-05-23 23:45:00+00:00,281.7818967815985,1.2082780709850058,spring,15
2025-05-23 23:45:00+00:00,2025-05-24 00:00:00+00:00,278.09062225437015,1.2105312548917262,spring,15
2025-05-24 00:00:00+00:00,2025-05-24 00:15:00+00:00,275.25277158319415,1.2244694870748558,spring,15
2025-05-24 00:15:00+00:00,2025-05-24 00:30:00+00:00,274.49201682638636,1.2176070802109502,spring,15
2025-05-24 00:30:00+00:00,2025-05-24 00:45:00+00:00,277.94818425220336,1.2354010627633356,spring,15
2025-05-24 00:45:00+00:00,2025-05-24 01:00:00+00:00,278.4479822308199,1.2334228926204234,spring,15
2025-05-24 01:00:00+00:00,2025-05-24 01:15:00+00:00,266.70860198387226,1.217838171488696,spring,15
2025-05-24 01:15:00+00:00,2025-05-24 01:30:00+00:00,262.9080266398407,1.205696050168643,spring,15
2025-05-24 01:30:00+00:00,2025-05-24 01:45:00+00:00,253.25146088554482,1.1917151281420186,spring,15
2025-05-24 01:45:00+00:00,2025-05-24 02:00:00+00:00,258.00438522749215,1.208147378670954,spring,15
2025-05-24 02:00:00+00:00,2025-05-24 02:15:00+00:00,261.2486645002653,1.236438368658251,spring,15
2025-05-24 02:15:00+00:00,2025-05-24 02:30:00+00:00,261.0617622449939,1.2354767898699024,spring,15
2025-05-24 02:30:00+00:00,2025-05-24 02:45:00+00:00,265.2829490234605,1.2506554760728898,spring,15
2025-05-24 02:45:00+00:00,2025-05-24 03:00:00+00:00,265.7425112222727,1.2455933249500701,spring,15
2025-05-24 03:00:00+00:00,2025-05-24 03:15:00+00:00,268.9595677868499,1.2774047798216304,spring,15
2025-05-24 03:15:00+00:00,2025-05-24 03:30:00+00:00,271.6485077150159,1.2712251787290976,spring,15
2025-05-24 03:30:00+00:00,2025-05-24 03:45:00+00:00,268.4054345116903,1.2503073896428853,spring,15
2025-05-24 03:45:00+00:00,2025-05-24 04:00:00+00:00,267.30790411347346,1.2527253571290813,spring,15
2025-05-24 04:00:00+00:00,2025-05-24 04:15:00+00:00,262.81407384659485,1.2307355060753098,spring,15
2025-05-24 04:15:00+00:00,2025-05-24 04:30:00+00:00,260.5891000378915,1.2219060342912667,spring,15
2025-05-24 04:30:00+00:00,2025-05-24 04:45:00+00:00,255.2638069651761,1.2044359818141073,spring,15
2025-05-24 04:45:00+00:00,2025-05-24 05:00:00+00:00,244.39504379108203,1.1905349576739277,spring,15
2025-05-24 05:00:00+00:00,2025-05-24 05:15:00+00:00,228.01280728623885,1.1367032929110434,spring,15
2025-05-24 05:15:00+00:00,2025-05-24 05:30:00+00:00,217.934472552949,1.0916224260992573,spring,15
2025-05-24 05:30:00+00:00,2025-05-24 05:45:00+00:00,206.5690909685362,1.0551424263867795,spring,15
2025-05-24 05:45:00+00:00,2025-05-24 06:00:00+00:00,194.82780410506462,1.00663768039678,spring,15
2025-05-24 06:00:00+00:00,2025-05-24 06:15:00+00:00,163.09544669775633,0.9482622402579621,spring,15
2025-05-24 06:15:00+00:00,2025-05-24 06:30:00+00:00,153.85367802851556,0.9121930744473545,spring,15
2025-05-24 06:30:00+00:00,2025-05-24 06:45:00+00:00,145.02198012405415,0.8592114761167157,spring,15
2025-05-24 06:45:00+00:00,2025-05-24 07:00:00+00:00,135.16392806463108,0.814351008866108,spring,15
2025-05-24 07:00:00+00:00,2025-05-24 07:15:00+00:00,125.38051280184919,0.7861417405058648,spring,15
2025-05-24 07:15:00+00:00,2025-05-24 07:30:00+00:00,121.18821926656601,0.7264672668932912,spring,15
2025-05-24 07:30:00+00:00,2025-05-24 07:45:00+00:00,118.21580647716124,0.7004724562391471,spring,15
2025-05-24 07:45:00+00:00,2025-05-24 08:00:00+00:00,116.00215757306064,0.6905813453877095,spring,15
2025-05-24 08:00:00+00:00,2025-05-24 08:15:00+00:00,112.6157047388529,0.7128544681728448,spring,15
2025-05-24 08:15:00+00:00,2025-05-24 08:30:00+00:00,110.57536618099574,0.6883651690526887,spring,15
2025-05-24 08:30:00+00:00,2025-05-24 08:45:00+00:00,110.05419665159557,0.6882244598471698,spring,15
2025-05-24 08:45:00+00:00,2025-05-24 09:00:00+00:00,109.10608935769,0.6713414014034687,spring,15
2025-05-24 09:00:00+00:00,2025-05-24 09:15:00+00:00,108.74734470115074,0.6545016517425475,spring,15
2025-05-24 09:15:00+00:00,2025-05-24 09:30:00+00:00,108.76944125488224,0.6427961615498323,spring,15
2025-05-24 09:30:00+00:00,2025-05-24 09:45:00+00:00,108.16783822789586,0.644209767180025,spring,15
2025-05-24 09:45:00+00:00,2025-05-24 10:00:00+00:00,108.43877974878015,0.6208312818521622,spring,15
2025-05-24 10:00:00+00:00,2025-05-24 10:15:00+00:00,108.40639521670924,0.6287486931762731,spring,15
2025-05-24 10:15:00+00:00,2025-05-24 10:30:00+00:00,108.37283655124703,0.6497362002607727,spring,15
2025-05-24 10:30:00+00:00,2025-05-24 10:45:00+00:00,107.54678131031265,0.6444370167457986,spring,15
2025-05-24 10:45:00+00:00,2025-05-24 11:00:00+00:00,106.37393713044295,0.6499886722978525,spring,15
2025-05-24 11:00:00+00:00,2025-05-24 11:15:00+00:00,105.70119831644755,0.6370380192216175,spring,15
2025-05-24 11:15:00+00:00,2025-05-24 11:30:00+00:00,106.99669222543547,0.6328667130280623,spring,15
2025-05-24 11:30:00+00:00,2025-05-24 11:45:00+00:00,107.66369146965731,0.6350050237833021,spring,15
2025-05-24 11:45:00+00:00,2025-05-24 12:00:00+00:00,108.46725672238351,0.6429332530522505,spring,15
2025-05-24 12:00:00+00:00,2025-05-24 12:15:00+00:00,110.86939434812393,0.6571163074328399,spring,15
2025-05-24 12:15:00+00:00,2025-05-24 12:30:00+00:00,110.01326521656809,0.6603155153546777,spring,15
2025-05-24 12:30:00+00:00,2025-05-24 12:45:00+00:00,110.28010865599829,0.6684569623568843,spring,15
2025-05-24 12:45:00+00:00,2025-05-24 13:00:00+00:00,110.40643622778961,0.6762347271103606,spring,15
2025-05-24 13:00:00+00:00,2025-05-24 13:15:00+00:00,113.59468215318071,0.7121984187999935,spring,15
2025-05-24 13:15:00+00:00,2025-05-24 13:30:00+00:00,114.51444025842858,0.7197680137456396,spring,15
2025-05-24 13:30:00+00:00,2025-05-24 13:45:00+00:00,115.92756655236764,0.7410515236071199,spring,15
2025-05-24 13:45:00+00:00,2025-05-24 14:00:00+00:00,117.07192198483062,0.7464255373290819,spring,15
2025-05-24 14:00:00+00:00,2025-05-24 14:15:00+00:00,117.82204192430348,0.7597654785703986,spring,15
2025-05-24 14:15:00+00:00,2025-05-24 14:30:00+00:00,118.39168765492843,0.739268874103976,spring,15
2025-05-24 14:30:00+00:00,2025-05-24 14:45:00+00:00,118.65410031811034,0.7363429332774433,spring,15
2025-05-24 14:45:00+00:00,2025-05-24 15:00:00+00:00,118.70231182657272,0.7379480777901489,spring,15
2025-05-24 15:00:00+00:00,2025-05-24 15:15:00+00:00,115.94175943591269,0.7305052127079619,spring,15
2025-05-24 15:15:00+00:00,2025-05-24 15:30:00+00:00,114.4101518387407,0.7427219639625243,spring,15
2025-05-24 15:30:00+00:00,2025-05-24 15:45:00+00:00,114.28439468978573,0.7528414813123508,spring,15
2025-05-24 15:45:00+00:00,2025-05-24 16:00:00+00:00,116.17199048462383,0.7449955953284184,spring,15
2025-05-24 16:00:00+00:00,2025-05-24 16:15:00+00:00,117.0097212689887,0.7503435745073942,spring,15
2025-05-24 16:15:00+00:00,2025-05-24 16:30:00+00:00,117.44873471520535,0.7629854602187512,spring,15
2025-05-24 16:30:00+00:00,2025-05-24 16:45:00+00:00,119.18489936419549,0.7849037592697806,spring,15
2025-05-24 16:45:00+00:00,2025-05-24 17:00:00+00:00,121.26626358310679,0.8301209184178956,spring,15
2025-05-24 17:00:00+00:00,2025-05-24 17:15:00+00:00,134.0333790737922,0.8487677913130638,spring,15
2025-05-24 17:15:00+00:00,2025-05-24 17:30:00+00:00,144.58117692412682,0.8788026289157925,spring,15
2025-05-24 17:30:00+00:00,2025-05-24 17:45:00+00:00,153.111351505065,0.9030159673987611,spring,15
2025-05-24 17:45:00+00:00,2025-05-24 18:00:00+00:00,157.42543950162136,0.9165898417101632,spring,15
2025-05-24 18:00:00+00:00,2025-05-24 18:15:00+00:00,158.99372692996565,0.944449037673872,spring,15
2025-05-24 18:15:00+00:00,2025-05-24 18:30:00+00:00,162.18221640200036,0.9525251867398552,spring,15
2025-05-24 18:30:00+00:00,2025-05-24 18:45:00+00:00,162.31442259195902,0.9598889559693198,spring,15
2025-05-24 18:45:00+00:00,2025-05-24 19:00:00+00:00,161.4500669909477,0.9422080576418694,spring,15
2025-05-24 19:00:00+00:00,2025-05-24 19:15:00+00:00,161.38703759611005,0.9252933511710809,spring,15
2025-05-24 19:15:00+00:00,2025-05-24 19:30:00+00:00,161.58228922930007,0.9206402367345767,spring,15
2025-05-24 19:30:00+00:00,2025-05-24 19:45:00+00:00,158.70096773291516,0.9138405560680866,spring,15
2025-05-24 19:45:00+00:00,2025-05-24 20:00:00+00:00,154.22324308052413,0.870315559962784,spring,15
2025-05-24 20:00:00+00:00,2025-05-24 20:15:00+00:00,151.5351231258266,0.9093327342670966,spring,15
2025-05-24 20:15:00+00:00,2025-05-24 20:30:00+00:00,153.49791839152235,0.8796606855219704,spring,15
2025-05-24 20:30:00+00:00,2025-05-24 20:45:00+00:00,153.09404802658102,0.8798249216610817,spring,15
2025-05-24 20:45:00+00:00,2025-05-24 21:00:00+00:00,155.50794019442708,0.8873780527720468,spring,15
2025-05-24 21:00:00+00:00,2025-05-24 21:15:00+00:00,152.47918527823418,0.8847833778297988,spring,15
2025-05-24 21:15:00+00:00,2025-05-24 21:30:00+00:00,152.35159557187416,0.8850970983905152,spring,15
2025-05-24 21:30:00+00:00,2025-05-24 21:45:00+00:00,153.42339983614374,0.8859004874031577,spring,15
2025-05-24 21:45:00+00:00,2025-05-24 22:00:00+00:00,152.8662312426998,0.8918490359786924,spring,15
2025-05-24 22:00:00+00:00,2025-05-24 22:15:00+00:00,145.09152742289544,0.8657762493536818,spring,15
2025-05-24 22:15:00+00:00,2025-05-24 22:30:00+00:00,136.97912070767575,0.8534909071980538,spring,15
2025-05-24 22:30:00+00:00,2025-05-24 22:45:00+00:00,135.71183858731405,0.8629924447395719,spring,15
2025-05-24 22:45:00+00:00,2025-05-24 23:00:00+00:00,134.77411978312279,0.852939242015679,spring,15
2025-05-24 23:00:00+00:00,2025-05-24 23:15:00+00:00,138.49212675535756,0.8805235593265149,spring,15
2025-05-24 23:15:00+00:00,2025-05-24 23:30:00+00:00,143.9431792242993,0.8788347019035795,spring,15
2025-05-24 23:30:00+00:00,2025-05-24 23:45:00+00:00,146.95450547514025,0.8847563628815074,spring,15
2025-05-24 23:45:00+00:00,2025-05-25 00:00:00+00:00,150.49052885801973,0.8905423505051242,spring,15
2025-05-25 00:00:00+00:00,2025-05-25 00:15:00+00:00,150.4663234604039,0.8948671563292224,spring,15
2025-05-25 00:15:00+00:00,2025-05-25 00:30:00+00:00,151.38831432363816,0.9001839659337707,spring,15
2025-05-25 00:30:00+00:00,2025-05-25 00:45:00+00:00,151.7211443112411,0.9116320492937253,spring,15
2025-05-25 00:45:00+00:00,2025-05-25 01:00:00+00:00,150.1372220570955,0.8941570982178019,spring,15
2025-05-25 01:00:00+00:00,2025-05-25 01:15:00+00:00,144.36433256235804,0.9062381161951557,spring,15
2025-05-25 01:15:00+00:00,2025-05-25 01:30:00+00:00,142.43186079131993,0.9053488461931868,spring,15
2025-05-25 01:30:00+00:00,2025-05-25 01:45:00+00:00,142.47956804670224,0.8967139234875728,spring,15
2025-05-25 01:45:00+00:00,2025-05-25 02:00:00+00:00,142.21392265401448,0.8836812040285282,spring,15
2025-05-25 02:00:00+00:00,2025-05-25 02:15:00+00:00,142.18034502211356,0.8789456538905396,spring,15
2025-05-25 02:15:00+00:00,2025-05-25 02:30:00+00:00,142.46124133980035,0.8836188053554598,spring,15
2025-05-25 02:30:00+00:00,2025-05-25 02:45:00+00:00,141.36362927203683,0.8718672679895036,spring,15
2025-05-25 02:45:00+00:00,2025-05-25 03:00:00+00:00,140.13395686465742,0.8753896472739608,spring,15
2025-05-25 03:00:00+00:00,2025-05-25 03:15:00+00:00,138.9777688357922,0.8719264621395219,spring,15
2025-05-25 03:15:00+00:00,2025-05-25 03:30:00+00:00,138.7367445660356,0.867527658468351,spring,15
2025-05-25 03:30:00+00:00,2025-05-25 03:45:00+00:00,137.4961499806277,0.8556495944450017,spring,15
2025-05-25 03:45:00+00:00,2025-05-25 04:00:00+00:00,133.76848924684512,0.8558708825728716,spring,15
2025-05-25 04:00:00+00:00,2025-05-25 04:15:00+00:00,131.21163171247224,0.8484013431750597,spring,15
2025-05-25 04:15:00+00:00,2025-05-25 04:30:00+00:00,132.36061706418238,0.8425894242494238,spring,15
2025-05-25 04:30:00+00:00,2025-05-25 04:45:00+00:00,130.67399167428988,0.8292681722179973,spring,15
2025-05-25 04:45:00+00:00,2025-05-25 05:00:00+00:00,130.1807644305077,0.8279609011297923,spring,15
2025-05-25 05:00:00+00:00,2025-05-25 05:15:00+00:00,127.58844707013436,0.8187370834534692,spring,15
2025-05-25 05:15:00+00:00,2025-05-25 05:30:00+00:00,126.74511948512895,0.8074625469381244,spring,15
2025-05-25 05:30:00+00:00,2025-05-25 05:45:00+00:00,126.12853055978455,0.8011442716855576,spring,15
2025-05-25 05:45:00+00:00,2025-05-25 06:00:00+00:00,124.94238332224509,0.7936715723899669,spring,15
2025-05-25 06:00:00+00:00,2025-05-25 06:15:00+00:00,123.69176973127671,0.7755328098948605,spring,15
2025-05-25 06:15:00+00:00,2025-05-25 06:30:00+00:00,123.09560112847471,0.7670426033487462,spring,15
2025-05-25 06:30:00+00:00,2025-05-25 06:45:00+00:00,122.12192409472686,0.7585945587545492,spring,15
2025-05-25 06:45:00+00:00,2025-05-25 07:00:00+00:00,122.67566549987056,0.7542083235350794,spring,15
2025-05-25 07:00:00+00:00,2025-05-25 07:15:00+00:00,124.68134384024262,0.7374066197533297,spring,15
2025-05-25 07:15:00+00:00,2025-05-25 07:30:00+00:00,128.0875754274038,0.7300834225932661,spring,15
2025-05-25 07:30:00+00:00,2025-05-25 07:45:00+00:00,130.11810270505327,0.7281845670255778,spring,15
2025-05-25 07:45:00+00:00,2025-05-25 08:00:00+00:00,133.61594787650986,0.7294376479097062,spring,15
2025-05-25 08:00:00+00:00,2025-05-25 08:15:00+00:00,139.04414888396627,0.7416413341965031,spring,15
2025-05-25 08:15:00+00:00,2025-05-25 08:30:00+00:00,138.65959969645024,0.7340551204699619,spring,15
2025-05-25 08:30:00+00:00,2025-05-25 08:45:00+00:00,137.5353766691765,0.7266255294980286,spring,15
2025-05-25 08:45:00+00:00,2025-05-25 09:00:00+00:00,136.00113688425287,0.7190467391051089,spring,15
2025-05-25 09:00:00+00:00,2025-05-25 09:15:00+00:00,132.41273574584037,0.7031188966506663,spring,15
2025-05-25 09:15:00+00:00,2025-05-25 09:30:00+00:00,131.0840445490353,0.6881230173184911,spring,15
2025-05-25 09:30:00+00:00,2025-05-25 09:45:00+00:00,130.44407813412823,0.685750424192833,spring,15
2025-05-25 09:45:00+00:00,2025-05-25 10:00:00+00:00,128.3364032705585,0.6739452392986948,spring,15
2025-05-25 10:00:00+00:00,2025-05-25 10:15:00+00:00,125.406137806876,0.6501151113631254,spring,15
2025-05-25 10:15:00+00:00,2025-05-25 10:30:00+00:00,123.51808152000022,0.6429164256569637,spring,15
2025-05-25 10:30:00+00:00,2025-05-25 10:45:00+00:00,124.79298303472774,0.6491618060659408,spring,15
2025-05-25 10:45:00+00:00,2025-05-25 11:00:00+00:00,124.82292741092476,0.6535371746242744,spring,15
2025-05-25 11:00:00+00:00,2025-05-25 11:15:00+00:00,122.52907463451552,0.6426869449656071,spring,15
2025-05-25 11:15:00+00:00,2025-05-25 11:30:00+00:00,120.38044035022817,0.6373784632246321,spring,15
2025-05-25 11:30:00+00:00,2025-05-25 11:45:00+00:00,121.2798715538575,0.6404044224606966,spring,15
2025-05-25 11:45:00+00:00,2025-05-25 12:00:00+00:00,122.36912257042506,0.6498371956908728,spring,15
2025-05-25 12:00:00+00:00,2025-05-25 12:15:00+00:00,124.10729517340019,0.6577113172659931,spring,15
2025-05-25 12:15:00+00:00,2025-05-25 12:30:00+00:00,124.17345336309401,0.6669736420837257,spring,15
2025-05-25 12:30:00+00:00,2025-05-25 12:45:00+00:00,123.29564584383235,0.659485226855991,spring,15
2025-05-25 12:45:00+00:00,2025-05-25 13:00:00+00:00,122.9459460470187,0.6610977211768165,spring,15
2025-05-25 13:00:00+00:00,2025-05-25 13:15:00+00:00,121.30283896361522,0.6497761972456412,spring,15
2025-05-25 13:15:00+00:00,2025-05-25 13:30:00+00:00,122.0706514042492,0.6497786778146944,spring,15
2025-05-25 13:30:00+00:00,2025-05-25 13:45:00+00:00,122.86452847756176,0.6551050807696395,spring,15
2025-05-25 13:45:00+00:00,2025-05-25 14:00:00+00:00,123.75986210638438,0.6538500124171958,spring,15
2025-05-25 14:00:00+00:00,2025-05-25 14:15:00+00:00,125.57371496825843,0.6616477859345998,spring,15
2025-05-25 14:15:00+00:00,2025-05-25 14:30:00+00:00,127.74051423128691,0.6667801602591553,spring,15
2025-05-25 14:30:00+00:00,2025-05-25 14:45:00+00:00,128.66703672173688,0.6758497782371838,spring,15
2025-05-25 14:45:00+00:00,2025-05-25 15:00:00+00:00,126.30938475679632,0.6670341769259891,spring,15
2025-05-25 15:00:00+00:00,2025-05-25 15:15:00+00:00,120.38344488574108,0.6446858468930111,spring,15
2025-05-25 15:15:00+00:00,2025-05-25 15:30:00+00:00,118.96593125088643,0.6483893810377775,spring,15
2025-05-25 15:30:00+00:00,2025-05-25 15:45:00+00:00,120.39216396903389,0.672123571002605,spring,15
2025-05-25 15:45:00+00:00,2025-05-25 16:00:00+00:00,121.84830934937604,0.6710912227871392,spring,15
2025-05-25 16:00:00+00:00,2025-05-25 16:15:00+00:00,130.70322860449804,0.6963555627044081,spring,15
2025-05-25 16:15:00+00:00,2025-05-25 16:30:00+00:00,137.14497787443148,0.7279357947905288,spring,15
2025-05-25 16:30:00+00:00,2025-05-25 16:45:00+00:00,142.43283365175105,0.7547986263037977,spring,15
2025-05-25 16:45:00+00:00,2025-05-25 17:00:00+00:00,154.26914467969078,0.7896963961718289,spring,15
2025-05-25 17:00:00+00:00,2025-05-25 17:15:00+00:00,172.23704269831177,0.8547159381019479,spring,15
2025-05-25 17:15:00+00:00,2025-05-25 17:30:00+00:00,186.42339683838748,0.912745294514751,spring,15
2025-05-25 17:30:00+00:00,2025-05-25 17:45:00+00:00,195.87365695430975,0.9374885095045096,spring,15
2025-05-25 17:45:00+00:00,2025-05-25 18:00:00+00:00,200.47136680883185,0.964740349311521,spring,15
2025-05-25 18:00:00+00:00,2025-05-25 18:15:00+00:00,214.92508973005928,0.9849774540287883,spring,15
2025-05-25 18:15:00+00:00,2025-05-25 18:30:00+00:00,218.63434872249184,1.0163762991425123,spring,15
2025-05-25 18:30:00+00:00,2025-05-25 18:45:00+00:00,223.8896541294205,1.038238359273548,spring,15
2025-05-25 18:45:00+00:00,2025-05-25 19:00:00+00:00,227.80973752486253,1.072402904436739,spring,15
2025-05-25 19:00:00+00:00,2025-05-25 19:15:00+00:00,235.79197208565103,1.0865747517290767,spring,15
2025-05-25 19:15:00+00:00,2025-05-25 19:30:00+00:00,238.82708876148862,1.101827712736578,spring,15
2025-05-25 19:30:00+00:00,2025-05-25 19:45:00+00:00,241.20024845105326,1.111123913620818,spring,15
2025-05-25 19:45:00+00:00,2025-05-25 20:00:00+00:00,242.34327384527182,1.1042732850297636,spring,15
2025-05-25 20:00:00+00:00,2025-05-25 20:15:00+00:00,244.95338816078538,1.100120498886701,spring,15
2025-05-25 20:15:00+00:00,2025-05-25 20:30:00+00:00,245.44837661353085,1.1079634744215077,spring,15
2025-05-25 20:30:00+00:00,2025-05-25 20:45:00+00:00,246.20030431254924,1.105735370389916,spring,15
2025-05-25 20:45:00+00:00,2025-05-25 21:00:00+00:00,249.59200552463147,1.1341288665996032,spring,15
2025-05-25 21:00:00+00:00,2025-05-25 21:15:00+00:00,253.42300140576793,1.1534328774978544,spring,15
2025-05-25 21:15:00+00:00,2025-05-25 21:30:00+00:00,258.7465854232003,1.1712218820463351,spring,15
2025-05-25 21:30:00+00:00,2025-05-25 21:45:00+00:00,261.5327532119671,1.1519975122992756,spring,15
2025-05-25 21:45:00+00:00,2025-05-25 22:00:00+00:00,262.2330891931165,1.159785168058729,spring,15
2025-05-25 22:00:00+00:00,2025-05-25 22:15:00+00:00,264.6189548978685,1.184985266538135,spring,15
2025-05-25 22:15:00+00:00,2025-05-25 22:30:00+00:00,267.776191378829,1.1983761258527357,spring,15
2025-05-25 22:30:00+00:00,2025-05-25 22:45:00+00:00,269.1497110566901,1.2071042504264191,spring,15
2025-05-25 22:45:00+00:00,2025-05-25 23:00:00+00:00,270.26034178914364,1.2174097400466393,spring,15
2025-05-25 23:00:00+00:00,2025-05-25 23:15:00+00:00,268.1009088606288,1.2049375872103465,spring,15
2025-05-25 23:15:00+00:00,2025-05-25 23:30:00+00:00,268.0503790146492,1.2011135706751588,spring,15
2025-05-25 23:30:00+00:00,2025-05-25 23:45:00+00:00,272.13712727076535,1.268732553411222,spring,15
2025-05-25 23:45:00+00:00,2025-05-26 00:00:00+00:00,272.0281590402296,1.2809693922723482,spring,15
2025-05-26 00:00:00+00:00,2025-05-26 00:15:00+00:00,269.3300078173204,1.3006161704444106,spring,15
2025-05-26 00:15:00+00:00,2025-05-26 00:30:00+00:00,271.2507586675873,1.2663925112477121,spring,15
2025-05-26 00:30:00+00:00,2025-05-26 00:45:00+00:00,271.4129277589914,1.2342197628061686,spring,15
2025-05-26 00:45:00+00:00,2025-05-26 01:00:00+00:00,269.62575363756446,1.2203465206357662,spring,15
2025-05-26 01:00:00+00:00,2025-05-26 01:15:00+00:00,263.8518175137137,1.2094868286403218,spring,15
2025-05-26 01:15:00+00:00,2025-05-26 01:30:00+00:00,259.6414123927241,1.1777347073356343,spring,15
2025-05-26 01:30:00+00:00,2025-05-26 01:45:00+00:00,258.17638526890755,1.1825233614999975,spring,15
2025-05-26 01:45:00+00:00,2025-05-26 02:00:00+00:00,259.0174760120301,1.223351376546755,spring,15
2025-05-26 02:00:00+00:00,2025-05-26 02:15:00+00:00,258.64432145700357,1.218047323301108,spring,15
2025-05-26 02:15:00+00:00,2025-05-26 02:30:00+00:00,258.77785173243166,1.2119492879549094,spring,15
2025-05-26 02:30:00+00:00,2025-05-26 02:45:00+00:00,262.54962602241625,1.2429448857237544,spring,15
2025-05-26 02:45:00+00:00,2025-05-26 03:00:00+00:00,263.2016127742543,1.2199891294395215,spring,15
2025-05-26 03:00:00+00:00,2025-05-26 03:15:00+00:00,265.40744748608256,1.2449655284949017,spring,15
2025-05-26 03:15:00+00:00,2025-05-26 03:30:00+00:00,265.75454177784394,1.2378375805725266,spring,15
2025-05-26 03:30:00+00:00,2025-05-26 03:45:00+00:00,267.0120246122009,1.2501697333867239,spring,15
2025-05-26 03:45:00+00:00,2025-05-26 04:00:00+00:00,265.43144422933966,1.2025974500970837,spring,15
2025-05-26 04:00:00+00:00,2025-05-26 04:15:00+00:00,268.12530897878037,1.2184155982151288,spring,15
2025-05-26 04:15:00+00:00,2025-05-26 04:30:00+00:00,262.84458599868736,1.1731581797489865,spring,15
2025-05-26 04:30:00+00:00,2025-05-26 04:45:00+00:00,258.16755899840547,1.132300586403682,spring,15
2025-05-26 04:45:00+00:00,2025-05-26 05:00:00+00:00,253.28436849503993,1.114297236283819,spring,15
2025-05-26 05:00:00+00:00,2025-05-26 05:15:00+00:00,248.77650092205982,1.122448476289447,spring,15
2025-05-26 05:15:00+00:00,2025-05-26 05:30:00+00:00,247.82348907032437,1.1198852124576462,spring,15
2025-05-26 05:30:00+00:00,2025-05-26 05:45:00+00:00,244.9828094014098,1.0949713826705978,spring,15
2025-05-26 05:45:00+00:00,2025-05-26 06:00:00+00:00,238.86046822752022,1.0446941065250417,spring,15
2025-05-26 06:00:00+00:00,2025-05-26 06:15:00+00:00,225.396196959485,1.0547049215553956,spring,15
2025-05-26 06:15:00+00:00,2025-05-26 06:30:00+00:00,221.07242980803974,1.0097817461340075,spring,15
2025-05-26 06:30:00+00:00,2025-05-26 06:45:00+00:00,218.7121107545233,0.9348396617278705,spring,15
2025-05-26 06:45:00+00:00,2025-05-26 07:00:00+00:00,207.70115320253973,0.8763338142268069,spring,15
2025-05-26 07:00:00+00:00,2025-05-26 07:15:00+00:00,189.223704612355,0.8446130396857842,spring,15
2025-05-26 07:15:00+00:00,2025-05-26 07:30:00+00:00,180.4130295127847,0.8049482102413081,spring,15
2025-05-26 07:30:00+00:00,2025-05-26 07:45:00+00:00,169.6618342830213,0.7720948695964606,spring,15
2025-05-26 07:45:00+00:00,2025-05-26 08:00:00+00:00,153.3837871903578,0.7281006164503114,spring,15
2025-05-26 08:00:00+00:00,2025-05-26 08:15:00+00:00,140.14922535775017,0.7351870035108647,spring,15
2025-05-26 08:15:00+00:00,2025-05-26 08:30:00+00:00,129.45281214811374,0.6583976734495499,spring,15
2025-05-26 08:30:00+00:00,2025-05-26 08:45:00+00:00,125.27165407477702,0.6278237719058998,spring,15
2025-05-26 08:45:00+00:00,2025-05-26 09:00:00+00:00,122.73560154962856,0.5997190897523699,spring,15
2025-05-26 09:00:00+00:00,2025-05-26 09:15:00+00:00,120.90972829138914,0.608776992596359,spring,15
2025-05-26 09:15:00+00:00,2025-05-26 09:30:00+00:00,119.48862403174952,0.5976882268098337,spring,15
2025-05-26 09:30:00+00:00,2025-05-26 09:45:00+00:00,118.91676201248355,0.59124351317346,spring,15
2025-05-26 09:45:00+00:00,2025-05-26 10:00:00+00:00,117.46701149973437,0.572456593515583,spring,15
2025-05-26 10:00:00+00:00,2025-05-26 10:15:00+00:00,116.05753684575394,0.5960130652381505,spring,15
2025-05-26 10:15:00+00:00,2025-05-26 10:30:00+00:00,114.63193929475501,0.5901980850062533,spring,15
2025-05-26 10:30:00+00:00,2025-05-26 10:45:00+00:00,114.13736165349232,0.5970643369179172,spring,15
2025-05-26 10:45:00+00:00,2025-05-26 11:00:00+00:00,112.95987807565824,0.6037030099337374,spring,15
2025-05-26 11:00:00+00:00,2025-05-26 11:15:00+00:00,113.3122141359942,0.6044759709464534,spring,15
2025-05-26 11:15:00+00:00,2025-05-26 11:30:00+00:00,112.2109895509831,0.5928845371584653,spring,15
2025-05-26 11:30:00+00:00,2025-05-26 11:45:00+00:00,111.62688216384815,0.5979617455355852,spring,15
2025-05-26 11:45:00+00:00,2025-05-26 12:00:00+00:00,111.45956635076797,0.5914354596084843,spring,15
2025-05-26 12:00:00+00:00,2025-05-26 12:15:00+00:00,111.88053749559724,0.589970360206189,spring,15
2025-05-26 12:15:00+00:00,2025-05-26 12:30:00+00:00,111.78316235127298,0.5746161107375684,spring,15
2025-05-26 12:30:00+00:00,2025-05-26 12:45:00+00:00,111.21912175057899,0.580058049087226,spring,15
2025-05-26 12:45:00+00:00,2025-05-26 13:00:00+00:00,111.95735460557793,0.5853826236361963,spring,15
2025-05-26 13:00:00+00:00,2025-05-26 13:15:00+00:00,113.06344253231444,0.5979194814962339,spring,15
2025-05-26 13:15:00+00:00,2025-05-26 13:30:00+00:00,113.92301797516247,0.6013457340141567,spring,15
2025-05-26 13:30:00+00:00,2025-05-26 13:45:00+00:00,115.52366698186289,0.6011191387211834,spring,15
2025-05-26 13:45:00+00:00,2025-05-26 14:00:00+00:00,117.88166127227413,0.6149897609645201,spring,15
2025-05-26 14:00:00+00:00,2025-05-26 14:15:00+00:00,121.02069209314593,0.6144573102343523,spring,15
2025-05-26 14:15:00+00:00,2025-05-26 14:30:00+00:00,122.97705946933685,0.6173657468641872,spring,15
2025-05-26 14:30:00+00:00,2025-05-26 14:45:00+00:00,124.97692595183896,0.650495187851541,spring,15
2025-05-26 14:45:00+00:00,2025-05-26 15:00:00+00:00,129.6818513049324,0.6867958923245628,spring,15
2025-05-26 15:00:00+00:00,2025-05-26 15:15:00+00:00,141.81268874417893,0.7248624622354359,spring,15
2025-05-26 15:15:00+00:00,2025-05-26 15:30:00+00:00,147.202154666293,0.7402959984933501,spring,15
2025-05-26 15:30:00+00:00,2025-05-26 15:45:00+00:00,156.3169725800415,0.7838374024636681,spring,15
2025-05-26 15:45:00+00:00,2025-05-26 16:00:00+00:00,171.01046177888034,0.8047008917980557,spring,15
2025-05-26 16:00:00+00:00,2025-05-26 16:15:00+00:00,189.80947837495896,0.8629869187506457,spring,15
2025-05-26 16:15:00+00:00,2025-05-26 16:30:00+00:00,208.40536624278536,0.9113527745741113,spring,15
2025-05-26 16:30:00+00:00,2025-05-26 16:45:00+00:00,218.5859021933141,0.9470087991745225,spring,15
2025-05-26 16:45:00+00:00,2025-05-26 17:00:00+00:00,229.1048557653635,0.9809900810588907,spring,15
2025-05-26 17:00:00+00:00,2025-05-26 17:15:00+00:00,245.95508244428785,1.030721227796209,spring,15
2025-05-26 17:15:00+00:00,2025-05-26 17:30:00+00:00,260.8220469740359,1.1200693972475284,spring,15
2025-05-26 17:30:00+00:00,2025-05-26 17:45:00+00:00,271.6778422490407,1.1617415741144832,spring,15
2025-05-26 17:45:00+00:00,2025-05-26 18:00:00+00:00,285.3463549672723,1.2137072066197885,spring,15
2025-05-26 18:00:00+00:00,2025-05-26 18:15:00+00:00,302.45928439073725,1.2890623511980213,spring,15
2025-05-26 18:15:00+00:00,2025-05-26 18:30:00+00:00,313.52201766182856,1.354234811127382,spring,15
2025-05-26 18:30:00+00:00,2025-05-26 18:45:00+00:00,317.73157795090265,1.3774816567793104,spring,15
2025-05-26 18:45:00+00:00,2025-05-26 19:00:00+00:00,320.617094488514,1.3992632922516892,spring,15
2025-05-26 19:00:00+00:00,2025-05-26 19:15:00+00:00,321.4157059812709,1.3954914164682255,spring,15
2025-05-26 19:15:00+00:00,2025-05-26 19:30:00+00:00,322.433901622453,1.4100907963068423,spring,15
2025-05-26 19:30:00+00:00,2025-05-26 19:45:00+00:00,329.6680512054332,1.441602977960196,spring,15
2025-05-26 19:45:00+00:00,2025-05-26 20:00:00+00:00,331.6849567332071,1.4552218942876747,spring,15
2025-05-26 20:00:00+00:00,2025-05-26 20:15:00+00:00,327.39543718179016,1.452614792555595,spring,15
2025-05-26 20:15:00+00:00,2025-05-26 20:30:00+00:00,327.58975229137,1.4230814290162574,spring,15
2025-05-26 20:30:00+00:00,2025-05-26 20:45:00+00:00,329.57366160158483,1.4323700608442989,spring,15
2025-05-26 20:45:00+00:00,2025-05-26 21:00:00+00:00,323.7668453564078,1.4339781151711908,spring,15
2025-05-26 21:00:00+00:00,2025-05-26 21:15:00+00:00,312.79247635794184,1.402491879438252,spring,15
2025-05-26 21:15:00+00:00,2025-05-26 21:30:00+00:00,303.1280705700871,1.3788250798841921,spring,15
2025-05-26 21:30:00+00:00,2025-05-26 21:45:00+00:00,299.10188545020657,1.3427629639654954,spring,15
2025-05-26 21:45:00+00:00,2025-05-26 22:00:00+00:00,296.8938291860072,1.3152999678911517,spring,15
2025-05-26 22:00:00+00:00,2025-05-26 22:15:00+00:00,297.65986591638443,1.3545266062656462,spring,15
2025-05-26 22:15:00+00:00,2025-05-26 22:30:00+00:00,301.1960339416248,1.3197757117004552,spring,15
2025-05-26 22:30:00+00:00,2025-05-26 22:45:00+00:00,295.8442958218128,1.321185215122622,spring,15
2025-05-26 22:45:00+00:00,2025-05-26 23:00:00+00:00,285.9011368839614,1.3106514760150476,spring,15
2025-05-26 23:00:00+00:00,2025-05-26 23:15:00+00:00,275.7257202750249,1.3108587266751792,spring,15
2025-05-26 23:15:00+00:00,2025-05-26 23:30:00+00:00,265.62202807046265,1.260485956512508,spring,15
2025-05-26 23:30:00+00:00,2025-05-26 23:45:00+00:00,258.96331637615333,1.252743422100077,spring,15
2025-05-26 23:45:00+00:00,2025-05-27 00:00:00+00:00,254.06010651575784,1.2410588191590755,spring,15
2025-05-27 00:00:00+00:00,2025-05-27 00:15:00+00:00,252.3414669438841,1.2809268712841384,spring,15
2025-05-27 00:15:00+00:00,2025-05-27 00:30:00+00:00,250.02091208523242,1.2708162153929303,spring,15
2025-05-27 00:30:00+00:00,2025-05-27 00:45:00+00:00,247.969317848568,1.250965800891478,spring,15
2025-05-27 00:45:00+00:00,2025-05-27 01:00:00+00:00,249.19934659467185,1.2207795169741973,spring,15
2025-05-27 01:00:00+00:00,2025-05-27 01:15:00+00:00,249.63279718448086,1.23642910284093,spring,15
2025-05-27 01:15:00+00:00,2025-05-27 01:30:00+00:00,250.78797136411097,1.210434618805465,spring,15
2025-05-27 01:30:00+00:00,2025-05-27 01:45:00+00:00,250.34063275764072,1.2037180786199755,spring,15
2025-05-27 01:45:00+00:00,2025-05-27 02:00:00+00:00,252.34844768138905,1.197904909077644,spring,15
2025-05-27 02:00:00+00:00,2025-05-27 02:15:00+00:00,255.0818652102279,1.1868971751439377,spring,15
2025-05-27 02:15:00+00:00,2025-05-27 02:30:00+00:00,254.70702279405722,1.17073487073425,spring,15
2025-05-27 02:30:00+00:00,2025-05-27 02:45:00+00:00,253.40974660218484,1.1942279867548435,spring,15
2025-05-27 02:45:00+00:00,2025-05-27 03:00:00+00:00,250.4121942161378,1.1876455313763763,spring,15
2025-05-27 03:00:00+00:00,2025-05-27 03:15:00+00:00,251.84070154075494,1.2086122761387674,spring,15
2025-05-27 03:15:00+00:00,2025-05-27 03:30:00+00:00,249.90005762357245,1.1879953875049731,spring,15
2025-05-27 03:30:00+00:00,2025-05-27 03:45:00+00:00,247.3571144990693,1.1577399789146934,spring,15
2025-05-27 03:45:00+00:00,2025-05-27 04:00:00+00:00,242.812634814607,1.1236935243797244,spring,15
2025-05-27 04:00:00+00:00,2025-05-27 04:15:00+00:00,238.40000234578645,1.075027143921263,spring,15
2025-05-27 04:15:00+00:00,2025-05-27 04:30:00+00:00,234.59188002718327,1.02629551557293,spring,15
2025-05-27 04:30:00+00:00,2025-05-27 04:45:00+00:00,226.00328795307743,0.9852067397698455,spring,15
2025-05-27 04:45:00+00:00,2025-05-27 05:00:00+00:00,220.39698038737154,0.9601896188427704,spring,15
2025-05-27 05:00:00+00:00,2025-05-27 05:15:00+00:00,210.01682181155678,0.9182667511314127,spring,15
2025-05-27 05:15:00+00:00,2025-05-27 05:30:00+00:00,204.91141503829468,0.8937765199280052,spring,15
2025-05-27 05:30:00+00:00,2025-05-27 05:45:00+00:00,205.199684937098,0.8869410426715024,spring,15
2025-05-27 05:45:00+00:00,2025-05-27 06:00:00+00:00,200.73169189864424,0.8719786250708329,spring,15
2025-05-27 06:00:00+00:00,2025-05-27 06:15:00+00:00,185.37759095956693,0.8329106707218212,spring,15
2025-05-27 06:15:00+00:00,2025-05-27 06:30:00+00:00,183.6447603582465,0.8191656434375693,spring,15
2025-05-27 06:30:00+00:00,2025-05-27 06:45:00+00:00,180.6314898321597,0.7918178410984911,spring,15
2025-05-27 06:45:00+00:00,2025-05-27 07:00:00+00:00,175.19077411449643,0.7614075168009822,spring,15
2025-05-27 07:00:00+00:00,2025-05-27 07:15:00+00:00,164.3736233308154,0.7181778986326449,spring,15
2025-05-27 07:15:00+00:00,2025-05-27 07:30:00+00:00,157.4899740594257,0.7106896668170695,spring,15
2025-05-27 07:30:00+00:00,2025-05-27 07:45:00+00:00,151.5262265417371,0.698920751712399,spring,15
2025-05-27 07:45:00+00:00,2025-05-27 08:00:00+00:00,148.2217919365692,0.6690235756213888,spring,15
2025-05-27 08:00:00+00:00,2025-05-27 08:15:00+00:00,145.38478176248938,0.6686430337605596,spring,15
2025-05-27 08:15:00+00:00,2025-05-27 08:30:00+00:00,139.79736843146944,0.6467502492229685,spring,15
2025-05-27 08:30:00+00:00,2025-05-27 08:45:00+00:00,138.83190850779465,0.6573162497802865,spring,15
2025-05-27 08:45:00+00:00,2025-05-27 09:00:00+00:00,137.28391137533308,0.6732984968230014,spring,15
2025-05-27 09:00:00+00:00,2025-05-27 09:15:00+00:00,128.65813456478142,0.6497223348814584,spring,15
2025-05-27 09:15:00+00:00,2025-05-27 09:30:00+00:00,124.93153339648038,0.6269584205020604,spring,15
2025-05-27 09:30:00+00:00,2025-05-27 09:45:00+00:00,124.46975229930489,0.6250973360786398,spring,15
2025-05-27 09:45:00+00:00,2025-05-27 10:00:00+00:00,122.72901938310974,0.6318414726043555,spring,15
2025-05-27 10:00:00+00:00,2025-05-27 10:15:00+00:00,117.85841385343353,0.6260716670764984,spring,15
2025-05-27 10:15:00+00:00,2025-05-27 10:30:00+00:00,113.45219285792909,0.6245232776440162,spring,15
2025-05-27 10:30:00+00:00,2025-05-27 10:45:00+00:00,113.3517710534616,0.6170802110215845,spring,15
2025-05-27 10:45:00+00:00,2025-05-27 11:00:00+00:00,113.64737323332822,0.6108494071534261,spring,15
2025-05-27 11:00:00+00:00,2025-05-27 11:15:00+00:00,111.85715376152481,0.5926929341220956,spring,15
2025-05-27 11:15:00+00:00,2025-05-27 11:30:00+00:00,111.94120305591515,0.5820076205954616,spring,15
2025-05-27 11:30:00+00:00,2025-05-27 11:45:00+00:00,112.98582557687519,0.5808242774119445,spring,15
2025-05-27 11:45:00+00:00,2025-05-27 12:00:00+00:00,113.2078809764852,0.5820999339450321,spring,15
2025-05-27 12:00:00+00:00,2025-05-27 12:15:00+00:00,113.60392724248894,0.582705590553645,spring,15
2025-05-27 12:15:00+00:00,2025-05-27 12:30:00+00:00,114.73510287642554,0.5976762720380905,spring,15
2025-05-27 12:30:00+00:00,2025-05-27 12:45:00+00:00,115.34899210072724,0.6058373534874534,spring,15
2025-05-27 12:45:00+00:00,2025-05-27 13:00:00+00:00,116.35827227206094,0.6006238598289324,spring,15
2025-05-27 13:00:00+00:00,2025-05-27 13:15:00+00:00,115.95277567996874,0.6100118710448932,spring,15
2025-05-27 13:15:00+00:00,2025-05-27 13:30:00+00:00,117.60047188572152,0.6259296198304218,spring,15
2025-05-27 13:30:00+00:00,2025-05-27 13:45:00+00:00,122.19457412840526,0.6355256404898328,spring,15
2025-05-27 13:45:00+00:00,2025-05-27 14:00:00+00:00,128.97490580877803,0.6603099470374649,spring,15
2025-05-27 14:00:00+00:00,2025-05-27 14:15:00+00:00,131.39666694504695,0.686548150407213,spring,15
2025-05-27 14:15:00+00:00,2025-05-27 14:30:00+00:00,134.78963088125408,0.7257389638557725,spring,15
2025-05-27 14:30:00+00:00,2025-05-27 14:45:00+00:00,137.69193253555466,0.7333673189819339,spring,15
2025-05-27 14:45:00+00:00,2025-05-27 15:00:00+00:00,146.8070206702335,0.7627328422241948,spring,15
2025-05-27 15:00:00+00:00,2025-05-27 15:15:00+00:00,158.31473319455105,0.7907773967298547,spring,15
2025-05-27 15:15:00+00:00,2025-05-27 15:30:00+00:00,171.08308560939525,0.8305380798661749,spring,15
2025-05-27 15:30:00+00:00,2025-05-27 15:45:00+00:00,183.64470843929087,0.8498242604115144,spring,15
2025-05-27 15:45:00+00:00,2025-05-27 16:00:00+00:00,192.1900890754149,0.8734175510580914,spring,15
2025-05-27 16:00:00+00:00,2025-05-27 16:15:00+00:00,209.6438566119598,0.9274631133367541,spring,15
2025-05-27 16:15:00+00:00,2025-05-27 16:30:00+00:00,221.31387049741497,0.9969582451155157,spring,15
2025-05-27 16:30:00+00:00,2025-05-27 16:45:00+00:00,223.9410640809535,1.053764298348736,spring,15
2025-05-27 16:45:00+00:00,2025-05-27 17:00:00+00:00,233.5099109618274,1.0923949433910143,spring,15
2025-05-27 17:00:00+00:00,2025-05-27 17:15:00+00:00,248.43339560025186,1.1158632436414648,spring,15
2025-05-27 17:15:00+00:00,2025-05-27 17:30:00+00:00,253.9746749542428,1.1750754650084259,spring,15
2025-05-27 17:30:00+00:00,2025-05-27 17:45:00+00:00,259.93532174078297,1.1778926439266524,spring,15
2025-05-27 17:45:00+00:00,2025-05-27 18:00:00+00:00,264.0346897608966,1.2020851149333096,spring,15
2025-05-27 18:00:00+00:00,2025-05-27 18:15:00+00:00,272.1465183449211,1.2018786037626703,spring,15
2025-05-27 18:15:00+00:00,2025-05-27 18:30:00+00:00,275.1923527416213,1.2194840810275576,spring,15
2025-05-27 18:30:00+00:00,2025-05-27 18:45:00+00:00,276.948386553612,1.2295209771300513,spring,15
2025-05-27 18:45:00+00:00,2025-05-27 19:00:00+00:00,276.2376720960796,1.2216938382006173,spring,15
2025-05-27 19:00:00+00:00,2025-05-27 19:15:00+00:00,269.4083388982045,1.1799005212910303,spring,15
2025-05-27 19:15:00+00:00,2025-05-27 19:30:00+00:00,267.241357902641,1.1830811613647905,spring,15
2025-05-27 19:30:00+00:00,2025-05-27 19:45:00+00:00,270.61536723686226,1.2031293852054987,spring,15
2025-05-27 19:45:00+00:00,2025-05-27 20:00:00+00:00,275.2141334008017,1.1574153522113089,spring,15
2025-05-27 20:00:00+00:00,2025-05-27 20:15:00+00:00,266.0866812206068,1.1775340847448572,spring,15
2025-05-27 20:15:00+00:00,2025-05-27 20:30:00+00:00,263.47484378133186,1.120325520618689,spring,15
2025-05-27 20:30:00+00:00,2025-05-27 20:45:00+00:00,260.6547034076463,1.1153075474542622,spring,15
2025-05-27 20:45:00+00:00,2025-05-27 21:00:00+00:00,253.70319706559164,1.1107754323358425,spring,15
2025-05-27 21:00:00+00:00,2025-05-27 21:15:00+00:00,244.25994178075132,1.1251293740528305,spring,15
2025-05-27 21:15:00+00:00,2025-05-27 21:30:00+00:00,242.71600730974697,1.1201151307430057,spring,15
2025-05-27 21:30:00+00:00,2025-05-27 21:45:00+00:00,236.9755933755856,1.0920992150865385,spring,15
2025-05-27 21:45:00+00:00,2025-05-27 22:00:00+00:00,230.26365829599538,1.0895857588053417,spring,15
2025-05-27 22:00:00+00:00,2025-05-27 22:15:00+00:00,215.617765113253,1.1095666172493488,spring,15
2025-05-27 22:15:00+00:00,2025-05-27 22:30:00+00:00,209.40555595372095,1.085377728931689,spring,15
2025-05-27 22:30:00+00:00,2025-05-27 22:45:00+00:00,203.51420660119447,1.0394737977535344,spring,15
2025-05-27 22:45:00+00:00,2025-05-27 23:00:00+00:00,200.1334424971992,1.0098279469531766,spring,15
2025-05-27 23:00:00+00:00,2025-05-27 23:15:00+00:00,202.98348536164292,1.0173063598777161,spring,15
2025-05-27 23:15:00+00:00,2025-05-27 23:30:00+00:00,198.23701528855514,1.0045347154098618,spring,15
2025-05-27 23:30:00+00:00,2025-05-27 23:45:00+00:00,197.87400190859714,1.0013384808388943,spring,15
2025-05-27 23:45:00+00:00,2025-05-28 00:00:00+00:00,194.94991100244147,1.0018601729369312,spring,15
2025-05-28 00:00:00+00:00,2025-05-28 00:15:00+00:00,192.2778157407599,0.9950944528464144,spring,15
2025-05-28 00:15:00+00:00,2025-05-28 00:30:00+00:00,191.29312230123074,0.9784001772594257,spring,15
2025-05-28 00:30:00+00:00,2025-05-28 00:45:00+00:00,192.33219924260698,0.9829027653350699,spring,15
2025-05-28 00:45:00+00:00,2025-05-28 01:00:00+00:00,200.1011388658977,0.9978960324541011,spring,15
2025-05-28 01:00:00+00:00,2025-05-28 01:15:00+00:00,207.17449210751806,1.0090283268695392,spring,15
2025-05-28 01:15:00+00:00,2025-05-28 01:30:00+00:00,209.30748829240005,1.0129860811729985,spring,15
2025-05-28 01:30:00+00:00,2025-05-28 01:45:00+00:00,210.1661940812521,1.0167255470152217,spring,15
2025-05-28 01:45:00+00:00,2025-05-28 02:00:00+00:00,210.32707329765546,1.0092009393177441,spring,15
2025-05-28 02:00:00+00:00,2025-05-28 02:15:00+00:00,213.13754955477938,1.0034151770565163,spring,15
2025-05-28 02:15:00+00:00,2025-05-28 02:30:00+00:00,213.8690887381542,1.007146116979387,spring,15
2025-05-28 02:30:00+00:00,2025-05-28 02:45:00+00:00,214.27409425739245,0.9970099991315543,spring,15
2025-05-28 02:45:00+00:00,2025-05-28 03:00:00+00:00,213.38985515161573,0.9913944047284712,spring,15
2025-05-28 03:00:00+00:00,2025-05-28 03:15:00+00:00,218.43772539078418,0.9941270518101081,spring,15
2025-05-28 03:15:00+00:00,2025-05-28 03:30:00+00:00,219.55554103796837,1.0022124406109818,spring,15
2025-05-28 03:30:00+00:00,2025-05-28 03:45:00+00:00,222.53789019660996,1.0153709504382606,spring,15
2025-05-28 03:45:00+00:00,2025-05-28 04:00:00+00:00,223.33882351559438,1.0128225777621083,spring,15
2025-05-28 04:00:00+00:00,2025-05-28 04:15:00+00:00,223.88566888640608,0.9983420020660997,spring,15
2025-05-28 04:15:00+00:00,2025-05-28 04:30:00+00:00,222.00709780317115,1.0124626376809889,spring,15
2025-05-28 04:30:00+00:00,2025-05-28 04:45:00+00:00,220.20296858099113,1.0298657238878837,spring,15
2025-05-28 04:45:00+00:00,2025-05-28 05:00:00+00:00,218.8268233109493,1.0118133991910392,spring,15
2025-05-28 05:00:00+00:00,2025-05-28 05:15:00+00:00,212.1527709168396,1.00400615774888,spring,15
2025-05-28 05:15:00+00:00,2025-05-28 05:30:00+00:00,210.968097003032,1.0012026200180613,spring,15
2025-05-28 05:30:00+00:00,2025-05-28 05:45:00+00:00,212.15673727785776,0.9928608086019017,spring,15
2025-05-28 05:45:00+00:00,2025-05-28 06:00:00+00:00,214.46818459728334,0.9576402323577191,spring,15
2025-05-28 06:00:00+00:00,2025-05-28 06:15:00+00:00,210.04883553003012,1.0044777475655047,spring,15
2025-05-28 06:15:00+00:00,2025-05-28 06:30:00+00:00,210.26420145172986,0.9794213953345974,spring,15
2025-05-28 06:30:00+00:00,2025-05-28 06:45:00+00:00,211.3008042230623,0.9679428622137511,spring,15
2025-05-28 06:45:00+00:00,2025-05-28 07:00:00+00:00,213.29278549311516,0.957148696920517,spring,15
2025-05-28 07:00:00+00:00,2025-05-28 07:15:00+00:00,211.49885090725405,1.0086971446786313,spring,15
2025-05-28 07:15:00+00:00,2025-05-28 07:30:00+00:00,208.70454130263138,0.9877134129181925,spring,15
2025-05-28 07:30:00+00:00,2025-05-28 07:45:00+00:00,206.85683043213942,0.9718077488069418,spring,15
2025-05-28 07:45:00+00:00,2025-05-28 08:00:00+00:00,204.83084148271385,0.8702290258251498,spring,15
2025-05-28 08:00:00+00:00,2025-05-28 08:15:00+00:00,195.28017878970243,0.9552167301048285,spring,15
2025-05-28 08:15:00+00:00,2025-05-28 08:30:00+00:00,193.79443799644108,0.9448928630435343,spring,15
2025-05-28 08:30:00+00:00,2025-05-28 08:45:00+00:00,190.85177124111152,0.9080078143688683,spring,15
2025-05-28 08:45:00+00:00,2025-05-28 09:00:00+00:00,187.76216461267515,0.8786254873148719,spring,15
2025-05-28 09:00:00+00:00,2025-05-28 09:15:00+00:00,181.849046357963,0.8602042228095019,spring,15
2025-05-28 09:15:00+00:00,2025-05-28 09:30:00+00:00,179.21484850724767,0.8451721392033222,spring,15
2025-05-28 09:30:00+00:00,2025-05-28 09:45:00+00:00,175.59852029621544,0.7657565936621477,spring,15
2025-05-28 09:45:00+00:00,2025-05-28 10:00:00+00:00,166.97676206203434,0.800758209231153,spring,15
2025-05-28 10:00:00+00:00,2025-05-28 10:15:00+00:00,161.20075449580278,0.7266932790844328,spring,15
2025-05-28 10:15:00+00:00,2025-05-28 10:30:00+00:00,158.09313932190034,0.7078912528139005,spring,15
2025-05-28 10:30:00+00:00,2025-05-28 10:45:00+00:00,155.3021706111623,0.7123958196391376,spring,15
2025-05-28 10:45:00+00:00,2025-05-28 11:00:00+00:00,153.83574680924207,0.7091462614903524,spring,15
2025-05-28 11:00:00+00:00,2025-05-28 11:15:00+00:00,152.4562635163512,0.7204288447542897,spring,15
2025-05-28 11:15:00+00:00,2025-05-28 11:30:00+00:00,151.67554540404504,0.7274114578130878,spring,15
2025-05-28 11:30:00+00:00,2025-05-28 11:45:00+00:00,154.44484967564247,0.6957551714433611,spring,15
2025-05-28 11:45:00+00:00,2025-05-28 12:00:00+00:00,161.1723836925915,0.7166542480528698,spring,15
2025-05-28 12:00:00+00:00,2025-05-28 12:15:00+00:00,163.0427907426487,0.7327578653873555,spring,15
2025-05-28 12:15:00+00:00,2025-05-28 12:30:00+00:00,167.32772387829428,0.7434363067700137,spring,15
2025-05-28 12:30:00+00:00,2025-05-28 12:45:00+00:00,170.74397153788325,0.7502573584401232,spring,15
2025-05-28 12:45:00+00:00,2025-05-28 13:00:00+00:00,173.22636542468808,0.7608123265491943,spring,15
2025-05-28 13:00:00+00:00,2025-05-28 13:15:00+00:00,176.35432748415064,0.770570969302469,spring,15
2025-05-28 13:15:00+00:00,2025-05-28 13:30:00+00:00,179.27712251791246,0.7898244610689495,spring,15
2025-05-28 13:30:00+00:00,2025-05-28 13:45:00+00:00,180.6262653640935,0.7944828659533832,spring,15
2025-05-28 13:45:00+00:00,2025-05-28 14:00:00+00:00,180.35541737502135,0.7932997633882397,spring,15
2025-05-28 14:00:00+00:00,2025-05-28 14:15:00+00:00,186.23772227170392,0.8111827675145351,spring,15
2025-05-28 14:15:00+00:00,2025-05-28 14:30:00+00:00,190.27473012294422,0.8310181680840193,spring,15
2025-05-28 14:30:00+00:00,2025-05-28 14:45:00+00:00,193.9786977812061,0.8476838289275611,spring,15
2025-05-28 14:45:00+00:00,2025-05-28 15:00:00+00:00,197.95074215499676,0.8609960441845897,spring,15
2025-05-28 15:00:00+00:00,2025-05-28 15:15:00+00:00,203.5452715640304,0.8534352118356384,spring,15
2025-05-28 15:15:00+00:00,2025-05-28 15:30:00+00:00,207.3810918909798,0.8898112366431398,spring,15
2025-05-28 15:30:00+00:00,2025-05-28 15:45:00+00:00,212.86922104975477,0.8763925909181929,spring,15
2025-05-28 15:45:00+00:00,2025-05-28 16:00:00+00:00,214.15435396026078,0.8786675957162672,spring,15
2025-05-28 16:00:00+00:00,2025-05-28 16:15:00+00:00,220.97335217408184,0.9052697718969326,spring,15
2025-05-28 16:15:00+00:00,2025-05-28 16:30:00+00:00,225.24332703016697,0.9518241368267538,spring,15
2025-05-28 16:30:00+00:00,2025-05-28 16:45:00+00:00,226.98002997949703,0.9586334987650861,spring,15
2025-05-28 16:45:00+00:00,2025-05-28 17:00:00+00:00,229.6817549518079,0.9435311976885234,spring,15
2025-05-28 17:00:00+00:00,2025-05-28 17:15:00+00:00,237.79431495528854,0.9692842571750758,spring,15
2025-05-28 17:15:00+00:00,2025-05-28 17:30:00+00:00,237.60788070804136,0.985982500383293,spring,15
2025-05-28 17:30:00+00:00,2025-05-28 17:45:00+00:00,238.71663226320842,1.007284012831199,spring,15
2025-05-28 17:45:00+00:00,2025-05-28 18:00:00+00:00,241.63284126184715,1.0534932392695344,spring,15
2025-05-28 18:00:00+00:00,2025-05-28 18:15:00+00:00,252.80931640709437,1.083369660640085,spring,15
2025-05-28 18:15:00+00:00,2025-05-28 18:30:00+00:00,255.13014323558903,1.1119936199997535,spring,15
2025-05-28 18:30:00+00:00,2025-05-28 18:45:00+00:00,257.96199948781816,1.1818698194193726,spring,15
2025-05-28 18:45:00+00:00,2025-05-28 19:00:00+00:00,260.62679844617185,1.2235883673483052,spring,15
2025-05-28 19:00:00+00:00,2025-05-28 19:15:00+00:00,259.6056662366339,1.2683166945099555,spring,15
2025-05-28 19:15:00+00:00,2025-05-28 19:30:00+00:00,260.73206183424,1.261739574728231,spring,15
2025-05-28 19:30:00+00:00,2025-05-28 19:45:00+00:00,265.1838527324917,1.2246720276483463,spring,15
2025-05-28 19:45:00+00:00,2025-05-28 20:00:00+00:00,270.4003493199423,1.2340269963424397,spring,15
2025-05-28 20:00:00+00:00,2025-05-28 20:15:00+00:00,271.10024375163016,1.2220979973607833,spring,15
2025-05-28 20:15:00+00:00,2025-05-28 20:30:00+00:00,273.2539736245104,1.2329045762629294,spring,15
2025-05-28 20:30:00+00:00,2025-05-28 20:45:00+00:00,273.1634440393381,1.238455461103505,spring,15
2025-05-28 20:45:00+00:00,2025-05-28 21:00:00+00:00,274.9913279446737,1.2546499153474175,spring,15
2025-05-28 21:00:00+00:00,2025-05-28 21:15:00+00:00,278.50513160639116,1.2849845817552108,spring,15
2025-05-28 21:15:00+00:00,2025-05-28 21:30:00+00:00,284.1955677063403,1.2705007668070056,spring,15
2025-05-28 21:30:00+00:00,2025-05-28 21:45:00+00:00,279.66903611428495,1.2997653935679536,spring,15
2025-05-28 21:45:00+00:00,2025-05-28 22:00:00+00:00,278.69588841190676,1.3561412344309054,spring,15
2025-05-28 22:00:00+00:00,2025-05-28 22:15:00+00:00,286.0127347594789,1.42276376680187,spring,15
2025-05-28 22:15:00+00:00,2025-05-28 22:30:00+00:00,284.4228409774582,1.384053713893103,spring,15
2025-05-28 22:30:00+00:00,2025-05-28 22:45:00+00:00,293.38910443030335,1.3774555653474694,spring,15
2025-05-28 22:45:00+00:00,2025-05-28 23:00:00+00:00,283.79252996303507,1.347591520984195,spring,15
2025-05-28 23:00:00+00:00,2025-05-28 23:15:00+00:00,281.34460478533333,1.3610938680726647,spring,15
2025-05-28 23:15:00+00:00,2025-05-28 23:30:00+00:00,285.7397457650498,1.38492728561893,spring,15
2025-05-28 23:30:00+00:00,2025-05-28 23:45:00+00:00,289.21741447467673,1.3841938825615563,spring,15
2025-05-28 23:45:00+00:00,2025-05-29 00:00:00+00:00,289.1459265781682,1.397287316103138,spring,15
2025-05-29 00:00:00+00:00,2025-05-29 00:15:00+00:00,290.2129839111782,1.4195178354096878,spring,15
2025-05-29 00:15:00+00:00,2025-05-29 00:30:00+00:00,291.4287930524331,1.438166524831896,spring,15
2025-05-29 00:30:00+00:00,2025-05-29 00:45:00+00:00,295.54620405322726,1.4645950212480883,spring,15
2025-05-29 00:45:00+00:00,2025-05-29 01:00:00+00:00,296.74386092683596,1.4900475769688128,spring,15
2025-05-29 01:00:00+00:00,2025-05-29 01:15:00+00:00,300.25971115092227,1.5257168702420123,spring,15
2025-05-29 01:15:00+00:00,2025-05-29 01:30:00+00:00,302.3437574508795,1.573353096872173,spring,15
2025-05-29 01:30:00+00:00,2025-05-29 01:45:00+00:00,305.2471439886786,1.6008567626736065,spring,15
2025-05-29 01:45:00+00:00,2025-05-29 02:00:00+00:00,309.3085925962093,1.5592426669460122,spring,15
2025-05-29 02:00:00+00:00,2025-05-29 02:15:00+00:00,312.28424563256686,1.5653678310554964,spring,15
2025-05-29 02:15:00+00:00,2025-05-29 02:30:00+00:00,316.0043710285957,1.5768761832325278,spring,15
2025-05-29 02:30:00+00:00,2025-05-29 02:45:00+00:00,319.03147395218315,1.5901572130091808,spring,15
2025-05-29 02:45:00+00:00,2025-05-29 03:00:00+00:00,320.1358295594523,1.6036726679028532,spring,15
2025-05-29 03:00:00+00:00,2025-05-29 03:15:00+00:00,327.3186957507348,1.6305140054717322,spring,15
2025-05-29 03:15:00+00:00,2025-05-29 03:30:00+00:00,329.4829617010697,1.646288500610179,spring,15
2025-05-29 03:30:00+00:00,2025-05-29 03:45:00+00:00,331.5257753997327,1.6726721060601277,spring,15
2025-05-29 03:45:00+00:00,2025-05-29 04:00:00+00:00,331.0941579684733,1.74065736879062,spring,15
2025-05-29 04:00:00+00:00,2025-05-29 04:15:00+00:00,324.6234722468968,1.6565398058249874,spring,15
2025-05-29 04:15:00+00:00,2025-05-29 04:30:00+00:00,322.2460069545517,1.6561524777269285,spring,15
2025-05-29 04:30:00+00:00,2025-05-29 04:45:00+00:00,316.8023834902213,1.604922383998553,spring,15
2025-05-29 04:45:00+00:00,2025-05-29 05:00:00+00:00,302.93329605901414,1.5669058928767159,spring,15
2025-05-29 05:00:00+00:00,2025-05-29 05:15:00+00:00,283.74962728762523,1.5134921823331682,spring,15
2025-05-29 05:15:00+00:00,2025-05-29 05:30:00+00:00,278.35628560879945,1.4770717122249377,spring,15
2025-05-29 05:30:00+00:00,2025-05-29 05:45:00+00:00,268.8254185744798,1.4154266155222106,spring,15
2025-05-29 05:45:00+00:00,2025-05-29 06:00:00+00:00,256.14316789754594,1.3682617840778224,spring,15
2025-05-29 06:00:00+00:00,2025-05-29 06:15:00+00:00,236.53111612202653,1.314188709564627,spring,15
2025-05-29 06:15:00+00:00,2025-05-29 06:30:00+00:00,224.13505150206774,1.2722240746719882,spring,15
2025-05-29 06:30:00+00:00,2025-05-29 06:45:00+00:00,210.4960184518555,1.2108681641993806,spring,15
2025-05-29 06:45:00+00:00,2025-05-29 07:00:00+00:00,184.44953730387337,1.1417823326526166,spring,15
2025-05-29 07:00:00+00:00,2025-05-29 07:15:00+00:00,169.44684772877147,1.1124879179711922,spring,15
2025-05-29 07:15:00+00:00,2025-05-29 07:30:00+00:00,157.9009275894724,1.0803170543843155,spring,15
2025-05-29 07:30:00+00:00,2025-05-29 07:45:00+00:00,148.02586011105754,1.0311016145158336,spring,15
2025-05-29 07:45:00+00:00,2025-05-29 08:00:00+00:00,141.46291866188633,0.9864173602129498,spring,15
2025-05-29 08:00:00+00:00,2025-05-29 08:15:00+00:00,135.39346451696258,0.9351826622662309,spring,15
2025-05-29 08:15:00+00:00,2025-05-29 08:30:00+00:00,132.66060326255,0.9079646685438099,spring,15
2025-05-29 08:30:00+00:00,2025-05-29 08:45:00+00:00,129.6082235187353,0.8759546771353779,spring,15
2025-05-29 08:45:00+00:00,2025-05-29 09:00:00+00:00,126.69861612855527,0.8538724172358685,spring,15
2025-05-29 09:00:00+00:00,2025-05-29 09:15:00+00:00,122.12192882516963,0.8345298701306862,spring,15
2025-05-29 09:15:00+00:00,2025-05-29 09:30:00+00:00,119.29248075442125,0.8077135692954487,spring,15
2025-05-29 09:30:00+00:00,2025-05-29 09:45:00+00:00,117.22075040344514,0.8038560437327716,spring,15
2025-05-29 09:45:00+00:00,2025-05-29 10:00:00+00:00,116.15450749836208,0.7925569464343645,spring,15
2025-05-29 10:00:00+00:00,2025-05-29 10:15:00+00:00,115.09451653097359,0.789892783868838,spring,15
2025-05-29 10:15:00+00:00,2025-05-29 10:30:00+00:00,114.66195611070994,0.7801167480592707,spring,15
2025-05-29 10:30:00+00:00,2025-05-29 10:45:00+00:00,113.07520896020245,0.7687383385234535,spring,15
2025-05-29 10:45:00+00:00,2025-05-29 11:00:00+00:00,113.02805376938079,0.7631742327505103,spring,15
2025-05-29 11:00:00+00:00,2025-05-29 11:15:00+00:00,113.23982546910412,0.7738684301946648,spring,15
2025-05-29 11:15:00+00:00,2025-05-29 11:30:00+00:00,112.91876766147058,0.7746919931514927,spring,15
2025-05-29 11:30:00+00:00,2025-05-29 11:45:00+00:00,113.45650426598675,0.7809787465515752,spring,15
2025-05-29 11:45:00+00:00,2025-05-29 12:00:00+00:00,113.16071292677006,0.7831424174299297,spring,15
2025-05-29 12:00:00+00:00,2025-05-29 12:15:00+00:00,112.75064492287312,0.7826333540887807,spring,15
2025-05-29 12:15:00+00:00,2025-05-29 12:30:00+00:00,114.25873855054903,0.7906093895293145,spring,15
2025-05-29 12:30:00+00:00,2025-05-29 12:45:00+00:00,114.796037079286,0.8164653207793245,spring,15
2025-05-29 12:45:00+00:00,2025-05-29 13:00:00+00:00,115.15050528936123,0.8289804982986639,spring,15
2025-05-29 13:00:00+00:00,2025-05-29 13:15:00+00:00,116.95147167372839,0.8397997387833767,spring,15
2025-05-29 13:15:00+00:00,2025-05-29 13:30:00+00:00,118.69359829045527,0.8600331327106177,spring,15
2025-05-29 13:30:00+00:00,2025-05-29 13:45:00+00:00,120.16384924403565,0.8863426268763311,spring,15
2025-05-29 13:45:00+00:00,2025-05-29 14:00:00+00:00,121.88461316909031,0.9068555674869156,spring,15
2025-05-29 14:00:00+00:00,2025-05-29 14:15:00+00:00,125.98037598608738,0.9020397273228727,spring,15
2025-05-29 14:15:00+00:00,2025-05-29 14:30:00+00:00,131.21039398364024,0.9417587277857133,spring,15
2025-05-29 14:30:00+00:00,2025-05-29 14:45:00+00:00,136.02907392201038,0.9805199759826678,spring,15
2025-05-29 14:45:00+00:00,2025-05-29 15:00:00+00:00,142.6609797742374,1.0215787575257664,spring,15
2025-05-29 15:00:00+00:00,2025-05-29 15:15:00+00:00,145.17844343509228,1.031452824463791,spring,15
2025-05-29 15:15:00+00:00,2025-05-29 15:30:00+00:00,149.21261820757456,1.0574437134167092,spring,15
2025-05-29 15:30:00+00:00,2025-05-29 15:45:00+00:00,150.8379694852978,1.0570275526812862,spring,15
2025-05-29 15:45:00+00:00,2025-05-29 16:00:00+00:00,154.57822667445117,1.096987041002779,spring,15
2025-05-29 16:00:00+00:00,2025-05-29 16:15:00+00:00,157.3746488926758,1.1081453643532726,spring,15
2025-05-29 16:15:00+00:00,2025-05-29 16:30:00+00:00,160.03102249104455,1.1495942292756829,spring,15
2025-05-29 16:30:00+00:00,2025-05-29 16:45:00+00:00,162.702027900425,1.1566062315383723,spring,15
2025-05-29 16:45:00+00:00,2025-05-29 17:00:00+00:00,165.22840677040222,1.168786872458973,spring,15
2025-05-29 17:00:00+00:00,2025-05-29 17:15:00+00:00,173.34091154585167,1.1930614057490811,spring,15
2025-05-29 17:15:00+00:00,2025-05-29 17:30:00+00:00,174.77985114909802,1.2068816874722124,spring,15
2025-05-29 17:30:00+00:00,2025-05-29 17:45:00+00:00,174.14081471941924,1.218865439189444,spring,15
2025-05-29 17:45:00+00:00,2025-05-29 18:00:00+00:00,176.80504373857306,1.2222902946813714,spring,15
2025-05-29 18:00:00+00:00,2025-05-29 18:15:00+00:00,188.00878460044385,1.2389564764506678,spring,15
2025-05-29 18:15:00+00:00,2025-05-29 18:30:00+00:00,192.01073990398896,1.237018523843038,spring,15
2025-05-29 18:30:00+00:00,2025-05-29 18:45:00+00:00,193.51593345823437,1.2420278506740883,spring,15
2025-05-29 18:45:00+00:00,2025-05-29 19:00:00+00:00,194.2672028915149,1.2489731035869573,spring,15
2025-05-29 19:00:00+00:00,2025-05-29 19:15:00+00:00,199.38983264542503,1.2292045769562974,spring,15
2025-05-29 19:15:00+00:00,2025-05-29 19:30:00+00:00,203.2501541881838,1.238494467517462,spring,15
2025-05-29 19:30:00+00:00,2025-05-29 19:45:00+00:00,204.01000027170707,1.2276331899016795,spring,15
2025-05-29 19:45:00+00:00,2025-05-29 20:00:00+00:00,203.73576338531427,1.2257287277127868,spring,15
2025-05-29 20:00:00+00:00,2025-05-29 20:15:00+00:00,205.2042753216321,1.2986845444873978,spring,15
2025-05-29 20:15:00+00:00,2025-05-29 20:30:00+00:00,203.07274157436206,1.332607320158321,spring,15
2025-05-29 20:30:00+00:00,2025-05-29 20:45:00+00:00,201.25832050217804,1.2665512497486184,spring,15
2025-05-29 20:45:00+00:00,2025-05-29 21:00:00+00:00,199.01477183030312,1.2145189001853023,spring,15
2025-05-29 21:00:00+00:00,2025-05-29 21:15:00+00:00,189.80355583361236,1.1558470369001232,spring,15
2025-05-29 21:15:00+00:00,2025-05-29 21:30:00+00:00,183.05904685954565,1.105109455099829,spring,15
2025-05-29 21:30:00+00:00,2025-05-29 21:45:00+00:00,181.16321493342468,1.0845635205947373,spring,15
2025-05-29 21:45:00+00:00,2025-05-29 22:00:00+00:00,180.48905190234538,1.0852178291452708,spring,15
2025-05-29 22:00:00+00:00,2025-05-29 22:15:00+00:00,174.84685074433494,1.0869602017351054,spring,15
2025-05-29 22:15:00+00:00,2025-05-29 22:30:00+00:00,174.37697297951578,1.1123183952647893,spring,15
2025-05-29 22:30:00+00:00,2025-05-29 22:45:00+00:00,172.87041231828275,1.110109315506692,spring,15
2025-05-29 22:45:00+00:00,2025-05-29 23:00:00+00:00,171.35892372016744,1.108573348433605,spring,15
2025-05-29 23:00:00+00:00,2025-05-29 23:15:00+00:00,169.97042142387022,1.1123760609341415,spring,15
2025-05-29 23:15:00+00:00,2025-05-29 23:30:00+00:00,169.85813218305768,1.1265805423623962,spring,15
2025-05-29 23:30:00+00:00,2025-05-29 23:45:00+00:00,169.095995591132,1.1180319818617706,spring,15
2025-05-29 23:45:00+00:00,2025-05-30 00:00:00+00:00,172.87802868717148,1.1209705956551368,spring,15
2025-05-30 00:00:00+00:00,2025-05-30 00:15:00+00:00,175.37966581828243,1.121260067212665,spring,15
2025-05-30 00:15:00+00:00,2025-05-30 00:30:00+00:00,174.92998806196726,1.1257025591405552,spring,15
2025-05-30 00:30:00+00:00,2025-05-30 00:45:00+00:00,174.86234758129467,1.1247004370181035,spring,15
2025-05-30 00:45:00+00:00,2025-05-30 01:00:00+00:00,176.4297320507766,1.1294275355903343,spring,15
2025-05-30 01:00:00+00:00,2025-05-30 01:15:00+00:00,176.50401743283732,1.147843721950213,spring,15
2025-05-30 01:15:00+00:00,2025-05-30 01:30:00+00:00,176.32495356335264,1.1436078553556377,spring,15
2025-05-30 01:30:00+00:00,2025-05-30 01:45:00+00:00,176.13612158829392,1.1406815051296573,spring,15
2025-05-30 01:45:00+00:00,2025-05-30 02:00:00+00:00,176.3392315440684,1.1341600962464917,spring,15
2025-05-30 02:00:00+00:00,2025-05-30 02:15:00+00:00,174.40586144762503,1.1419158614886815,spring,15
2025-05-30 02:15:00+00:00,2025-05-30 02:30:00+00:00,176.12105060328776,1.1597480071199429,spring,15
2025-05-30 02:30:00+00:00,2025-05-30 02:45:00+00:00,177.7258007099258,1.1774505125272259,spring,15
2025-05-30 02:45:00+00:00,2025-05-30 03:00:00+00:00,176.7957630070057,1.211416158323612,spring,15
2025-05-30 03:00:00+00:00,2025-05-30 03:15:00+00:00,178.06899656369507,1.172582095435874,spring,15
2025-05-30 03:15:00+00:00,2025-05-30 03:30:00+00:00,176.18717539279285,1.161711838575912,spring,15
2025-05-30 03:30:00+00:00,2025-05-30 03:45:00+00:00,173.08352150950486,1.1685925450121344,spring,15
2025-05-30 03:45:00+00:00,2025-05-30 04:00:00+00:00,172.14041652969476,1.1638499266168596,spring,15
2025-05-30 04:00:00+00:00,2025-05-30 04:15:00+00:00,174.3426992976347,1.167462467975185,spring,15
2025-05-30 04:15:00+00:00,2025-05-30 04:30:00+00:00,173.97698479197254,1.1333762626669677,spring,15
2025-05-30 04:30:00+00:00,2025-05-30 04:45:00+00:00,172.69726520504574,1.1081881318324194,spring,15
2025-05-30 04:45:00+00:00,2025-05-30 05:00:00+00:00,171.0373114089868,1.0852649870064373,spring,15
2025-05-30 05:00:00+00:00,2025-05-30 05:15:00+00:00,165.26258085854522,1.0420985504661824,spring,15
2025-05-30 05:15:00+00:00,2025-05-30 05:30:00+00:00,163.8972274252113,1.0179340600078302,spring,15
2025-05-30 05:30:00+00:00,2025-05-30 05:45:00+00:00,161.38152304540034,0.9816586509217601,spring,15
2025-05-30 05:45:00+00:00,2025-05-30 06:00:00+00:00,155.89376312237127,0.9512342142831359,spring,15
2025-05-30 06:00:00+00:00,2025-05-30 06:15:00+00:00,141.06485370283676,0.9198330146138851,spring,15
2025-05-30 06:15:00+00:00,2025-05-30 06:30:00+00:00,131.30243442568536,0.8712510417164789,spring,15
2025-05-30 06:30:00+00:00,2025-05-30 06:45:00+00:00,125.55552393413434,0.8375588921060674,spring,15
2025-05-30 06:45:00+00:00,2025-05-30 07:00:00+00:00,119.37266548111145,0.797490009573529,spring,15
2025-05-30 07:00:00+00:00,2025-05-30 07:15:00+00:00,113.24075823075152,0.7724642146733758,spring,15
2025-05-30 07:15:00+00:00,2025-05-30 07:30:00+00:00,109.1238366710095,0.7374362524334194,spring,15
2025-05-30 07:30:00+00:00,2025-05-30 07:45:00+00:00,109.12595241749118,0.7352191868605052,spring,15
2025-05-30 07:45:00+00:00,2025-05-30 08:00:00+00:00,107.20715697757888,0.7353796735728221,spring,15
2025-05-30 08:00:00+00:00,2025-05-30 08:15:00+00:00,104.79304860188769,0.7327037358794574,spring,15
2025-05-30 08:15:00+00:00,2025-05-30 08:30:00+00:00,103.23641216802666,0.6893952742370567,spring,15
2025-05-30 08:30:00+00:00,2025-05-30 08:45:00+00:00,102.04572909521555,0.6828888069988256,spring,15
2025-05-30 08:45:00+00:00,2025-05-30 09:00:00+00:00,101.48564885098558,0.6748941158314161,spring,15
2025-05-30 09:00:00+00:00,2025-05-30 09:15:00+00:00,105.51416757022099,0.693853096779289,spring,15
2025-05-30 09:15:00+00:00,2025-05-30 09:30:00+00:00,103.42847611918148,0.6725767826139653,spring,15
2025-05-30 09:30:00+00:00,2025-05-30 09:45:00+00:00,102.75519360348585,0.6721523679571246,spring,15
2025-05-30 09:45:00+00:00,2025-05-30 10:00:00+00:00,101.09875569190667,0.6589725855537557,spring,15
2025-05-30 10:00:00+00:00,2025-05-30 10:15:00+00:00,99.59032513447875,0.6155589059493507,spring,15
2025-05-30 10:15:00+00:00,2025-05-30 10:30:00+00:00,98.43298421495314,0.6026512154962069,spring,15
2025-05-30 10:30:00+00:00,2025-05-30 10:45:00+00:00,96.99344059351806,0.592104288772433,spring,15
2025-05-30 10:45:00+00:00,2025-05-30 11:00:00+00:00,96.99647930222162,0.6031015506897024,spring,15
2025-05-30 11:00:00+00:00,2025-05-30 11:15:00+00:00,95.92276809552055,0.593807775100485,spring,15
2025-05-30 11:15:00+00:00,2025-05-30 11:30:00+00:00,95.86370271952465,0.5885818328752549,spring,15
2025-05-30 11:30:00+00:00,2025-05-30 11:45:00+00:00,96.65202123908277,0.6036633082039714,spring,15
2025-05-30 11:45:00+00:00,2025-05-30 12:00:00+00:00,97.09926569673026,0.6100286443991566,spring,15
2025-05-30 12:00:00+00:00,2025-05-30 12:15:00+00:00,97.32787740516636,0.6119398279792722,spring,15
2025-05-30 12:15:00+00:00,2025-05-30 12:30:00+00:00,97.8080763076094,0.6053165374390396,spring,15
2025-05-30 12:30:00+00:00,2025-05-30 12:45:00+00:00,97.95694078273849,0.6122816436384023,spring,15
2025-05-30 12:45:00+00:00,2025-05-30 13:00:00+00:00,99.28234575312747,0.6204179149643669,spring,15
2025-05-30 13:00:00+00:00,2025-05-30 13:15:00+00:00,100.59644645545119,0.6282632912564765,spring,15
2025-05-30 13:15:00+00:00,2025-05-30 13:30:00+00:00,101.42623867761685,0.6389449866272996,spring,15
2025-05-30 13:30:00+00:00,2025-05-30 13:45:00+00:00,102.17881190906262,0.6600641088934059,spring,15
2025-05-30 13:45:00+00:00,2025-05-30 14:00:00+00:00,103.09334604074989,0.6825860976776542,spring,15
2025-05-30 14:00:00+00:00,2025-05-30 14:15:00+00:00,105.48685972057957,0.6827658326717427,spring,15
2025-05-30 14:15:00+00:00,2025-05-30 14:30:00+00:00,108.40881733439402,0.6997929369266612,spring,15
2025-05-30 14:30:00+00:00,2025-05-30 14:45:00+00:00,109.15937297706597,0.7174080158274525,spring,15
2025-05-30 14:45:00+00:00,2025-05-30 15:00:00+00:00,108.8602591919515,0.7116045209076794,spring,15
2025-05-30 15:00:00+00:00,2025-05-30 15:15:00+00:00,111.23687864650536,0.7437574377429577,spring,15
2025-05-30 15:15:00+00:00,2025-05-30 15:30:00+00:00,118.25403462681135,0.7761696942028808,spring,15
2025-05-30 15:30:00+00:00,2025-05-30 15:45:00+00:00,124.46296061888177,0.7994843103968656,spring,15
2025-05-30 15:45:00+00:00,2025-05-30 16:00:00+00:00,133.37537480327822,0.8342241800057645,spring,15
2025-05-30 16:00:00+00:00,2025-05-30 16:15:00+00:00,145.95778397512777,0.8843464685089913,spring,15
2025-05-30 16:15:00+00:00,2025-05-30 16:30:00+00:00,155.66424935477292,0.9312314672587038,spring,15
2025-05-30 16:30:00+00:00,2025-05-30 16:45:00+00:00,166.21940696944966,1.0240170879199908,spring,15
2025-05-30 16:45:00+00:00,2025-05-30 17:00:00+00:00,177.77196122611778,1.1185871801048226,spring,15
2025-05-30 17:00:00+00:00,2025-05-30 17:15:00+00:00,207.2288352939889,1.0764055939424764,spring,15
2025-05-30 17:15:00+00:00,2025-05-30 17:30:00+00:00,224.33693090777965,1.1345516523272878,spring,15
2025-05-30 17:30:00+00:00,2025-05-30 17:45:00+00:00,230.34824583357786,1.2032553549873362,spring,15
2025-05-30 17:45:00+00:00,2025-05-30 18:00:00+00:00,238.35197752304236,1.315272214215535,spring,15
2025-05-30 18:00:00+00:00,2025-05-30 18:15:00+00:00,261.0653654124862,1.3938582841169629,spring,15
2025-05-30 18:15:00+00:00,2025-05-30 18:30:00+00:00,267.8816933329969,1.4775997208298899,spring,15
2025-05-30 18:30:00+00:00,2025-05-30 18:45:00+00:00,273.66971649507747,1.5561729805863835,spring,15
2025-05-30 18:45:00+00:00,2025-05-30 19:00:00+00:00,279.52392738634273,1.607039238283829,spring,15
2025-05-30 19:00:00+00:00,2025-05-30 19:15:00+00:00,284.75508196971526,1.6270891359426396,spring,15
2025-05-30 19:15:00+00:00,2025-05-30 19:30:00+00:00,291.8743874267164,1.6490084982121833,spring,15
2025-05-30 19:30:00+00:00,2025-05-30 19:45:00+00:00,299.51877264044396,1.6272880317544858,spring,15
2025-05-30 19:45:00+00:00,2025-05-30 20:00:00+00:00,303.61994031878044,1.5948967522561552,spring,15
2025-05-30 20:00:00+00:00,2025-05-30 20:15:00+00:00,305.7858902040297,1.65161962691814,spring,15
2025-05-30 20:15:00+00:00,2025-05-30 20:30:00+00:00,307.2520204877157,1.6751120871182579,spring,15
2025-05-30 20:30:00+00:00,2025-05-30 20:45:00+00:00,309.1547821627066,1.5996791100224486,spring,15
2025-05-30 20:45:00+00:00,2025-05-30 21:00:00+00:00,316.1247154024192,1.5792630920800534,spring,15
2025-05-30 21:00:00+00:00,2025-05-30 21:15:00+00:00,322.9278598675513,1.6555921916322,spring,15
2025-05-30 21:15:00+00:00,2025-05-30 21:30:00+00:00,327.1201235522974,1.634108532613354,spring,15
2025-05-30 21:30:00+00:00,2025-05-30 21:45:00+00:00,333.6100101285738,1.6529874369553426,spring,15
2025-05-30 21:45:00+00:00,2025-05-30 22:00:00+00:00,338.5543595235179,1.682285903110773,spring,15
2025-05-30 22:00:00+00:00,2025-05-30 22:15:00+00:00,342.14457519391556,1.7213727072155458,spring,15
2025-05-30 22:15:00+00:00,2025-05-30 22:30:00+00:00,349.9695176395988,1.7525914690906554,spring,15
2025-05-30 22:30:00+00:00,2025-05-30 22:45:00+00:00,362.35546672533,1.77150972891533,spring,15
2025-05-30 22:45:00+00:00,2025-05-30 23:00:00+00:00,368.5996111451458,1.8112593163224657,spring,15
2025-05-30 23:00:00+00:00,2025-05-30 23:15:00+00:00,365.48147946330823,1.9026422760179318,spring,15
2025-05-30 23:15:00+00:00,2025-05-30 23:30:00+00:00,370.49372712141667,1.9059566351292911,spring,15
2025-05-30 23:30:00+00:00,2025-05-30 23:45:00+00:00,377.25962238226845,1.899530833298388,spring,15
2025-05-30 23:45:00+00:00,2025-05-31 00:00:00+00:00,381.07544884460333,1.925679409670926,spring,15
2025-05-31 00:00:00+00:00,2025-05-31 00:15:00+00:00,391.494559073186,1.951456848997609,spring,15
2025-05-31 00:15:00+00:00,2025-05-31 00:30:00+00:00,396.8398692936414,2.029698316391315,spring,15
2025-05-31 00:30:00+00:00,2025-05-31 00:45:00+00:00,401.98792456299805,2.078927975820699,spring,15
2025-05-31 00:45:00+00:00,2025-05-31 01:00:00+00:00,405.6423016961093,2.0733585737900406,spring,15
2025-05-31 01:00:00+00:00,2025-05-31 01:15:00+00:00,412.9310901213467,2.065988884810118,spring,15
2025-05-31 01:15:00+00:00,2025-05-31 01:30:00+00:00,415.41526333918335,2.071921959559883,spring,15
2025-05-31 01:30:00+00:00,2025-05-31 01:45:00+00:00,416.9085088913842,2.071853357807728,spring,15
2025-05-31 01:45:00+00:00,2025-05-31 02:00:00+00:00,417.02127184120155,2.061132357669049,spring,15
2025-05-31 02:00:00+00:00,2025-05-31 02:15:00+00:00,426.22036063200665,2.124484149326015,spring,15
2025-05-31 02:15:00+00:00,2025-05-31 02:30:00+00:00,430.1979439096736,2.145776865681532,spring,15
2025-05-31 02:30:00+00:00,2025-05-31 02:45:00+00:00,433.2064674028015,2.159956072663198,spring,15
2025-05-31 02:45:00+00:00,2025-05-31 03:00:00+00:00,432.99371514006015,2.1953500790822336,spring,15
2025-05-31 03:00:00+00:00,2025-05-31 03:15:00+00:00,435.25569779213964,2.2481630590029336,spring,15
2025-05-31 03:15:00+00:00,2025-05-31 03:30:00+00:00,436.81411962042347,2.216211877379035,spring,15
2025-05-31 03:30:00+00:00,2025-05-31 03:45:00+00:00,433.23177817162264,2.2034679790507252,spring,15
2025-05-31 03:45:00+00:00,2025-05-31 04:00:00+00:00,421.4467796594037,2.1921634636252296,spring,15
2025-05-31 04:00:00+00:00,2025-05-31 04:15:00+00:00,395.32224670121207,2.059308673962319,spring,15
2025-05-31 04:15:00+00:00,2025-05-31 04:30:00+00:00,382.4880313930807,2.0054298345627184,spring,15
2025-05-31 04:30:00+00:00,2025-05-31 04:45:00+00:00,367.07353448133813,1.9343249719026954,spring,15
2025-05-31 04:45:00+00:00,2025-05-31 05:00:00+00:00,344.88664755347685,1.8444134752108947,spring,15
2025-05-31 05:00:00+00:00,2025-05-31 05:15:00+00:00,306.1553076491059,1.6590167710500245,spring,15
2025-05-31 05:15:00+00:00,2025-05-31 05:30:00+00:00,291.6540708612945,1.5817026032171024,spring,15
2025-05-31 05:30:00+00:00,2025-05-31 05:45:00+00:00,272.42409823546984,1.5293055417885315,spring,15
2025-05-31 05:45:00+00:00,2025-05-31 06:00:00+00:00,243.9446997456332,1.4443779077908865,spring,15
2025-05-31 06:00:00+00:00,2025-05-31 06:15:00+00:00,212.86067931838218,1.3866140679510612,spring,15
2025-05-31 06:15:00+00:00,2025-05-31 06:30:00+00:00,191.78684858983803,1.2601619147520184,spring,15
2025-05-31 06:30:00+00:00,2025-05-31 06:45:00+00:00,179.67914308509557,1.1871834029693207,spring,15
2025-05-31 06:45:00+00:00,2025-05-31 07:00:00+00:00,169.61576986767273,1.116540067676729,spring,15
2025-05-31 07:00:00+00:00,2025-05-31 07:15:00+00:00,161.10066318819628,1.0575142197682939,spring,15
2025-05-31 07:15:00+00:00,2025-05-31 07:30:00+00:00,156.03347615634942,0.9873695352795645,spring,15
2025-05-31 07:30:00+00:00,2025-05-31 07:45:00+00:00,150.81116853123993,0.9356007569912057,spring,15
2025-05-31 07:45:00+00:00,2025-05-31 08:00:00+00:00,146.52071774470056,0.8845526401412095,spring,15
2025-05-31 08:00:00+00:00,2025-05-31 08:15:00+00:00,138.57564887977946,0.8652833886415889,spring,15
2025-05-31 08:15:00+00:00,2025-05-31 08:30:00+00:00,136.00182861361543,0.8181214155940831,spring,15
2025-05-31 08:30:00+00:00,2025-05-31 08:45:00+00:00,131.94472963462408,0.7956792386303608,spring,15
2025-05-31 08:45:00+00:00,2025-05-31 09:00:00+00:00,129.36905329015175,0.7812580994831654,spring,15
2025-05-31 09:00:00+00:00,2025-05-31 09:15:00+00:00,127.6168021577814,0.7667289915475265,spring,15
2025-05-31 09:15:00+00:00,2025-05-31 09:30:00+00:00,123.5972220238797,0.763272689675875,spring,15
2025-05-31 09:30:00+00:00,2025-05-31 09:45:00+00:00,119.76750198575455,0.7556352232526047,spring,15
2025-05-31 09:45:00+00:00,2025-05-31 10:00:00+00:00,118.9801246837366,0.754493699230543,spring,15
2025-05-31 10:00:00+00:00,2025-05-31 10:15:00+00:00,118.95030270914924,0.7536242820407927,spring,15
2025-05-31 10:15:00+00:00,2025-05-31 10:30:00+00:00,118.48544147609216,0.7461792925850399,spring,15
2025-05-31 10:30:00+00:00,2025-05-31 10:45:00+00:00,116.92334462404308,0.736071865988713,spring,15
2025-05-31 10:45:00+00:00,2025-05-31 11:00:00+00:00,116.97351300753017,0.713723997339449,spring,15
2025-05-31 11:00:00+00:00,2025-05-31 11:15:00+00:00,116.43693020480445,0.7246821751405951,spring,15
2025-05-31 11:15:00+00:00,2025-05-31 11:30:00+00:00,116.26582413555515,0.7380910034560197,spring,15
2025-05-31 11:30:00+00:00,2025-05-31 11:45:00+00:00,116.7369627818764,0.7633806201316499,spring,15
2025-05-31 11:45:00+00:00,2025-05-31 12:00:00+00:00,116.80430451378082,0.7729432787846185,spring,15
2025-05-31 12:00:00+00:00,2025-05-31 12:15:00+00:00,118.3028818734514,0.767528759462857,spring,15
2025-05-31 12:15:00+00:00,2025-05-31 12:30:00+00:00,119.65741413066918,0.7708170325561092,spring,15
2025-05-31 12:30:00+00:00,2025-05-31 12:45:00+00:00,121.87224548312905,0.7922417899856137,spring,15
2025-05-31 12:45:00+00:00,2025-05-31 13:00:00+00:00,124.07065961221336,0.8116946039209472,spring,15
2025-05-31 13:00:00+00:00,2025-05-31 13:15:00+00:00,126.91585250364832,0.8265452202488413,spring,15
2025-05-31 13:15:00+00:00,2025-05-31 13:30:00+00:00,129.1427302299002,0.8416231026848101,spring,15
2025-05-31 13:30:00+00:00,2025-05-31 13:45:00+00:00,131.93132290376863,0.865101968511287,spring,15
2025-05-31 13:45:00+00:00,2025-05-31 14:00:00+00:00,135.79038415145308,0.9220763272201961,spring,15
2025-05-31 14:00:00+00:00,2025-05-31 14:15:00+00:00,141.37224571952424,0.9275968998558182,spring,15
2025-05-31 14:15:00+00:00,2025-05-31 14:30:00+00:00,144.07809941372807,0.9269864375607915,spring,15
2025-05-31 14:30:00+00:00,2025-05-31 14:45:00+00:00,147.93284014550312,1.0106590723521722,spring,15
2025-05-31 14:45:00+00:00,2025-05-31 15:00:00+00:00,153.19990301943932,1.064404680373547,spring,15
2025-05-31 15:00:00+00:00,2025-05-31 15:15:00+00:00,165.5583065281181,1.0740776781805337,spring,15
2025-05-31 15:15:00+00:00,2025-05-31 15:30:00+00:00,182.45226689957195,1.1809507130943,spring,15
2025-05-31 15:30:00+00:00,2025-05-31 15:45:00+00:00,206.51812063596762,1.3153725841328878,spring,15
2025-05-31 15:45:00+00:00,2025-05-31 16:00:00+00:00,231.15973506487973,1.3931047081425412,spring,15
2025-05-31 16:00:00+00:00,2025-05-31 16:15:00+00:00,259.8143449217334,1.4327754671097426,spring,15
2025-05-31 16:15:00+00:00,2025-05-31 16:30:00+00:00,273.5801811948157,1.5463250805012232,spring,15
2025-05-31 16:30:00+00:00,2025-05-31 16:45:00+00:00,273.562642301933,1.6137008266744308,spring,15
2025-05-31 16:45:00+00:00,2025-05-31 17:00:00+00:00,281.32283543841015,1.6294681349919313,spring,15
2025-05-31 17:00:00+00:00,2025-05-31 17:15:00+00:00,301.1775318202191,1.5601501900062158,spring,15
2025-05-31 17:15:00+00:00,2025-05-31 17:30:00+00:00,312.6922485557216,1.5464406286989925,spring,15
2025-05-31 17:30:00+00:00,2025-05-31 17:45:00+00:00,321.0347417785227,1.5791281346668455,spring,15
2025-05-31 17:45:00+00:00,2025-05-31 18:00:00+00:00,324.38740786698133,1.6218986339748347,spring,15
2025-05-31 18:00:00+00:00,2025-05-31 18:15:00+00:00,329.858098553412,1.6419680055714978,spring,15
2025-05-31 18:15:00+00:00,2025-05-31 18:30:00+00:00,336.404791603421,1.6912747470779352,spring,15
2025-05-31 18:30:00+00:00,2025-05-31 18:45:00+00:00,340.66512937567813,1.728462675787427,spring,15
2025-05-31 18:45:00+00:00,2025-05-31 19:00:00+00:00,341.458140497934,1.8276614512331675,spring,15
2025-05-31 19:00:00+00:00,2025-05-31 19:15:00+00:00,341.6073577725803,1.8441525430049477,spring,15
2025-05-31 19:15:00+00:00,2025-05-31 19:30:00+00:00,343.0291132887641,1.8008317790052966,spring,15
2025-05-31 19:30:00+00:00,2025-05-31 19:45:00+00:00,343.54222468709,1.8095249691764863,spring,15
2025-05-31 19:45:00+00:00,2025-05-31 20:00:00+00:00,340.54413315883966,1.7786692197589398,spring,15
2025-05-31 20:00:00+00:00,2025-05-31 20:15:00+00:00,337.4967657980774,1.8060932768820763,spring,15
2025-05-31 20:15:00+00:00,2025-05-31 20:30:00+00:00,330.7385923186064,1.7122307611742125,spring,15
2025-05-31 20:30:00+00:00,2025-05-31 20:45:00+00:00,329.85058795898135,1.642855741673528,spring,15
2025-05-31 20:45:00+00:00,2025-05-31 21:00:00+00:00,329.9904620967792,1.5929066191424675,spring,15
2025-05-31 21:00:00+00:00,2025-05-31 21:15:00+00:00,320.3118478494224,1.5549734456431856,spring,15
2025-05-31 21:15:00+00:00,2025-05-31 21:30:00+00:00,318.69529757783,1.5666654487762035,spring,15
2025-05-31 21:30:00+00:00,2025-05-31 21:45:00+00:00,313.18360363350564,1.5803738128951812,spring,15
2025-05-31 21:45:00+00:00,2025-05-31 22:00:00+00:00,310.96929291849347,1.599394350993572,spring,15
2025-05-31 22:00:00+00:00,2025-05-31 22:15:00+00:00,310.1105733037561,1.6120022310761226,spring,15
2025-05-31 22:15:00+00:00,2025-05-31 22:30:00+00:00,310.04156782050126,1.626243006059037,spring,15
2025-05-31 22:30:00+00:00,2025-05-31 22:45:00+00:00,307.5493013329659,1.6369378698332504,spring,15
2025-05-31 22:45:00+00:00,2025-05-31 23:00:00+00:00,304.1975856563922,1.6521897235510907,spring,15
2025-05-31 23:00:00+00:00,2025-05-31 23:15:00+00:00,296.0201138379837,1.6276535706882087,spring,15
2025-05-31 23:15:00+00:00,2025-05-31 23:30:00+00:00,293.4258010671205,1.62312887439566,spring,15
2025-05-31 23:30:00+00:00,2025-05-31 23:45:00+00:00,291.5184081721075,1.6398986764277437,spring,15
2025-05-31 23:45:00+00:00,2025-06-01 00:00:00+00:00,285.73733872471945,1.6370604622181546,spring,15
2025-06-01 00:00:00+00:00,2025-06-01 00:15:00+00:00,274.4445538957982,1.6311784754875363,spring,15
2025-06-01 00:15:00+00:00,2025-06-01 00:30:00+00:00,263.59315282631894,1.6255641023124752,spring,15
2025-06-01 00:30:00+00:00,2025-06-01 00:45:00+00:00,254.9931064379366,1.6009142915000054,spring,15
2025-06-01 00:45:00+00:00,2025-06-01 01:00:00+00:00,246.9585183563555,1.582493444252815,spring,15
2025-06-01 01:00:00+00:00,2025-06-01 01:15:00+00:00,228.71241315040342,1.6155065281483847,spring,15
2025-06-01 01:15:00+00:00,2025-06-01 01:30:00+00:00,219.77339890437264,1.590625033548709,spring,15
2025-06-01 01:30:00+00:00,2025-06-01 01:45:00+00:00,219.13303221112113,1.585613414792034,spring,15
2025-06-01 01:45:00+00:00,2025-06-01 02:00:00+00:00,220.17615479579266,1.573598460557337,spring,15
2025-06-01 02:00:00+00:00,2025-06-01 02:15:00+00:00,218.39923424608392,1.5869799267008822,spring,15
2025-06-01 02:15:00+00:00,2025-06-01 02:30:00+00:00,219.27858168870188,1.6085292982418675,spring,15
2025-06-01 02:30:00+00:00,2025-06-01 02:45:00+00:00,218.26334844651927,1.6059431528496964,spring,15
2025-06-01 02:45:00+00:00,2025-06-01 03:00:00+00:00,216.04260085609928,1.5980814510529964,spring,15
2025-06-01 03:00:00+00:00,2025-06-01 03:15:00+00:00,211.59327451572437,1.6108136035115752,spring,15
2025-06-01 03:15:00+00:00,2025-06-01 03:30:00+00:00,209.61005393082675,1.5481428303203695,spring,15
2025-06-01 03:30:00+00:00,2025-06-01 03:45:00+00:00,206.15470097593064,1.5268484420974848,spring,15
2025-06-01 03:45:00+00:00,2025-06-01 04:00:00+00:00,205.60816148383444,1.5160450429283028,spring,15
2025-06-01 04:00:00+00:00,2025-06-01 04:15:00+00:00,197.02876941206497,1.4824841469560688,spring,15
2025-06-01 04:15:00+00:00,2025-06-01 04:30:00+00:00,196.56353141395311,1.4364149654982312,spring,15
2025-06-01 04:30:00+00:00,2025-06-01 04:45:00+00:00,194.22944932591224,1.4174143091606282,spring,15
2025-06-01 04:45:00+00:00,2025-06-01 05:00:00+00:00,186.43614340331828,1.3497129403173116,spring,15
2025-06-01 05:00:00+00:00,2025-06-01 05:15:00+00:00,178.667864028707,1.3415603181785734,spring,15
2025-06-01 05:15:00+00:00,2025-06-01 05:30:00+00:00,173.55048536525646,1.289957326002945,spring,15
2025-06-01 05:30:00+00:00,2025-06-01 05:45:00+00:00,171.36526352773458,1.2811316622743911,spring,15
2025-06-01 05:45:00+00:00,2025-06-01 06:00:00+00:00,171.9121444805583,1.2675304954833055,spring,15
2025-06-01 06:00:00+00:00,2025-06-01 06:15:00+00:00,169.29822956786793,1.1969638395498414,spring,15
2025-06-01 06:15:00+00:00,2025-06-01 06:30:00+00:00,166.73844150468264,1.1957443181780516,spring,15
2025-06-01 06:30:00+00:00,2025-06-01 06:45:00+00:00,160.90412410009915,1.1675865407917752,spring,15
2025-06-01 06:45:00+00:00,2025-06-01 07:00:00+00:00,158.13160062769455,1.1341702435382413,spring,15
2025-06-01 07:00:00+00:00,2025-06-01 07:15:00+00:00,156.58222018606395,1.1209012603922979,spring,15
2025-06-01 07:15:00+00:00,2025-06-01 07:30:00+00:00,151.5585887641306,1.0617896787881098,spring,15
2025-06-01 07:30:00+00:00,2025-06-01 07:45:00+00:00,148.48350039741854,0.9991842496576544,spring,15
2025-06-01 07:45:00+00:00,2025-06-01 08:00:00+00:00,148.70946527826317,0.9622252424529999,spring,15
2025-06-01 08:00:00+00:00,2025-06-01 08:15:00+00:00,143.34891704088932,0.9180465191122889,spring,15
2025-06-01 08:15:00+00:00,2025-06-01 08:30:00+00:00,139.72872188428522,0.8893989149913687,spring,15
2025-06-01 08:30:00+00:00,2025-06-01 08:45:00+00:00,137.2613821502507,0.8631142645634858,spring,15
2025-06-01 08:45:00+00:00,2025-06-01 09:00:00+00:00,136.42901408713084,0.8477965182016471,spring,15
2025-06-01 09:00:00+00:00,2025-06-01 09:15:00+00:00,134.20337352338524,0.8564566556735136,spring,15
2025-06-01 09:15:00+00:00,2025-06-01 09:30:00+00:00,131.878894378425,0.8162304739607545,spring,15
2025-06-01 09:30:00+00:00,2025-06-01 09:45:00+00:00,130.2040505933691,0.7938683820583806,spring,15
2025-06-01 09:45:00+00:00,2025-06-01 10:00:00+00:00,127.89013074140367,0.7735084689741261,spring,15
2025-06-01 10:00:00+00:00,2025-06-01 10:15:00+00:00,126.73064311067358,0.7665781582992811,spring,15
2025-06-01 10:15:00+00:00,2025-06-01 10:30:00+00:00,126.2681850783061,0.7607367043495483,spring,15
2025-06-01 10:30:00+00:00,2025-06-01 10:45:00+00:00,123.58178948809795,0.738326882582045,spring,15
2025-06-01 10:45:00+00:00,2025-06-01 11:00:00+00:00,122.06366538171011,0.7261768316281778,spring,15
2025-06-01 11:00:00+00:00,2025-06-01 11:15:00+00:00,119.32790911055216,0.7197563437983667,spring,15
2025-06-01 11:15:00+00:00,2025-06-01 11:30:00+00:00,119.06698707737837,0.7252878510871368,spring,15
2025-06-01 11:30:00+00:00,2025-06-01 11:45:00+00:00,119.43430106983507,0.7108735829468978,spring,15
2025-06-01 11:45:00+00:00,2025-06-01 12:00:00+00:00,119.54986443134703,0.7014484612022728,spring,15
2025-06-01 12:00:00+00:00,2025-06-01 12:15:00+00:00,120.16076683885282,0.7148707444022359,spring,15
2025-06-01 12:15:00+00:00,2025-06-01 12:30:00+00:00,119.52403556440385,0.7201662777153347,spring,15
2025-06-01 12:30:00+00:00,2025-06-01 12:45:00+00:00,117.69433587082898,0.7099030945167241,spring,15
2025-06-01 12:45:00+00:00,2025-06-01 13:00:00+00:00,117.91816137557278,0.70563394570771,spring,15
2025-06-01 13:00:00+00:00,2025-06-01 13:15:00+00:00,118.91841286493522,0.6994385594837577,spring,15
2025-06-01 13:15:00+00:00,2025-06-01 13:30:00+00:00,119.21752750426646,0.7043311245381527,spring,15
2025-06-01 13:30:00+00:00,2025-06-01 13:45:00+00:00,119.50679457677487,0.719556563770044,spring,15
2025-06-01 13:45:00+00:00,2025-06-01 14:00:00+00:00,120.15488123704571,0.7444466165351749,spring,15
2025-06-01 14:00:00+00:00,2025-06-01 14:15:00+00:00,123.54636679935666,0.7867774418386957,spring,15
2025-06-01 14:15:00+00:00,2025-06-01 14:30:00+00:00,124.28943345366771,0.7935775130510864,spring,15
2025-06-01 14:30:00+00:00,2025-06-01 14:45:00+00:00,125.63228108783797,0.8185655141751653,spring,15
2025-06-01 14:45:00+00:00,2025-06-01 15:00:00+00:00,126.99244032204432,0.8276758527189381,spring,15
2025-06-01 15:00:00+00:00,2025-06-01 15:15:00+00:00,126.60570780404021,0.827375314376571,spring,15
2025-06-01 15:15:00+00:00,2025-06-01 15:30:00+00:00,126.85794007794905,0.8257323245486655,spring,15
2025-06-01 15:30:00+00:00,2025-06-01 15:45:00+00:00,129.02398148844998,0.8532166051861035,spring,15
2025-06-01 15:45:00+00:00,2025-06-01 16:00:00+00:00,131.28878824267912,0.885617773923776,spring,15
2025-06-01 16:00:00+00:00,2025-06-01 16:15:00+00:00,133.58425428036057,0.902882607237848,spring,15
2025-06-01 16:15:00+00:00,2025-06-01 16:30:00+00:00,143.75189501712143,0.97055332930609,spring,15
2025-06-01 16:30:00+00:00,2025-06-01 16:45:00+00:00,156.82022267472846,0.974522279135662,spring,15
2025-06-01 16:45:00+00:00,2025-06-01 17:00:00+00:00,166.57420898764803,1.0307348342802325,spring,15
2025-06-01 17:00:00+00:00,2025-06-01 17:15:00+00:00,176.83179143436615,1.0840341533131874,spring,15
2025-06-01 17:15:00+00:00,2025-06-01 17:30:00+00:00,194.06262475010757,1.1458183449074237,spring,15
2025-06-01 17:30:00+00:00,2025-06-01 17:45:00+00:00,208.3017025259191,1.1863791818466145,spring,15
2025-06-01 17:45:00+00:00,2025-06-01 18:00:00+00:00,219.65085500490923,1.2095941008977251,spring,15
2025-06-01 18:00:00+00:00,2025-06-01 18:15:00+00:00,240.85924655208564,1.2890994337265973,spring,15
2025-06-01 18:15:00+00:00,2025-06-01 18:30:00+00:00,249.426241507265,1.3595549537500318,spring,15
2025-06-01 18:30:00+00:00,2025-06-01 18:45:00+00:00,255.63799856230662,1.3830470513089028,spring,15
2025-06-01 18:45:00+00:00,2025-06-01 19:00:00+00:00,262.5624589276762,1.4063627532862475,spring,15
2025-06-01 19:00:00+00:00,2025-06-01 19:15:00+00:00,266.80814141387,1.426739955988156,spring,15
2025-06-01 19:15:00+00:00,2025-06-01 19:30:00+00:00,270.994725036241,1.4434318317894077,spring,15
2025-06-01 19:30:00+00:00,2025-06-01 19:45:00+00:00,276.04303842157435,1.461313660542231,spring,15
2025-06-01 19:45:00+00:00,2025-06-01 20:00:00+00:00,285.02125225266246,1.5176457761233886,spring,15
2025-06-01 20:00:00+00:00,2025-06-01 20:15:00+00:00,283.9618508117337,1.5346137728729918,spring,15
2025-06-01 20:15:00+00:00,2025-06-01 20:30:00+00:00,285.3992464274796,1.4989825614626797,spring,15
2025-06-01 20:30:00+00:00,2025-06-01 20:45:00+00:00,287.77402295075336,1.516247469455495,spring,15
2025-06-01 20:45:00+00:00,2025-06-01 21:00:00+00:00,291.8805061174445,1.549819871073688,spring,15
2025-06-01 21:00:00+00:00,2025-06-01 21:15:00+00:00,293.18953192501516,1.5838835998262606,spring,15
2025-06-01 21:15:00+00:00,2025-06-01 21:30:00+00:00,299.5308085720863,1.5795258493531537,spring,15
2025-06-01 21:30:00+00:00,2025-06-01 21:45:00+00:00,302.03782760822776,1.6002370546314624,spring,15
2025-06-01 21:45:00+00:00,2025-06-01 22:00:00+00:00,299.61226669620874,1.6021209574961963,spring,15
2025-06-01 22:00:00+00:00,2025-06-01 22:15:00+00:00,311.4448943256226,1.6212919094983593,spring,15
2025-06-01 22:15:00+00:00,2025-06-01 22:30:00+00:00,317.5758967765048,1.6714978793078932,spring,15
2025-06-01 22:30:00+00:00,2025-06-01 22:45:00+00:00,328.5685499697231,1.6816209441921934,spring,15
2025-06-01 22:45:00+00:00,2025-06-01 23:00:00+00:00,328.8195505331853,1.6651556844965092,spring,15
2025-06-01 23:00:00+00:00,2025-06-01 23:15:00+00:00,322.6120032234743,1.6432012250403016,spring,15
2025-06-01 23:15:00+00:00,2025-06-01 23:30:00+00:00,330.6701235859357,1.6428475078443612,spring,15
2025-06-01 23:30:00+00:00,2025-06-01 23:45:00+00:00,336.5448161907989,1.6510841985556888,spring,15
2025-06-01 23:45:00+00:00,2025-06-02 00:00:00+00:00,339.6275206582674,1.6680023835886024,spring,15
2025-06-02 00:00:00+00:00,2025-06-02 00:15:00+00:00,336.49329639785805,1.6584826340418848,spring,15
2025-06-02 00:15:00+00:00,2025-06-02 00:30:00+00:00,337.74665073589375,1.658592625420788,spring,15
2025-06-02 00:30:00+00:00,2025-06-02 00:45:00+00:00,340.6050534489469,1.666084904864976,spring,15
2025-06-02 00:45:00+00:00,2025-06-02 01:00:00+00:00,342.96814553957034,1.6761356842679704,spring,15
2025-06-02 01:00:00+00:00,2025-06-02 01:15:00+00:00,339.1396653762844,1.668405873389086,spring,15
2025-06-02 01:15:00+00:00,2025-06-02 01:30:00+00:00,344.0430851942791,1.6909880191651387,spring,15
2025-06-02 01:30:00+00:00,2025-06-02 01:45:00+00:00,346.96585826189954,1.6998343038623944,spring,15
2025-06-02 01:45:00+00:00,2025-06-02 02:00:00+00:00,349.76634402250875,1.6976549695296028,spring,15
2025-06-02 02:00:00+00:00,2025-06-02 02:15:00+00:00,349.7536646212068,1.691126987886412,spring,15
2025-06-02 02:15:00+00:00,2025-06-02 02:30:00+00:00,350.27542110771986,1.6922947882580217,spring,15
2025-06-02 02:30:00+00:00,2025-06-02 02:45:00+00:00,348.87771753940865,1.6640295745584246,spring,15
2025-06-02 02:45:00+00:00,2025-06-02 03:00:00+00:00,348.95537229331916,1.585848647128818,spring,15
2025-06-02 03:00:00+00:00,2025-06-02 03:15:00+00:00,349.764903262832,1.5744420755197295,spring,15
2025-06-02 03:15:00+00:00,2025-06-02 03:30:00+00:00,344.4363071483613,1.5588189342077439,spring,15
2025-06-02 03:30:00+00:00,2025-06-02 03:45:00+00:00,337.9363917741472,1.5567324872617057,spring,15
2025-06-02 03:45:00+00:00,2025-06-02 04:00:00+00:00,334.3799664391496,1.5367925122938795,spring,15
2025-06-02 04:00:00+00:00,2025-06-02 04:15:00+00:00,323.42081582950397,1.5089984976122708,spring,15
2025-06-02 04:15:00+00:00,2025-06-02 04:30:00+00:00,308.91127592873016,1.4879534127644263,spring,15
2025-06-02 04:30:00+00:00,2025-06-02 04:45:00+00:00,301.1228635188983,1.5100215248671156,spring,15
2025-06-02 04:45:00+00:00,2025-06-02 05:00:00+00:00,295.7710459606425,1.5035864596201058,spring,15
2025-06-02 05:00:00+00:00,2025-06-02 05:15:00+00:00,287.551158149308,1.4449535951272152,spring,15
2025-06-02 05:15:00+00:00,2025-06-02 05:30:00+00:00,284.99836857082363,1.386177123357304,spring,15
2025-06-02 05:30:00+00:00,2025-06-02 05:45:00+00:00,282.82030160871335,1.3805114742556948,spring,15
2025-06-02 05:45:00+00:00,2025-06-02 06:00:00+00:00,279.14169030929065,1.4114025955786738,spring,15
2025-06-02 06:00:00+00:00,2025-06-02 06:15:00+00:00,269.81545504554873,1.4631806447872981,spring,15
2025-06-02 06:15:00+00:00,2025-06-02 06:30:00+00:00,265.97071639562927,1.4051345786255507,spring,15
2025-06-02 06:30:00+00:00,2025-06-02 06:45:00+00:00,264.03668913846076,1.3072029654060662,spring,15
2025-06-02 06:45:00+00:00,2025-06-02 07:00:00+00:00,260.115388538762,1.2447666211971202,spring,15
2025-06-02 07:00:00+00:00,2025-06-02 07:15:00+00:00,243.55475011191405,1.2095392396631646,spring,15
2025-06-02 07:15:00+00:00,2025-06-02 07:30:00+00:00,238.90009696531231,1.1227565205174161,spring,15
2025-06-02 07:30:00+00:00,2025-06-02 07:45:00+00:00,235.21979237201177,1.127910941568221,spring,15
2025-06-02 07:45:00+00:00,2025-06-02 08:00:00+00:00,225.99820021122184,1.0977921367151275,spring,15
2025-06-02 08:00:00+00:00,2025-06-02 08:15:00+00:00,212.18132571226582,1.0757888148865449,spring,15
2025-06-02 08:15:00+00:00,2025-06-02 08:30:00+00:00,197.71030700590111,0.9717253085094768,spring,15
2025-06-02 08:30:00+00:00,2025-06-02 08:45:00+00:00,189.56903129279206,0.9405624958059553,spring,15
2025-06-02 08:45:00+00:00,2025-06-02 09:00:00+00:00,185.47486837156828,0.9342064971224088,spring,15
2025-06-02 09:00:00+00:00,2025-06-02 09:15:00+00:00,182.32052277651988,0.9723052778102941,spring,15
2025-06-02 09:15:00+00:00,2025-06-02 09:30:00+00:00,174.29067523686786,0.9608072963476165,spring,15
2025-06-02 09:30:00+00:00,2025-06-02 09:45:00+00:00,168.02399159657756,0.9343580324099028,spring,15
2025-06-02 09:45:00+00:00,2025-06-02 10:00:00+00:00,164.50373904482117,0.8983177142776584,spring,15
2025-06-02 10:00:00+00:00,2025-06-02 10:15:00+00:00,163.2442477120377,0.9098315930401619,spring,15
2025-06-02 10:15:00+00:00,2025-06-02 10:30:00+00:00,158.3820621847189,0.9180571411346101,spring,15
2025-06-02 10:30:00+00:00,2025-06-02 10:45:00+00:00,157.25783545390618,0.9407859521243598,spring,15
2025-06-02 10:45:00+00:00,2025-06-02 11:00:00+00:00,159.0423057792577,0.9427896705390895,spring,15
2025-06-02 11:00:00+00:00,2025-06-02 11:15:00+00:00,164.7730096226535,0.8877892677671251,spring,15
2025-06-02 11:15:00+00:00,2025-06-02 11:30:00+00:00,163.87815055254396,0.8746617832887631,spring,15
2025-06-02 11:30:00+00:00,2025-06-02 11:45:00+00:00,166.34767116654174,0.8957999847435862,spring,15
2025-06-02 11:45:00+00:00,2025-06-02 12:00:00+00:00,164.4028465963664,0.9107515312830231,spring,15
2025-06-02 12:00:00+00:00,2025-06-02 12:15:00+00:00,159.90346675562301,0.859940414772444,spring,15
2025-06-02 12:15:00+00:00,2025-06-02 12:30:00+00:00,154.7458459679508,0.8424207538161212,spring,15
2025-06-02 12:30:00+00:00,2025-06-02 12:45:00+00:00,156.41191983391676,0.8564891594754168,spring,15
2025-06-02 12:45:00+00:00,2025-06-02 13:00:00+00:00,157.79472387437693,0.8617299552018912,spring,15
2025-06-02 13:00:00+00:00,2025-06-02 13:15:00+00:00,155.29326027525866,0.8732813766425725,spring,15
2025-06-02 13:15:00+00:00,2025-06-02 13:30:00+00:00,160.82481724725014,0.8885892180196543,spring,15
2025-06-02 13:30:00+00:00,2025-06-02 13:45:00+00:00,165.06453180477249,0.8967870230592878,spring,15
2025-06-02 13:45:00+00:00,2025-06-02 14:00:00+00:00,174.3967032381351,0.928559997980526,spring,15
2025-06-02 14:00:00+00:00,2025-06-02 14:15:00+00:00,189.80469689452295,0.9688800997164095,spring,15
2025-06-02 14:15:00+00:00,2025-06-02 14:30:00+00:00,205.25134304595213,0.9927836040641093,spring,15
2025-06-02 14:30:00+00:00,2025-06-02 14:45:00+00:00,215.1370136734127,1.0384986512524084,spring,15
2025-06-02 14:45:00+00:00,2025-06-02 15:00:00+00:00,226.7506686144714,1.0516494167324533,spring,15
2025-06-02 15:00:00+00:00,2025-06-02 15:15:00+00:00,248.24543836661323,1.0693556916331153,spring,15
2025-06-02 15:15:00+00:00,2025-06-02 15:30:00+00:00,264.9081683497614,1.123070198104233,spring,15
2025-06-02 15:30:00+00:00,2025-06-02 15:45:00+00:00,279.11492603827367,1.1983846621759275,spring,15
2025-06-02 15:45:00+00:00,2025-06-02 16:00:00+00:00,290.72827321935034,1.2666620351518365,spring,15
2025-06-02 16:00:00+00:00,2025-06-02 16:15:00+00:00,312.10896768795084,1.2820037877471757,spring,15
2025-06-02 16:15:00+00:00,2025-06-02 16:30:00+00:00,322.4135673112366,1.3482895167930322,spring,15
2025-06-02 16:30:00+00:00,2025-06-02 16:45:00+00:00,327.5261743937951,1.41945105163525,spring,15
2025-06-02 16:45:00+00:00,2025-06-02 17:00:00+00:00,331.3311736255642,1.4700893332325031,spring,15
2025-06-02 17:00:00+00:00,2025-06-02 17:15:00+00:00,348.7392081103148,1.4957668455224125,spring,15
2025-06-02 17:15:00+00:00,2025-06-02 17:30:00+00:00,352.99443207953817,1.5848210133803193,spring,15
2025-06-02 17:30:00+00:00,2025-06-02 17:45:00+00:00,356.6785714237063,1.669946985552899,spring,15
2025-06-02 17:45:00+00:00,2025-06-02 18:00:00+00:00,364.340326964756,1.732909246810404,spring,15
2025-06-02 18:00:00+00:00,2025-06-02 18:15:00+00:00,371.7263928880216,1.7520610540346298,spring,15
2025-06-02 18:15:00+00:00,2025-06-02 18:30:00+00:00,375.1022984241634,1.7808708096732044,spring,15
2025-06-02 18:30:00+00:00,2025-06-02 18:45:00+00:00,375.9593451765497,1.815153578199392,spring,15
2025-06-02 18:45:00+00:00,2025-06-02 19:00:00+00:00,379.43475492164293,1.828327823173748,spring,15
2025-06-02 19:00:00+00:00,2025-06-02 19:15:00+00:00,384.3553605246014,1.8577223160020793,spring,15
2025-06-02 19:15:00+00:00,2025-06-02 19:30:00+00:00,389.9603301056361,1.8778591710544899,spring,15
2025-06-02 19:30:00+00:00,2025-06-02 19:45:00+00:00,393.1324564302128,1.9065249534309223,spring,15
2025-06-02 19:45:00+00:00,2025-06-02 20:00:00+00:00,396.5181308058032,1.9082235658826017,spring,15
2025-06-02 20:00:00+00:00,2025-06-02 20:15:00+00:00,402.7683943092746,1.8992078966222017,spring,15
2025-06-02 20:15:00+00:00,2025-06-02 20:30:00+00:00,405.78573953717193,1.901475909547833,spring,15
2025-06-02 20:30:00+00:00,2025-06-02 20:45:00+00:00,412.83630186100066,1.801165052001746,spring,15
2025-06-02 20:45:00+00:00,2025-06-02 21:00:00+00:00,425.03803279865053,1.7767892718941143,spring,15
2025-06-02 21:00:00+00:00,2025-06-02 21:15:00+00:00,430.0679850000809,1.8167083648742528,spring,15
2025-06-02 21:15:00+00:00,2025-06-02 21:30:00+00:00,440.65156686939656,1.908124855761552,spring,15
2025-06-02 21:30:00+00:00,2025-06-02 21:45:00+00:00,450.58966565337516,1.9827862510913852,spring,15
2025-06-02 21:45:00+00:00,2025-06-02 22:00:00+00:00,458.9995937693648,2.0450217875184515,spring,15
2025-06-02 22:00:00+00:00,2025-06-02 22:15:00+00:00,452.4409864269335,2.1002965892156937,spring,15
2025-06-02 22:15:00+00:00,2025-06-02 22:30:00+00:00,453.63699449352106,2.1582684155502503,spring,15
2025-06-02 22:30:00+00:00,2025-06-02 22:45:00+00:00,457.84917819489766,2.1952500565045234,spring,15
2025-06-02 22:45:00+00:00,2025-06-02 23:00:00+00:00,464.25178590924395,2.1199589355805304,spring,15
2025-06-02 23:00:00+00:00,2025-06-02 23:15:00+00:00,464.99172847186264,2.233161901910172,spring,15
2025-06-02 23:15:00+00:00,2025-06-02 23:30:00+00:00,479.1501105231798,2.1944764037472004,spring,15
2025-06-02 23:30:00+00:00,2025-06-02 23:45:00+00:00,488.2082440708629,2.2152479425796687,spring,15
2025-06-02 23:45:00+00:00,2025-06-03 00:00:00+00:00,491.62559848884086,2.2673519800415596,spring,15
2025-06-03 00:00:00+00:00,2025-06-03 00:15:00+00:00,497.74227283325314,2.161728626116463,spring,15
2025-06-03 00:15:00+00:00,2025-06-03 00:30:00+00:00,501.2168051919484,2.1500501326839307,spring,15
2025-06-03 00:30:00+00:00,2025-06-03 00:45:00+00:00,501.5222642653526,2.176415131702055,spring,15
2025-06-03 00:45:00+00:00,2025-06-03 01:00:00+00:00,499.75203847418084,2.1790252773733916,spring,15
2025-06-03 01:00:00+00:00,2025-06-03 01:15:00+00:00,499.7866910240413,2.20311678875036,spring,15
2025-06-03 01:15:00+00:00,2025-06-03 01:30:00+00:00,497.2621931541044,2.1948057527859106,spring,15
2025-06-03 01:30:00+00:00,2025-06-03 01:45:00+00:00,493.7237361530498,2.184336723914632,spring,15
2025-06-03 01:45:00+00:00,2025-06-03 02:00:00+00:00,493.2649106566277,2.162016499814206,spring,15
2025-06-03 02:00:00+00:00,2025-06-03 02:15:00+00:00,487.45623974805903,2.1438152489760873,spring,15
2025-06-03 02:15:00+00:00,2025-06-03 02:30:00+00:00,484.198028730452,2.095380508317665,spring,15
2025-06-03 02:30:00+00:00,2025-06-03 02:45:00+00:00,477.24174558127976,2.060925554688651,spring,15
2025-06-03 02:45:00+00:00,2025-06-03 03:00:00+00:00,471.8159850274522,2.057607850218712,spring,15
2025-06-03 03:00:00+00:00,2025-06-03 03:15:00+00:00,465.3481328520555,2.004946503608746,spring,15
2025-06-03 03:15:00+00:00,2025-06-03 03:30:00+00:00,457.9102187358969,1.977142796277428,spring,15
2025-06-03 03:30:00+00:00,2025-06-03 03:45:00+00:00,446.17224593978136,1.9376528117981981,spring,15
2025-06-03 03:45:00+00:00,2025-06-03 04:00:00+00:00,431.2444993330802,1.963357919781867,spring,15
2025-06-03 04:00:00+00:00,2025-06-03 04:15:00+00:00,401.02906484251446,1.8801003704548436,spring,15
2025-06-03 04:15:00+00:00,2025-06-03 04:30:00+00:00,377.5026120058041,1.8592581431525892,spring,15
2025-06-03 04:30:00+00:00,2025-06-03 04:45:00+00:00,363.7083545918693,1.7969234246590802,spring,15
2025-06-03 04:45:00+00:00,2025-06-03 05:00:00+00:00,352.98562072810375,1.658030284479573,spring,15
2025-06-03 05:00:00+00:00,2025-06-03 05:15:00+00:00,337.2708263159408,1.392795830993404,spring,15
2025-06-03 05:15:00+00:00,2025-06-03 05:30:00+00:00,322.72822134643656,1.4143972384430223,spring,15
2025-06-03 05:30:00+00:00,2025-06-03 05:45:00+00:00,315.17521195485557,1.3943947071095706,spring,15
2025-06-03 05:45:00+00:00,2025-06-03 06:00:00+00:00,297.05101631140735,1.3039825702002557,spring,15
2025-06-03 06:00:00+00:00,2025-06-03 06:15:00+00:00,269.05245779067997,1.272369258978115,spring,15
2025-06-03 06:15:00+00:00,2025-06-03 06:30:00+00:00,252.15856368427637,1.1342052349671283,spring,15
2025-06-03 06:30:00+00:00,2025-06-03 06:45:00+00:00,231.22034800150453,1.0270203305416512,spring,15
2025-06-03 06:45:00+00:00,2025-06-03 07:00:00+00:00,201.96654406808165,0.9779420649439744,spring,15
2025-06-03 07:00:00+00:00,2025-06-03 07:15:00+00:00,174.81036595326077,0.9219896559929377,spring,15
2025-06-03 07:15:00+00:00,2025-06-03 07:30:00+00:00,152.15845404751963,0.875242533993591,spring,15
2025-06-03 07:30:00+00:00,2025-06-03 07:45:00+00:00,139.21886653251426,0.8808608929242054,spring,15
2025-06-03 07:45:00+00:00,2025-06-03 08:00:00+00:00,131.71002100428262,0.8299663983825801,spring,15
2025-06-03 08:00:00+00:00,2025-06-03 08:15:00+00:00,123.59088675003058,0.8201760254170462,spring,15
2025-06-03 08:15:00+00:00,2025-06-03 08:30:00+00:00,119.38087913983394,0.7719114154460353,spring,15
2025-06-03 08:30:00+00:00,2025-06-03 08:45:00+00:00,118.39876810478717,0.7438804421150536,spring,15
2025-06-03 08:45:00+00:00,2025-06-03 09:00:00+00:00,119.27649532607643,0.7416538217816361,spring,15
2025-06-03 09:00:00+00:00,2025-06-03 09:15:00+00:00,120.42957970472521,0.7475096628297502,spring,15
2025-06-03 09:15:00+00:00,2025-06-03 09:30:00+00:00,120.66105744682366,0.7223448558379633,spring,15
2025-06-03 09:30:00+00:00,2025-06-03 09:45:00+00:00,120.73440316311685,0.7148521180919806,spring,15
2025-06-03 09:45:00+00:00,2025-06-03 10:00:00+00:00,122.32463862066557,0.7177610031867518,spring,15
2025-06-03 10:00:00+00:00,2025-06-03 10:15:00+00:00,122.74418506731145,0.7156990539374589,spring,15
2025-06-03 10:15:00+00:00,2025-06-03 10:30:00+00:00,123.79591515142384,0.7250396425421348,spring,15
2025-06-03 10:30:00+00:00,2025-06-03 10:45:00+00:00,123.69876795944981,0.7079198638232773,spring,15
2025-06-03 10:45:00+00:00,2025-06-03 11:00:00+00:00,122.70925818505309,0.7059672649688271,spring,15
2025-06-03 11:00:00+00:00,2025-06-03 11:15:00+00:00,122.16121977549786,0.7081509314940905,spring,15
2025-06-03 11:15:00+00:00,2025-06-03 11:30:00+00:00,121.42694904152343,0.7106711806478077,spring,15
2025-06-03 11:30:00+00:00,2025-06-03 11:45:00+00:00,121.45699551346743,0.7082737989423125,spring,15
2025-06-03 11:45:00+00:00,2025-06-03 12:00:00+00:00,123.73982643685065,0.7047553903044496,spring,15
2025-06-03 12:00:00+00:00,2025-06-03 12:15:00+00:00,124.26767545624332,0.706420454732415,spring,15
2025-06-03 12:15:00+00:00,2025-06-03 12:30:00+00:00,123.47437570157862,0.7107677786090467,spring,15
2025-06-03 12:30:00+00:00,2025-06-03 12:45:00+00:00,122.91783887830587,0.7268160679597888,spring,15
2025-06-03 12:45:00+00:00,2025-06-03 13:00:00+00:00,123.35417109759592,0.7363129120298466,spring,15
2025-06-03 13:00:00+00:00,2025-06-03 13:15:00+00:00,123.95176576347974,0.7529537459198433,spring,15
2025-06-03 13:15:00+00:00,2025-06-03 13:30:00+00:00,124.76408456400615,0.7584793509286014,spring,15
2025-06-03 13:30:00+00:00,2025-06-03 13:45:00+00:00,126.70214439598949,0.7638642067365922,spring,15
2025-06-03 13:45:00+00:00,2025-06-03 14:00:00+00:00,129.72679661187738,0.7705267410697352,spring,15
2025-06-03 14:00:00+00:00,2025-06-03 14:15:00+00:00,134.157566302953,0.767668496765938,spring,15
2025-06-03 14:15:00+00:00,2025-06-03 14:30:00+00:00,136.69580891558084,0.7791525298699364,spring,15
2025-06-03 14:30:00+00:00,2025-06-03 14:45:00+00:00,137.02796297901108,0.8073344697614127,spring,15
2025-06-03 14:45:00+00:00,2025-06-03 15:00:00+00:00,140.31540597606855,0.8339208680811894,spring,15
2025-06-03 15:00:00+00:00,2025-06-03 15:15:00+00:00,144.84660131849503,0.8514520772484461,spring,15
2025-06-03 15:15:00+00:00,2025-06-03 15:30:00+00:00,149.30855066516418,0.8723832681056344,spring,15
2025-06-03 15:30:00+00:00,2025-06-03 15:45:00+00:00,161.7292616756181,0.9238738786768826,spring,15
2025-06-03 15:45:00+00:00,2025-06-03 16:00:00+00:00,179.72050668990155,1.0330630440658553,spring,15
2025-06-03 16:00:00+00:00,2025-06-03 16:15:00+00:00,206.26115681532355,1.0314127003578573,spring,15
2025-06-03 16:15:00+00:00,2025-06-03 16:30:00+00:00,224.13969448799938,1.1254719453468243,spring,15
2025-06-03 16:30:00+00:00,2025-06-03 16:45:00+00:00,239.22745523301026,1.2721718386902343,spring,15
2025-06-03 16:45:00+00:00,2025-06-03 17:00:00+00:00,248.9262841926264,1.3186865791347477,spring,15
2025-06-03 17:00:00+00:00,2025-06-03 17:15:00+00:00,264.9668811431653,1.257030160670684,spring,15
2025-06-03 17:15:00+00:00,2025-06-03 17:30:00+00:00,260.87399261738744,1.3881127528204382,spring,15
2025-06-03 17:30:00+00:00,2025-06-03 17:45:00+00:00,265.7608092626123,1.4957665556320219,spring,15
2025-06-03 17:45:00+00:00,2025-06-03 18:00:00+00:00,266.8316629260366,1.5265889820778802,spring,15
2025-06-03 18:00:00+00:00,2025-06-03 18:15:00+00:00,273.65385728086613,1.5014139687888446,spring,15
2025-06-03 18:15:00+00:00,2025-06-03 18:30:00+00:00,278.62522915687794,1.525944597381735,spring,15
2025-06-03 18:30:00+00:00,2025-06-03 18:45:00+00:00,280.12990414382494,1.523405390697858,spring,15
2025-06-03 18:45:00+00:00,2025-06-03 19:00:00+00:00,281.18051965060164,1.5288422510530277,spring,15
2025-06-03 19:00:00+00:00,2025-06-03 19:15:00+00:00,275.99186292539656,1.5304117707195004,spring,15
2025-06-03 19:15:00+00:00,2025-06-03 19:30:00+00:00,277.31995091420475,1.536529932355422,spring,15
2025-06-03 19:30:00+00:00,2025-06-03 19:45:00+00:00,275.94544131077623,1.5247794036911242,spring,15
2025-06-03 19:45:00+00:00,2025-06-03 20:00:00+00:00,275.18665929159926,1.5020130223247719,spring,15
2025-06-03 20:00:00+00:00,2025-06-03 20:15:00+00:00,268.67326438481115,1.4334288041623326,spring,15
2025-06-03 20:15:00+00:00,2025-06-03 20:30:00+00:00,267.5431610395926,1.4264071639098352,spring,15
2025-06-03 20:30:00+00:00,2025-06-03 20:45:00+00:00,264.49478563083704,1.3937876267474247,spring,15
2025-06-03 20:45:00+00:00,2025-06-03 21:00:00+00:00,265.307614789044,1.3368539234376453,spring,15
2025-06-03 21:00:00+00:00,2025-06-03 21:15:00+00:00,273.0114008844595,1.3751131435703612,spring,15
2025-06-03 21:15:00+00:00,2025-06-03 21:30:00+00:00,268.8416640973419,1.3698176183850104,spring,15
2025-06-03 21:30:00+00:00,2025-06-03 21:45:00+00:00,260.04246443851156,1.3294408908778736,spring,15
2025-06-03 21:45:00+00:00,2025-06-03 22:00:00+00:00,247.64904870589214,1.3106638584559716,spring,15
2025-06-03 22:00:00+00:00,2025-06-03 22:15:00+00:00,240.0668458152675,1.3021866177927384,spring,15
2025-06-03 22:15:00+00:00,2025-06-03 22:30:00+00:00,230.83779242239967,1.297316844805377,spring,15
2025-06-03 22:30:00+00:00,2025-06-03 22:45:00+00:00,229.9901513190926,1.2832580913346465,spring,15
2025-06-03 22:45:00+00:00,2025-06-03 23:00:00+00:00,226.04117327331804,1.286798550639465,spring,15
2025-06-03 23:00:00+00:00,2025-06-03 23:15:00+00:00,219.9028264356381,1.299274251300958,spring,15
2025-06-03 23:15:00+00:00,2025-06-03 23:30:00+00:00,220.57839112498002,1.3149988298193327,spring,15
2025-06-03 23:30:00+00:00,2025-06-03 23:45:00+00:00,225.82214747334453,1.313663820055997,spring,15
2025-06-03 23:45:00+00:00,2025-06-04 00:00:00+00:00,231.46543048027536,1.328862251473453,spring,15
2025-06-04 00:00:00+00:00,2025-06-04 00:15:00+00:00,239.23224421877086,1.3152355461751715,spring,15
2025-06-04 00:15:00+00:00,2025-06-04 00:30:00+00:00,242.4032828943965,1.3188900775165422,spring,15
2025-06-04 00:30:00+00:00,2025-06-04 00:45:00+00:00,244.09524387550206,1.3344196039034608,spring,15
2025-06-04 00:45:00+00:00,2025-06-04 01:00:00+00:00,245.0772576761109,1.3393544638458854,spring,15
2025-06-04 01:00:00+00:00,2025-06-04 01:15:00+00:00,248.79558877898876,1.3579467947596078,spring,15
2025-06-04 01:15:00+00:00,2025-06-04 01:30:00+00:00,252.70235294506503,1.370707726735914,spring,15
2025-06-04 01:30:00+00:00,2025-06-04 01:45:00+00:00,256.1059676469023,1.3797642172410634,spring,15
2025-06-04 01:45:00+00:00,2025-06-04 02:00:00+00:00,261.57980667410254,1.4102425487158199,spring,15
2025-06-04 02:00:00+00:00,2025-06-04 02:15:00+00:00,266.16480252473474,1.4150651314050997,spring,15
2025-06-04 02:15:00+00:00,2025-06-04 02:30:00+00:00,269.6436614115044,1.4251645505808237,spring,15
2025-06-04 02:30:00+00:00,2025-06-04 02:45:00+00:00,276.93777874270944,1.4618773145363866,spring,15
2025-06-04 02:45:00+00:00,2025-06-04 03:00:00+00:00,279.93732678173683,1.46122590735761,spring,15
2025-06-04 03:00:00+00:00,2025-06-04 03:15:00+00:00,282.53553269556966,1.413443348059152,spring,15
2025-06-04 03:15:00+00:00,2025-06-04 03:30:00+00:00,277.5620442327421,1.3944439799565687,spring,15
2025-06-04 03:30:00+00:00,2025-06-04 03:45:00+00:00,274.01002641355655,1.3904140371792104,spring,15
2025-06-04 03:45:00+00:00,2025-06-04 04:00:00+00:00,270.82057489045866,1.4177701201171373,spring,15
2025-06-04 04:00:00+00:00,2025-06-04 04:15:00+00:00,269.20759521545375,1.3392121867253395,spring,15
2025-06-04 04:15:00+00:00,2025-06-04 04:30:00+00:00,261.87873728305124,1.334129194683662,spring,15
2025-06-04 04:30:00+00:00,2025-06-04 04:45:00+00:00,253.1632126401062,1.320878609169126,spring,15
2025-06-04 04:45:00+00:00,2025-06-04 05:00:00+00:00,246.30167891300607,1.3251781537720546,spring,15
2025-06-04 05:00:00+00:00,2025-06-04 05:15:00+00:00,229.89261563600058,1.2646618074313436,spring,15
2025-06-04 05:15:00+00:00,2025-06-04 05:30:00+00:00,225.58910168005374,1.2726756965094101,spring,15
2025-06-04 05:30:00+00:00,2025-06-04 05:45:00+00:00,224.50794255930592,1.2712341348300291,spring,15
2025-06-04 05:45:00+00:00,2025-06-04 06:00:00+00:00,225.42251620020068,1.2185200751892975,spring,15
2025-06-04 06:00:00+00:00,2025-06-04 06:15:00+00:00,220.49564078641092,1.291890279987891,spring,15
2025-06-04 06:15:00+00:00,2025-06-04 06:30:00+00:00,221.11887029487445,1.2988575357168592,spring,15
2025-06-04 06:30:00+00:00,2025-06-04 06:45:00+00:00,222.3431977501278,1.2849928597508449,spring,15
2025-06-04 06:45:00+00:00,2025-06-04 07:00:00+00:00,217.53392665854776,1.2832319888276122,spring,15
2025-06-04 07:00:00+00:00,2025-06-04 07:15:00+00:00,208.86791014577415,1.1529037269083455,spring,15
2025-06-04 07:15:00+00:00,2025-06-04 07:30:00+00:00,204.40102286292148,1.105225775520364,spring,15
2025-06-04 07:30:00+00:00,2025-06-04 07:45:00+00:00,199.2992387334881,1.0379306149963885,spring,15
2025-06-04 07:45:00+00:00,2025-06-04 08:00:00+00:00,197.49340627425826,0.9846055671303703,spring,15
2025-06-04 08:00:00+00:00,2025-06-04 08:15:00+00:00,187.33609668088735,0.9667898788796981,spring,15
2025-06-04 08:15:00+00:00,2025-06-04 08:30:00+00:00,175.06256724763733,0.9462216217612193,spring,15
2025-06-04 08:30:00+00:00,2025-06-04 08:45:00+00:00,163.45177977038725,0.927547360723014,spring,15
2025-06-04 08:45:00+00:00,2025-06-04 09:00:00+00:00,150.4029180362521,0.9152723052676195,spring,15
2025-06-04 09:00:00+00:00,2025-06-04 09:15:00+00:00,139.66582048227136,0.9230157832270358,spring,15
2025-06-04 09:15:00+00:00,2025-06-04 09:30:00+00:00,133.43996019257008,0.8729431907336117,spring,15
2025-06-04 09:30:00+00:00,2025-06-04 09:45:00+00:00,131.70105340540294,0.8646496444500571,spring,15
2025-06-04 09:45:00+00:00,2025-06-04 10:00:00+00:00,130.48458307192615,0.8491783073743844,spring,15
2025-06-04 10:00:00+00:00,2025-06-04 10:15:00+00:00,128.39584385841073,0.8657000672143275,spring,15
2025-06-04 10:15:00+00:00,2025-06-04 10:30:00+00:00,127.07210992454637,0.8746690542211571,spring,15
2025-06-04 10:30:00+00:00,2025-06-04 10:45:00+00:00,130.15214904528503,0.8443155811104232,spring,15
2025-06-04 10:45:00+00:00,2025-06-04 11:00:00+00:00,127.50920813013032,0.8196226047770856,spring,15
2025-06-04 11:00:00+00:00,2025-06-04 11:15:00+00:00,127.17239726728039,0.8292878646691234,spring,15
2025-06-04 11:15:00+00:00,2025-06-04 11:30:00+00:00,127.1505990779773,0.828090553549973,spring,15
2025-06-04 11:30:00+00:00,2025-06-04 11:45:00+00:00,125.79809654821837,0.8218632190167618,spring,15
2025-06-04 11:45:00+00:00,2025-06-04 12:00:00+00:00,125.81987942282116,0.8111717802762586,spring,15
2025-06-04 12:00:00+00:00,2025-06-04 12:15:00+00:00,125.3875157095096,0.7825191452519031,spring,15
2025-06-04 12:15:00+00:00,2025-06-04 12:30:00+00:00,126.77236763016798,0.7843993344252558,spring,15
2025-06-04 12:30:00+00:00,2025-06-04 12:45:00+00:00,128.46360098532966,0.7863739847733079,spring,15
2025-06-04 12:45:00+00:00,2025-06-04 13:00:00+00:00,130.36999784844136,0.7946007775426096,spring,15
2025-06-04 13:00:00+00:00,2025-06-04 13:15:00+00:00,133.6517278616561,0.8329780310780528,spring,15
2025-06-04 13:15:00+00:00,2025-06-04 13:30:00+00:00,137.40793154188927,0.8829558387620252,spring,15
2025-06-04 13:30:00+00:00,2025-06-04 13:45:00+00:00,140.19754798393586,0.903208035290403,spring,15
2025-06-04 13:45:00+00:00,2025-06-04 14:00:00+00:00,140.73586141024055,0.8992203015371355,spring,15
2025-06-04 14:00:00+00:00,2025-06-04 14:15:00+00:00,145.62394264780497,0.9312291540567084,spring,15
2025-06-04 14:15:00+00:00,2025-06-04 14:30:00+00:00,149.0749433802114,0.9805012802244806,spring,15
2025-06-04 14:30:00+00:00,2025-06-04 14:45:00+00:00,154.51263768575078,0.9981855631437245,spring,15
2025-06-04 14:45:00+00:00,2025-06-04 15:00:00+00:00,163.83044466312225,1.0578805299533984,spring,15
2025-06-04 15:00:00+00:00,2025-06-04 15:15:00+00:00,180.5263129415142,1.0624466322324329,spring,15
2025-06-04 15:15:00+00:00,2025-06-04 15:30:00+00:00,197.18403980100328,1.1283052593562333,spring,15
2025-06-04 15:30:00+00:00,2025-06-04 15:45:00+00:00,211.4496168793283,1.1777160175214323,spring,15
2025-06-04 15:45:00+00:00,2025-06-04 16:00:00+00:00,224.6392441577616,1.219219044142532,spring,15
2025-06-04 16:00:00+00:00,2025-06-04 16:15:00+00:00,250.60164722426575,1.2392530057423137,spring,15
2025-06-04 16:15:00+00:00,2025-06-04 16:30:00+00:00,266.1573024779436,1.2703822983712847,spring,15
2025-06-04 16:30:00+00:00,2025-06-04 16:45:00+00:00,277.0582788735189,1.3700693116286748,spring,15
2025-06-04 16:45:00+00:00,2025-06-04 17:00:00+00:00,287.86518269331094,1.4397319533890165,spring,15
2025-06-04 17:00:00+00:00,2025-06-04 17:15:00+00:00,307.3231321534109,1.4425177101625977,spring,15
2025-06-04 17:15:00+00:00,2025-06-04 17:30:00+00:00,314.5506104283985,1.5280856180565596,spring,15
2025-06-04 17:30:00+00:00,2025-06-04 17:45:00+00:00,320.1052620330758,1.5615460861869725,spring,15
2025-06-04 17:45:00+00:00,2025-06-04 18:00:00+00:00,326.86528546446027,1.614950535580408,spring,15
2025-06-04 18:00:00+00:00,2025-06-04 18:15:00+00:00,335.000477434912,1.655919989596683,spring,15
2025-06-04 18:15:00+00:00,2025-06-04 18:30:00+00:00,341.5712772601598,1.6717976011257498,spring,15
2025-06-04 18:30:00+00:00,2025-06-04 18:45:00+00:00,345.9101184607229,1.7177755147556668,spring,15
2025-06-04 18:45:00+00:00,2025-06-04 19:00:00+00:00,354.40375027249684,1.7636847985951045,spring,15
2025-06-04 19:00:00+00:00,2025-06-04 19:15:00+00:00,354.78905898460204,1.8175549673484912,spring,15
2025-06-04 19:15:00+00:00,2025-06-04 19:30:00+00:00,357.99361785668367,1.8419922718915889,spring,15
2025-06-04 19:30:00+00:00,2025-06-04 19:45:00+00:00,362.20335733714364,1.7893336043244312,spring,15
2025-06-04 19:45:00+00:00,2025-06-04 20:00:00+00:00,372.65714978053023,1.7893245856060123,spring,15
2025-06-04 20:00:00+00:00,2025-06-04 20:15:00+00:00,376.1991634116568,1.8153242570846149,spring,15
2025-06-04 20:15:00+00:00,2025-06-04 20:30:00+00:00,374.70948779656646,1.7850299607793627,spring,15
2025-06-04 20:30:00+00:00,2025-06-04 20:45:00+00:00,382.5593319243718,1.7943297288507198,spring,15
2025-06-04 20:45:00+00:00,2025-06-04 21:00:00+00:00,389.8081328942131,1.755403245575667,spring,15
2025-06-04 21:00:00+00:00,2025-06-04 21:15:00+00:00,383.43587093405523,1.7729906261902875,spring,15
2025-06-04 21:15:00+00:00,2025-06-04 21:30:00+00:00,389.54537659260234,1.7603867069461878,spring,15
2025-06-04 21:30:00+00:00,2025-06-04 21:45:00+00:00,393.2091966663734,1.7935085448443455,spring,15
2025-06-04 21:45:00+00:00,2025-06-04 22:00:00+00:00,400.33921703682785,1.8386774773503924,spring,15
2025-06-04 22:00:00+00:00,2025-06-04 22:15:00+00:00,404.7350961688413,1.8384402916255127,spring,15
2025-06-04 22:15:00+00:00,2025-06-04 22:30:00+00:00,404.2298296601575,1.87208315523735,spring,15
2025-06-04 22:30:00+00:00,2025-06-04 22:45:00+00:00,411.3528534375248,1.9196316390457604,spring,15
2025-06-04 22:45:00+00:00,2025-06-04 23:00:00+00:00,415.61521876720695,1.9411319428161578,spring,15
2025-06-04 23:00:00+00:00,2025-06-04 23:15:00+00:00,409.0600157431978,2.0084234084833934,spring,15
2025-06-04 23:15:00+00:00,2025-06-04 23:30:00+00:00,411.59240121620223,2.0074202634803293,spring,15
2025-06-04 23:30:00+00:00,2025-06-04 23:45:00+00:00,414.4886600346578,1.9976918573597755,spring,15
2025-06-04 23:45:00+00:00,2025-06-05 00:00:00+00:00,409.5765715657616,1.9720009796993776,spring,15
2025-06-05 00:00:00+00:00,2025-06-05 00:15:00+00:00,402.43787454142097,1.9599292220256264,spring,15
2025-06-05 00:15:00+00:00,2025-06-05 00:30:00+00:00,402.4535312106892,1.973170618132333,spring,15
2025-06-05 00:30:00+00:00,2025-06-05 00:45:00+00:00,401.6709476420488,2.0034350478685874,spring,15
2025-06-05 00:45:00+00:00,2025-06-05 01:00:00+00:00,400.1204441109317,1.9905587567778844,spring,15
2025-06-05 01:00:00+00:00,2025-06-05 01:15:00+00:00,396.4562705395809,1.9815397535089916,spring,15
2025-06-05 01:15:00+00:00,2025-06-05 01:30:00+00:00,396.1170555073981,1.9634863438132868,spring,15
2025-06-05 01:30:00+00:00,2025-06-05 01:45:00+00:00,392.55043027828316,1.9504134420736199,spring,15
2025-06-05 01:45:00+00:00,2025-06-05 02:00:00+00:00,389.0793892546607,1.9345271897426979,spring,15
2025-06-05 02:00:00+00:00,2025-06-05 02:15:00+00:00,384.66050448316173,1.909585199259829,spring,15
2025-06-05 02:15:00+00:00,2025-06-05 02:30:00+00:00,385.29266586454554,1.9035167885229958,spring,15
2025-06-05 02:30:00+00:00,2025-06-05 02:45:00+00:00,381.43136698295655,1.888727268276035,spring,15
2025-06-05 02:45:00+00:00,2025-06-05 03:00:00+00:00,375.7288109595693,1.8453578773616044,spring,15
2025-06-05 03:00:00+00:00,2025-06-05 03:15:00+00:00,365.479756329297,1.8199515476028214,spring,15
2025-06-05 03:15:00+00:00,2025-06-05 03:30:00+00:00,356.00747110234215,1.741404449791661,spring,15
2025-06-05 03:30:00+00:00,2025-06-05 03:45:00+00:00,345.80942104798044,1.6848816049116668,spring,15
2025-06-05 03:45:00+00:00,2025-06-05 04:00:00+00:00,339.4727983841384,1.6578965269896178,spring,15
2025-06-05 04:00:00+00:00,2025-06-05 04:15:00+00:00,319.0025007499723,1.5547341284098324,spring,15
2025-06-05 04:15:00+00:00,2025-06-05 04:30:00+00:00,304.7210231138034,1.5873061553601109,spring,15
2025-06-05 04:30:00+00:00,2025-06-05 04:45:00+00:00,293.1430732746907,1.541320560975622,spring,15
2025-06-05 04:45:00+00:00,2025-06-05 05:00:00+00:00,287.25768534216417,1.4836791358382264,spring,15
2025-06-05 05:00:00+00:00,2025-06-05 05:15:00+00:00,280.05599485749747,1.4538800078722514,spring,15
2025-06-05 05:15:00+00:00,2025-06-05 05:30:00+00:00,278.31675739870707,1.4269284462292273,spring,15
2025-06-05 05:30:00+00:00,2025-06-05 05:45:00+00:00,275.14330411602896,1.395651836322466,spring,15
2025-06-05 05:45:00+00:00,2025-06-05 06:00:00+00:00,269.4640187032192,1.3578164279275944,spring,15
2025-06-05 06:00:00+00:00,2025-06-05 06:15:00+00:00,251.26997446314425,1.331183222525997,spring,15
2025-06-05 06:15:00+00:00,2025-06-05 06:30:00+00:00,240.78746005100857,1.253774309833033,spring,15
2025-06-05 06:30:00+00:00,2025-06-05 06:45:00+00:00,234.72620243507313,1.2253640882762493,spring,15
2025-06-05 06:45:00+00:00,2025-06-05 07:00:00+00:00,225.08652126395265,1.171428257730651,spring,15
2025-06-05 07:00:00+00:00,2025-06-05 07:15:00+00:00,197.3386660625748,1.1413174203416128,spring,15
2025-06-05 07:15:00+00:00,2025-06-05 07:30:00+00:00,184.621900814425,1.098172400969226,spring,15
2025-06-05 07:30:00+00:00,2025-06-05 07:45:00+00:00,168.3282573725148,1.0744472005108485,spring,15
2025-06-05 07:45:00+00:00,2025-06-05 08:00:00+00:00,158.46437015385726,1.028334607632045,spring,15
2025-06-05 08:00:00+00:00,2025-06-05 08:15:00+00:00,140.78347673796657,0.9919354128948317,spring,15
2025-06-05 08:15:00+00:00,2025-06-05 08:30:00+00:00,132.33181685874814,0.9493805334618411,spring,15
2025-06-05 08:30:00+00:00,2025-06-05 08:45:00+00:00,129.07295128265227,0.9159224408233885,spring,15
2025-06-05 08:45:00+00:00,2025-06-05 09:00:00+00:00,126.39335495252018,0.8890187694917212,spring,15
2025-06-05 09:00:00+00:00,2025-06-05 09:15:00+00:00,121.547105364079,0.8593836869305769,spring,15
2025-06-05 09:15:00+00:00,2025-06-05 09:30:00+00:00,119.33886900900677,0.8230213480674898,spring,15
2025-06-05 09:30:00+00:00,2025-06-05 09:45:00+00:00,116.7613538404371,0.8026144481372488,spring,15
2025-06-05 09:45:00+00:00,2025-06-05 10:00:00+00:00,114.05206060355637,0.7751222363375175,spring,15
2025-06-05 10:00:00+00:00,2025-06-05 10:15:00+00:00,113.05118057022058,0.7703141373686734,spring,15
2025-06-05 10:15:00+00:00,2025-06-05 10:30:00+00:00,113.32914799243021,0.746994566029971,spring,15
2025-06-05 10:30:00+00:00,2025-06-05 10:45:00+00:00,108.70346570951493,0.7367849394820141,spring,15
2025-06-05 10:45:00+00:00,2025-06-05 11:00:00+00:00,106.69752765934048,0.7285487983565698,spring,15
2025-06-05 11:00:00+00:00,2025-06-05 11:15:00+00:00,99.91467397888519,0.7187469061544159,spring,15
2025-06-05 11:15:00+00:00,2025-06-05 11:30:00+00:00,99.14307560548032,0.725211978454052,spring,15
2025-06-05 11:30:00+00:00,2025-06-05 11:45:00+00:00,100.30882303101664,0.7265568934089395,spring,15
2025-06-05 11:45:00+00:00,2025-06-05 12:00:00+00:00,100.29748242503128,0.7351840460670793,spring,15
2025-06-05 12:00:00+00:00,2025-06-05 12:15:00+00:00,101.2271159221793,0.7412295646527424,spring,15
2025-06-05 12:15:00+00:00,2025-06-05 12:30:00+00:00,101.55356432509741,0.7599583697994615,spring,15
2025-06-05 12:30:00+00:00,2025-06-05 12:45:00+00:00,102.89023236978169,0.7742731859530979,spring,15
2025-06-05 12:45:00+00:00,2025-06-05 13:00:00+00:00,105.14638816345804,0.7742363436940626,spring,15
2025-06-05 13:00:00+00:00,2025-06-05 13:15:00+00:00,114.09697553864953,0.795764270982068,spring,15
2025-06-05 13:15:00+00:00,2025-06-05 13:30:00+00:00,117.11224856210474,0.8236732818288482,spring,15
2025-06-05 13:30:00+00:00,2025-06-05 13:45:00+00:00,119.70409253647848,0.8231875370069285,spring,15
2025-06-05 13:45:00+00:00,2025-06-05 14:00:00+00:00,124.4274518578916,0.8601844856008357,spring,15
2025-06-05 14:00:00+00:00,2025-06-05 14:15:00+00:00,134.84025088109237,0.8600514476225127,spring,15
2025-06-05 14:15:00+00:00,2025-06-05 14:30:00+00:00,137.8449847924553,0.8766696114756267,spring,15
2025-06-05 14:30:00+00:00,2025-06-05 14:45:00+00:00,143.79846680233234,0.9233247712293912,spring,15
2025-06-05 14:45:00+00:00,2025-06-05 15:00:00+00:00,151.8036218638446,0.951412809962621,spring,15
2025-06-05 15:00:00+00:00,2025-06-05 15:15:00+00:00,159.7146807724628,0.9627482179074809,spring,15
2025-06-05 15:15:00+00:00,2025-06-05 15:30:00+00:00,167.17352681939215,0.9959485042469622,spring,15
2025-06-05 15:30:00+00:00,2025-06-05 15:45:00+00:00,178.6093872070966,1.0417288283106554,spring,15
2025-06-05 15:45:00+00:00,2025-06-05 16:00:00+00:00,185.97082882674738,1.1033635371209487,spring,15
2025-06-05 16:00:00+00:00,2025-06-05 16:15:00+00:00,199.81028744658406,1.0606083888200206,spring,15
2025-06-05 16:15:00+00:00,2025-06-05 16:30:00+00:00,207.89110859344763,1.1628311941240357,spring,15
2025-06-05 16:30:00+00:00,2025-06-05 16:45:00+00:00,213.4362356796586,1.1971311812865695,spring,15
2025-06-05 16:45:00+00:00,2025-06-05 17:00:00+00:00,215.11183551833065,1.2127669608699678,spring,15
2025-06-05 17:00:00+00:00,2025-06-05 17:15:00+00:00,233.40724116152583,1.2317116496702127,spring,15
2025-06-05 17:15:00+00:00,2025-06-05 17:30:00+00:00,245.26017777867344,1.2563876400548937,spring,15
2025-06-05 17:30:00+00:00,2025-06-05 17:45:00+00:00,251.7997128997135,1.3015240900862697,spring,15
2025-06-05 17:45:00+00:00,2025-06-05 18:00:00+00:00,252.3775956082582,1.3795988460038988,spring,15
2025-06-05 18:00:00+00:00,2025-06-05 18:15:00+00:00,257.3286028845738,1.3973120946841204,spring,15
2025-06-05 18:15:00+00:00,2025-06-05 18:30:00+00:00,259.9322101544595,1.4500643095381158,spring,15
2025-06-05 18:30:00+00:00,2025-06-05 18:45:00+00:00,264.5332120201719,1.457487992699152,spring,15
2025-06-05 18:45:00+00:00,2025-06-05 19:00:00+00:00,268.52589367037723,1.475427479544549,spring,15
2025-06-05 19:00:00+00:00,2025-06-05 19:15:00+00:00,269.8624223255927,1.4210076734729367,spring,15
2025-06-05 19:15:00+00:00,2025-06-05 19:30:00+00:00,269.34275818099735,1.4243180344165742,spring,15
2025-06-05 19:30:00+00:00,2025-06-05 19:45:00+00:00,270.04987335737394,1.3903122728467405,spring,15
2025-06-05 19:45:00+00:00,2025-06-05 20:00:00+00:00,271.35359821542187,1.3484135951944958,spring,15
2025-06-05 20:00:00+00:00,2025-06-05 20:15:00+00:00,264.91754886006237,1.3539035956358196,spring,15
2025-06-05 20:15:00+00:00,2025-06-05 20:30:00+00:00,264.6208566481704,1.363483682330505,spring,15
2025-06-05 20:30:00+00:00,2025-06-05 20:45:00+00:00,260.9482387411906,1.315761428898405,spring,15
2025-06-05 20:45:00+00:00,2025-06-05 21:00:00+00:00,249.44157614052094,1.2807785684427977,spring,15
2025-06-05 21:00:00+00:00,2025-06-05 21:15:00+00:00,234.0409052187969,1.2774487679024955,spring,15
2025-06-05 21:15:00+00:00,2025-06-05 21:30:00+00:00,227.05140534111862,1.2284808326004968,spring,15
2025-06-05 21:30:00+00:00,2025-06-05 21:45:00+00:00,220.00460069314428,1.20394568625829,spring,15
2025-06-05 21:45:00+00:00,2025-06-05 22:00:00+00:00,202.52661823719208,1.1856740990265469,spring,15
2025-06-05 22:00:00+00:00,2025-06-05 22:15:00+00:00,197.3760396396132,1.2328312502180154,spring,15
2025-06-05 22:15:00+00:00,2025-06-05 22:30:00+00:00,181.16091171770827,1.2114607026595157,spring,15
2025-06-05 22:30:00+00:00,2025-06-05 22:45:00+00:00,175.89768247747585,1.1760785759012424,spring,15
2025-06-05 22:45:00+00:00,2025-06-05 23:00:00+00:00,170.45022795515396,1.1639546883694778,spring,15
2025-06-05 23:00:00+00:00,2025-06-05 23:15:00+00:00,161.3462014762406,1.1790766857721362,spring,15
2025-06-05 23:15:00+00:00,2025-06-05 23:30:00+00:00,149.43852630659043,1.1665898461675759,spring,15
2025-06-05 23:30:00+00:00,2025-06-05 23:45:00+00:00,144.12117059416167,1.1275426647156845,spring,15
2025-06-05 23:45:00+00:00,2025-06-06 00:00:00+00:00,139.53808600549934,1.1022962552199447,spring,15
2025-06-06 00:00:00+00:00,2025-06-06 00:15:00+00:00,135.50521486423736,1.0968769228207143,spring,15
2025-06-06 00:15:00+00:00,2025-06-06 00:30:00+00:00,134.94069966270908,1.085998564234109,spring,15
2025-06-06 00:30:00+00:00,2025-06-06 00:45:00+00:00,134.30006305441572,1.0808560533036409,spring,15
2025-06-06 00:45:00+00:00,2025-06-06 01:00:00+00:00,132.49957802035607,1.0720001839928517,spring,15
2025-06-06 01:00:00+00:00,2025-06-06 01:15:00+00:00,130.01555035818933,1.0594638145133592,spring,15
2025-06-06 01:15:00+00:00,2025-06-06 01:30:00+00:00,128.54852910011766,1.0358000050024798,spring,15
2025-06-06 01:30:00+00:00,2025-06-06 01:45:00+00:00,126.60808079100688,0.9972467389106311,spring,15
2025-06-06 01:45:00+00:00,2025-06-06 02:00:00+00:00,125.2963446657324,0.9983086044201337,spring,15
2025-06-06 02:00:00+00:00,2025-06-06 02:15:00+00:00,124.06335595195841,0.9987641444595621,spring,15
2025-06-06 02:15:00+00:00,2025-06-06 02:30:00+00:00,123.25074839081157,0.9866101356934409,spring,15
2025-06-06 02:30:00+00:00,2025-06-06 02:45:00+00:00,122.68094261668004,0.9797415457954572,spring,15
2025-06-06 02:45:00+00:00,2025-06-06 03:00:00+00:00,122.1210734062938,0.9726997058798302,spring,15
2025-06-06 03:00:00+00:00,2025-06-06 03:15:00+00:00,121.01723102954263,0.9537733985220687,spring,15
2025-06-06 03:15:00+00:00,2025-06-06 03:30:00+00:00,122.5281251233568,0.9390311211063614,spring,15
2025-06-06 03:30:00+00:00,2025-06-06 03:45:00+00:00,121.03469428396038,0.9240690945486977,spring,15
2025-06-06 03:45:00+00:00,2025-06-06 04:00:00+00:00,118.91316771577284,0.9085100677426691,spring,15
2025-06-06 04:00:00+00:00,2025-06-06 04:15:00+00:00,115.50022426940842,0.8661144105533054,spring,15
2025-06-06 04:15:00+00:00,2025-06-06 04:30:00+00:00,113.84110152666416,0.8563687038765864,spring,15
2025-06-06 04:30:00+00:00,2025-06-06 04:45:00+00:00,112.24629570038861,0.8370875224703513,spring,15
2025-06-06 04:45:00+00:00,2025-06-06 05:00:00+00:00,113.69523768000442,0.815177811017166,spring,15
2025-06-06 05:00:00+00:00,2025-06-06 05:15:00+00:00,113.15914536688861,0.7959551027164263,spring,15
2025-06-06 05:15:00+00:00,2025-06-06 05:30:00+00:00,114.01001323841105,0.7786629844559722,spring,15
2025-06-06 05:30:00+00:00,2025-06-06 05:45:00+00:00,113.82648985129164,0.7632086360766765,spring,15
2025-06-06 05:45:00+00:00,2025-06-06 06:00:00+00:00,113.67228850809747,0.7573361553847707,spring,15
2025-06-06 06:00:00+00:00,2025-06-06 06:15:00+00:00,108.8708536146402,0.7271259654279408,spring,15
2025-06-06 06:15:00+00:00,2025-06-06 06:30:00+00:00,105.9008782056426,0.7037888048127158,spring,15
2025-06-06 06:30:00+00:00,2025-06-06 06:45:00+00:00,104.81071596478775,0.6920051913441292,spring,15
2025-06-06 06:45:00+00:00,2025-06-06 07:00:00+00:00,102.62051240502666,0.6722222006707452,spring,15
2025-06-06 07:00:00+00:00,2025-06-06 07:15:00+00:00,98.31485848359507,0.635653669774514,spring,15
2025-06-06 07:15:00+00:00,2025-06-06 07:30:00+00:00,97.6061972742393,0.6325875657965818,spring,15
2025-06-06 07:30:00+00:00,2025-06-06 07:45:00+00:00,95.78625243721144,0.6356478493583055,spring,15
2025-06-06 07:45:00+00:00,2025-06-06 08:00:00+00:00,95.1577560607054,0.6324211909146515,spring,15
2025-06-06 08:00:00+00:00,2025-06-06 08:15:00+00:00,95.76126661135501,0.6348039418969659,spring,15
2025-06-06 08:15:00+00:00,2025-06-06 08:30:00+00:00,94.45261453827571,0.6369245956769124,spring,15
2025-06-06 08:30:00+00:00,2025-06-06 08:45:00+00:00,94.21060840097886,0.6383001758189986,spring,15
2025-06-06 08:45:00+00:00,2025-06-06 09:00:00+00:00,95.2044580594258,0.6407935298527331,spring,15
2025-06-06 09:00:00+00:00,2025-06-06 09:15:00+00:00,95.84493634790006,0.6280750984586575,spring,15
2025-06-06 09:15:00+00:00,2025-06-06 09:30:00+00:00,95.25184414326414,0.6249781405498912,spring,15
2025-06-06 09:30:00+00:00,2025-06-06 09:45:00+00:00,95.70279968852626,0.6219185695798488,spring,15
2025-06-06 09:45:00+00:00,2025-06-06 10:00:00+00:00,95.70362903062183,0.6206391509778237,spring,15
2025-06-06 10:00:00+00:00,2025-06-06 10:15:00+00:00,93.8702587553766,0.6117725161400839,spring,15
2025-06-06 10:15:00+00:00,2025-06-06 10:30:00+00:00,93.10867304130694,0.6100245527677133,spring,15
2025-06-06 10:30:00+00:00,2025-06-06 10:45:00+00:00,93.0868013584401,0.6084293979555011,spring,15
2025-06-06 10:45:00+00:00,2025-06-06 11:00:00+00:00,92.51551114456969,0.6103677076548657,spring,15
2025-06-06 11:00:00+00:00,2025-06-06 11:15:00+00:00,89.5769838918535,0.6206276162649215,spring,15
2025-06-06 11:15:00+00:00,2025-06-06 11:30:00+00:00,90.36558385062781,0.6195645373021855,spring,15
2025-06-06 11:30:00+00:00,2025-06-06 11:45:00+00:00,90.40652007295155,0.6126805160460848,spring,15
2025-06-06 11:45:00+00:00,2025-06-06 12:00:00+00:00,90.73897491533262,0.6192133936423199,spring,15
2025-06-06 12:00:00+00:00,2025-06-06 12:15:00+00:00,88.21449005220478,0.6182358036719482,spring,15
2025-06-06 12:15:00+00:00,2025-06-06 12:30:00+00:00,87.26820783737881,0.6154378929530819,spring,15
2025-06-06 12:30:00+00:00,2025-06-06 12:45:00+00:00,86.13999806116095,0.6166370680430835,spring,15
2025-06-06 12:45:00+00:00,2025-06-06 13:00:00+00:00,87.00265980732559,0.6270765646114643,spring,15
2025-06-06 13:00:00+00:00,2025-06-06 13:15:00+00:00,87.86833450487725,0.638419143849768,spring,15
2025-06-06 13:15:00+00:00,2025-06-06 13:30:00+00:00,88.82566580777453,0.6493497913809756,spring,15
2025-06-06 13:30:00+00:00,2025-06-06 13:45:00+00:00,88.88268477085852,0.6522044108429668,spring,15
2025-06-06 13:45:00+00:00,2025-06-06 14:00:00+00:00,93.62858903527379,0.6624386882534344,spring,15
2025-06-06 14:00:00+00:00,2025-06-06 14:15:00+00:00,100.76547261129393,0.6854688332564564,spring,15
2025-06-06 14:15:00+00:00,2025-06-06 14:30:00+00:00,100.64020824162023,0.7010635034564963,spring,15
2025-06-06 14:30:00+00:00,2025-06-06 14:45:00+00:00,101.48737752231507,0.7104290527834266,spring,15
2025-06-06 14:45:00+00:00,2025-06-06 15:00:00+00:00,102.15342449530574,0.7105439600508412,spring,15
2025-06-06 15:00:00+00:00,2025-06-06 15:15:00+00:00,103.11272576669435,0.7301334123443286,spring,15
2025-06-06 15:15:00+00:00,2025-06-06 15:30:00+00:00,105.38668601007606,0.7658883924747346,spring,15
2025-06-06 15:30:00+00:00,2025-06-06 15:45:00+00:00,109.03082193920338,0.7750914530385103,spring,15
2025-06-06 15:45:00+00:00,2025-06-06 16:00:00+00:00,116.77570061197451,0.8151931853109529,spring,15
2025-06-06 16:00:00+00:00,2025-06-06 16:15:00+00:00,130.5897806905411,0.8444448228817498,spring,15
2025-06-06 16:15:00+00:00,2025-06-06 16:30:00+00:00,140.98748381044274,0.9856090145283138,spring,15
2025-06-06 16:30:00+00:00,2025-06-06 16:45:00+00:00,149.84749257862833,1.0321254076720463,spring,15
2025-06-06 16:45:00+00:00,2025-06-06 17:00:00+00:00,158.82066176107355,1.0691880650239316,spring,15
2025-06-06 17:00:00+00:00,2025-06-06 17:15:00+00:00,180.46416830817316,1.0600231360071786,spring,15
2025-06-06 17:15:00+00:00,2025-06-06 17:30:00+00:00,191.86027871272913,1.1968351667274741,spring,15
2025-06-06 17:30:00+00:00,2025-06-06 17:45:00+00:00,199.2972807371971,1.293092358902656,spring,15
2025-06-06 17:45:00+00:00,2025-06-06 18:00:00+00:00,210.82915070299308,1.3677965892117152,spring,15
2025-06-06 18:00:00+00:00,2025-06-06 18:15:00+00:00,217.04863110144308,1.3186507962404956,spring,15
2025-06-06 18:15:00+00:00,2025-06-06 18:30:00+00:00,225.47681665794144,1.385056206904906,spring,15
2025-06-06 18:30:00+00:00,2025-06-06 18:45:00+00:00,228.87830481526433,1.4249296534348865,spring,15
2025-06-06 18:45:00+00:00,2025-06-06 19:00:00+00:00,230.5007138930445,1.4526387382065702,spring,15
2025-06-06 19:00:00+00:00,2025-06-06 19:15:00+00:00,233.22819067222636,1.4520530056561556,spring,15
2025-06-06 19:15:00+00:00,2025-06-06 19:30:00+00:00,235.0695621311542,1.433141329668841,spring,15
2025-06-06 19:30:00+00:00,2025-06-06 19:45:00+00:00,239.95127976132915,1.46211525368867,spring,15
2025-06-06 19:45:00+00:00,2025-06-06 20:00:00+00:00,242.64423723021596,1.4826963293210549,spring,15
2025-06-06 20:00:00+00:00,2025-06-06 20:15:00+00:00,237.10095760311077,1.4596809366703287,spring,15
2025-06-06 20:15:00+00:00,2025-06-06 20:30:00+00:00,238.89186348219178,1.4622499264067557,spring,15
2025-06-06 20:30:00+00:00,2025-06-06 20:45:00+00:00,240.26058816083022,1.4333397317121874,spring,15
2025-06-06 20:45:00+00:00,2025-06-06 21:00:00+00:00,243.14297134158835,1.4464538540402678,spring,15
2025-06-06 21:00:00+00:00,2025-06-06 21:15:00+00:00,239.03147875661966,1.4431983547104983,spring,15
2025-06-06 21:15:00+00:00,2025-06-06 21:30:00+00:00,236.75441581411246,1.43819340418687,spring,15
2025-06-06 21:30:00+00:00,2025-06-06 21:45:00+00:00,238.74928544640875,1.42611304877054,spring,15
2025-06-06 21:45:00+00:00,2025-06-06 22:00:00+00:00,242.6410771014938,1.396237807735485,spring,15
2025-06-06 22:00:00+00:00,2025-06-06 22:15:00+00:00,244.5723534178087,1.4658571584845446,spring,15
2025-06-06 22:15:00+00:00,2025-06-06 22:30:00+00:00,242.26205966888043,1.4884807615656785,spring,15
2025-06-06 22:30:00+00:00,2025-06-06 22:45:00+00:00,245.53190924441608,1.44564819530574,spring,15
2025-06-06 22:45:00+00:00,2025-06-06 23:00:00+00:00,251.2816835545436,1.421875594308022,spring,15
2025-06-06 23:00:00+00:00,2025-06-06 23:15:00+00:00,256.2071110655554,1.4725226781536866,spring,15
2025-06-06 23:15:00+00:00,2025-06-06 23:30:00+00:00,258.4603894812627,1.51651343101451,spring,15
2025-06-06 23:30:00+00:00,2025-06-06 23:45:00+00:00,265.619156206991,1.5468680983735896,spring,15
2025-06-06 23:45:00+00:00,2025-06-07 00:00:00+00:00,271.210774049782,1.5766078216947192,spring,15
2025-06-07 00:00:00+00:00,2025-06-07 00:15:00+00:00,266.66586123607436,1.6314132470516802,spring,15
2025-06-07 00:15:00+00:00,2025-06-07 00:30:00+00:00,273.53050357197657,1.6529736993982733,spring,15
2025-06-07 00:30:00+00:00,2025-06-07 00:45:00+00:00,275.2436027091169,1.658701147570038,spring,15
2025-06-07 00:45:00+00:00,2025-06-07 01:00:00+00:00,276.46702319420314,1.6501491623068694,spring,15
2025-06-07 01:00:00+00:00,2025-06-07 01:15:00+00:00,278.0113222213633,1.7471690846481183,spring,15
2025-06-07 01:15:00+00:00,2025-06-07 01:30:00+00:00,278.550504860837,1.770579589270129,spring,15
2025-06-07 01:30:00+00:00,2025-06-07 01:45:00+00:00,278.8389546515899,1.7451972049727595,spring,15
2025-06-07 01:45:00+00:00,2025-06-07 02:00:00+00:00,282.5067498313249,1.7664122144736574,spring,15
2025-06-07 02:00:00+00:00,2025-06-07 02:15:00+00:00,299.57637136726,1.7731274099601464,spring,15
2025-06-07 02:15:00+00:00,2025-06-07 02:30:00+00:00,302.581316402756,1.7956668892375054,spring,15
2025-06-07 02:30:00+00:00,2025-06-07 02:45:00+00:00,303.38583309720514,1.7811265976657549,spring,15
2025-06-07 02:45:00+00:00,2025-06-07 03:00:00+00:00,305.7072833917893,1.8058411512613453,spring,15
2025-06-07 03:00:00+00:00,2025-06-07 03:15:00+00:00,306.32148649952705,1.7985303344388164,spring,15
2025-06-07 03:15:00+00:00,2025-06-07 03:30:00+00:00,308.02690326370526,1.7830249039544008,spring,15
2025-06-07 03:30:00+00:00,2025-06-07 03:45:00+00:00,304.514694587189,1.785236351351895,spring,15
2025-06-07 03:45:00+00:00,2025-06-07 04:00:00+00:00,303.0808621796398,1.716529830160015,spring,15
2025-06-07 04:00:00+00:00,2025-06-07 04:15:00+00:00,293.1760903001239,1.7058693760678918,spring,15
2025-06-07 04:15:00+00:00,2025-06-07 04:30:00+00:00,284.35319968124486,1.634998299927512,spring,15
2025-06-07 04:30:00+00:00,2025-06-07 04:45:00+00:00,279.6815807659565,1.5969875282407258,spring,15
2025-06-07 04:45:00+00:00,2025-06-07 05:00:00+00:00,275.07295128803537,1.5810171497933747,spring,15
2025-06-07 05:00:00+00:00,2025-06-07 05:15:00+00:00,268.2850639471849,1.6174505775933001,spring,15
2025-06-07 05:15:00+00:00,2025-06-07 05:30:00+00:00,265.14780237322776,1.6004395589701237,spring,15
2025-06-07 05:30:00+00:00,2025-06-07 05:45:00+00:00,261.46171815209857,1.5838696530696494,spring,15
2025-06-07 05:45:00+00:00,2025-06-07 06:00:00+00:00,257.38447246876626,1.490099673657429,spring,15
2025-06-07 06:00:00+00:00,2025-06-07 06:15:00+00:00,240.28165512676642,1.5116004814175499,spring,15
2025-06-07 06:15:00+00:00,2025-06-07 06:30:00+00:00,231.65477758937274,1.4098755188511554,spring,15
2025-06-07 06:30:00+00:00,2025-06-07 06:45:00+00:00,217.48399196940022,1.3441184226493021,spring,15
2025-06-07 06:45:00+00:00,2025-06-07 07:00:00+00:00,200.54202963635913,1.3491184865039658,spring,15
2025-06-07 07:00:00+00:00,2025-06-07 07:15:00+00:00,181.84635468211928,1.3074285096438332,spring,15
2025-06-07 07:15:00+00:00,2025-06-07 07:30:00+00:00,170.90881335071634,1.1765018362277133,spring,15
2025-06-07 07:30:00+00:00,2025-06-07 07:45:00+00:00,157.3224535908713,1.1658182210840973,spring,15
2025-06-07 07:45:00+00:00,2025-06-07 08:00:00+00:00,149.09587957512585,1.1140607857383025,spring,15
2025-06-07 08:00:00+00:00,2025-06-07 08:15:00+00:00,136.72905713607724,1.0772137561699162,spring,15
2025-06-07 08:15:00+00:00,2025-06-07 08:30:00+00:00,131.99755619744204,0.9960751384614979,spring,15
2025-06-07 08:30:00+00:00,2025-06-07 08:45:00+00:00,127.20916464975843,0.9661736082481471,spring,15
2025-06-07 08:45:00+00:00,2025-06-07 09:00:00+00:00,124.05931173149709,0.9422881195392585,spring,15
2025-06-07 09:00:00+00:00,2025-06-07 09:15:00+00:00,117.18381247582886,0.9104159930378957,spring,15
2025-06-07 09:15:00+00:00,2025-06-07 09:30:00+00:00,112.54152613164358,0.8719844784497203,spring,15
2025-06-07 09:30:00+00:00,2025-06-07 09:45:00+00:00,108.9289410789814,0.8500710311163857,spring,15
2025-06-07 09:45:00+00:00,2025-06-07 10:00:00+00:00,108.13017565930357,0.8467203914734802,spring,15
2025-06-07 10:00:00+00:00,2025-06-07 10:15:00+00:00,107.4641980704487,0.8380708641871017,spring,15
2025-06-07 10:15:00+00:00,2025-06-07 10:30:00+00:00,107.16410549969869,0.8397289992956157,spring,15
2025-06-07 10:30:00+00:00,2025-06-07 10:45:00+00:00,107.3912860238188,0.8395670811605008,spring,15
2025-06-07 10:45:00+00:00,2025-06-07 11:00:00+00:00,106.36386133482492,0.8284357999429671,spring,15
2025-06-07 11:00:00+00:00,2025-06-07 11:15:00+00:00,106.31288006632343,0.831051758428399,spring,15
2025-06-07 11:15:00+00:00,2025-06-07 11:30:00+00:00,106.7442436461682,0.8412056670865724,spring,15
2025-06-07 11:30:00+00:00,2025-06-07 11:45:00+00:00,107.65706718258772,0.8394941743711568,spring,15
2025-06-07 11:45:00+00:00,2025-06-07 12:00:00+00:00,107.60013585271176,0.837665493187224,spring,15
2025-06-07 12:00:00+00:00,2025-06-07 12:15:00+00:00,107.18122005084095,0.8484854344288335,spring,15
2025-06-07 12:15:00+00:00,2025-06-07 12:30:00+00:00,106.709233349118,0.843656407956959,spring,15
2025-06-07 12:30:00+00:00,2025-06-07 12:45:00+00:00,106.52345916866304,0.8447389678346104,spring,15
2025-06-07 12:45:00+00:00,2025-06-07 13:00:00+00:00,105.51929653285168,0.8455447576673054,spring,15
2025-06-07 13:00:00+00:00,2025-06-07 13:15:00+00:00,107.63050202181756,0.8617180303236431,spring,15
2025-06-07 13:15:00+00:00,2025-06-07 13:30:00+00:00,109.53925784025226,0.8715457157532802,spring,15
2025-06-07 13:30:00+00:00,2025-06-07 13:45:00+00:00,109.45473683294853,0.8760481258526398,spring,15
2025-06-07 13:45:00+00:00,2025-06-07 14:00:00+00:00,110.5471506729354,0.8888844642005932,spring,15
2025-06-07 14:00:00+00:00,2025-06-07 14:15:00+00:00,114.03314095915013,0.9112494266255946,spring,15
2025-06-07 14:15:00+00:00,2025-06-07 14:30:00+00:00,115.19976400385796,0.9802483687204052,spring,15
2025-06-07 14:30:00+00:00,2025-06-07 14:45:00+00:00,117.17918291026977,0.9627910966949899,spring,15
2025-06-07 14:45:00+00:00,2025-06-07 15:00:00+00:00,121.25778885854461,1.0227406813464586,spring,15
2025-06-07 15:00:00+00:00,2025-06-07 15:15:00+00:00,132.64222282895975,1.030577158096032,spring,15
2025-06-07 15:15:00+00:00,2025-06-07 15:30:00+00:00,141.30754913069927,1.0778186222726127,spring,15
2025-06-07 15:30:00+00:00,2025-06-07 15:45:00+00:00,152.37514983415159,1.1654300163808058,spring,15
2025-06-07 15:45:00+00:00,2025-06-07 16:00:00+00:00,165.32339565336943,1.1571891511925885,spring,15
2025-06-07 16:00:00+00:00,2025-06-07 16:15:00+00:00,181.88355679537676,1.1808834852589134,spring,15
2025-06-07 16:15:00+00:00,2025-06-07 16:30:00+00:00,191.710512793038,1.2826094204482155,spring,15
2025-06-07 16:30:00+00:00,2025-06-07 16:45:00+00:00,195.6832852460924,1.2889119107267444,spring,15
2025-06-07 16:45:00+00:00,2025-06-07 17:00:00+00:00,195.49353934674684,1.3279982710195888,spring,15
2025-06-07 17:00:00+00:00,2025-06-07 17:15:00+00:00,204.73425948070937,1.3854098012161646,spring,15
2025-06-07 17:15:00+00:00,2025-06-07 17:30:00+00:00,210.2978383417229,1.4143776185618975,spring,15
2025-06-07 17:30:00+00:00,2025-06-07 17:45:00+00:00,210.32147869927798,1.4448069112217452,spring,15
2025-06-07 17:45:00+00:00,2025-06-07 18:00:00+00:00,215.64461771719874,1.4927187891607172,spring,15
2025-06-07 18:00:00+00:00,2025-06-07 18:15:00+00:00,228.5341866750727,1.46829884985515,spring,15
2025-06-07 18:15:00+00:00,2025-06-07 18:30:00+00:00,237.6606487486542,1.5307698522336504,spring,15
2025-06-07 18:30:00+00:00,2025-06-07 18:45:00+00:00,234.2074452843843,1.587186985694401,spring,15
2025-06-07 18:45:00+00:00,2025-06-07 19:00:00+00:00,236.17016952499307,1.5892517894889584,spring,15
2025-06-07 19:00:00+00:00,2025-06-07 19:15:00+00:00,236.35577468312775,1.6112811800068059,spring,15
2025-06-07 19:15:00+00:00,2025-06-07 19:30:00+00:00,238.68038553584248,1.6369791739009973,spring,15
2025-06-07 19:30:00+00:00,2025-06-07 19:45:00+00:00,239.8483012862775,1.6678488736498438,spring,15
2025-06-07 19:45:00+00:00,2025-06-07 20:00:00+00:00,244.74543688955842,1.6850308963277678,spring,15
2025-06-07 20:00:00+00:00,2025-06-07 20:15:00+00:00,236.6756643417263,1.733035507161056,spring,15
2025-06-07 20:15:00+00:00,2025-06-07 20:30:00+00:00,234.56518288650724,1.640466282568219,spring,15
2025-06-07 20:30:00+00:00,2025-06-07 20:45:00+00:00,231.7115413567519,1.6131082583357492,spring,15
2025-06-07 20:45:00+00:00,2025-06-07 21:00:00+00:00,230.03400043221106,1.5763856798489715,spring,15
2025-06-07 21:00:00+00:00,2025-06-07 21:15:00+00:00,223.66915478602317,1.5648039153542794,spring,15
2025-06-07 21:15:00+00:00,2025-06-07 21:30:00+00:00,220.858803041052,1.502761944685698,spring,15
2025-06-07 21:30:00+00:00,2025-06-07 21:45:00+00:00,224.54836593974997,1.5162403802158644,spring,15
2025-06-07 21:45:00+00:00,2025-06-07 22:00:00+00:00,223.30512997698818,1.449298904077709,spring,15
2025-06-07 22:00:00+00:00,2025-06-07 22:15:00+00:00,215.11471223987974,1.51416935325309,spring,15
2025-06-07 22:15:00+00:00,2025-06-07 22:30:00+00:00,210.10257244529896,1.454843144358686,spring,15
2025-06-07 22:30:00+00:00,2025-06-07 22:45:00+00:00,209.31397973121085,1.4694546086482412,spring,15
2025-06-07 22:45:00+00:00,2025-06-07 23:00:00+00:00,209.64546871051056,1.5041092122410566,spring,15
2025-06-07 23:00:00+00:00,2025-06-07 23:15:00+00:00,208.1610468094337,1.485997531695606,spring,15
2025-06-07 23:15:00+00:00,2025-06-07 23:30:00+00:00,204.5962666946123,1.4793462431319884,spring,15
2025-06-07 23:30:00+00:00,2025-06-07 23:45:00+00:00,206.19916441776434,1.504010765129804,spring,15
2025-06-07 23:45:00+00:00,2025-06-08 00:00:00+00:00,203.5931674459206,1.4738303212713135,spring,15
2025-06-08 00:00:00+00:00,2025-06-08 00:15:00+00:00,188.70301665953215,1.5059911652755609,spring,15
2025-06-08 00:15:00+00:00,2025-06-08 00:30:00+00:00,183.53332847590335,1.487766382738665,spring,15
2025-06-08 00:30:00+00:00,2025-06-08 00:45:00+00:00,179.30956606520527,1.4911760154428735,spring,15
2025-06-08 00:45:00+00:00,2025-06-08 01:00:00+00:00,175.96510739807476,1.4752177024818438,spring,15
2025-06-08 01:00:00+00:00,2025-06-08 01:15:00+00:00,172.68545683255732,1.4997715967035001,spring,15
2025-06-08 01:15:00+00:00,2025-06-08 01:30:00+00:00,169.90635687689033,1.4421838358506422,spring,15
2025-06-08 01:30:00+00:00,2025-06-08 01:45:00+00:00,167.04891102660113,1.4340773407888576,spring,15
2025-06-08 01:45:00+00:00,2025-06-08 02:00:00+00:00,166.10184205838698,1.4327617080491082,spring,15
2025-06-08 02:00:00+00:00,2025-06-08 02:15:00+00:00,163.950120056343,1.4328889092814363,spring,15
2025-06-08 02:15:00+00:00,2025-06-08 02:30:00+00:00,163.01685782564593,1.4275771540585944,spring,15
2025-06-08 02:30:00+00:00,2025-06-08 02:45:00+00:00,161.2522402030784,1.4113325795555143,spring,15
2025-06-08 02:45:00+00:00,2025-06-08 03:00:00+00:00,159.6133037430635,1.394414615348365,spring,15
2025-06-08 03:00:00+00:00,2025-06-08 03:15:00+00:00,157.20481848547774,1.4300309187131832,spring,15
2025-06-08 03:15:00+00:00,2025-06-08 03:30:00+00:00,157.4714529093223,1.3732495464008478,spring,15
2025-06-08 03:30:00+00:00,2025-06-08 03:45:00+00:00,154.3464006279017,1.3691630822416647,spring,15
2025-06-08 03:45:00+00:00,2025-06-08 04:00:00+00:00,153.97999241678548,1.3652202875021162,spring,15
2025-06-08 04:00:00+00:00,2025-06-08 04:15:00+00:00,147.18134475656348,1.2745041188260269,spring,15
2025-06-08 04:15:00+00:00,2025-06-08 04:30:00+00:00,143.8358137025645,1.2175314622986568,spring,15
2025-06-08 04:30:00+00:00,2025-06-08 04:45:00+00:00,142.46624099192758,1.1693922141099933,spring,15
2025-06-08 04:45:00+00:00,2025-06-08 05:00:00+00:00,138.64192225154184,1.136380317619469,spring,15
2025-06-08 05:00:00+00:00,2025-06-08 05:15:00+00:00,133.7470195332971,1.0909949685322227,spring,15
2025-06-08 05:15:00+00:00,2025-06-08 05:30:00+00:00,129.63007761888977,1.0505892569375976,spring,15
2025-06-08 05:30:00+00:00,2025-06-08 05:45:00+00:00,127.08086711545484,1.025117984872567,spring,15
2025-06-08 05:45:00+00:00,2025-06-08 06:00:00+00:00,125.39357129909997,1.0036212974445928,spring,15
2025-06-08 06:00:00+00:00,2025-06-08 06:15:00+00:00,120.64607905087712,0.9822267892729408,spring,15
2025-06-08 06:15:00+00:00,2025-06-08 06:30:00+00:00,118.02760111869682,0.9386681787158002,spring,15
2025-06-08 06:30:00+00:00,2025-06-08 06:45:00+00:00,114.47800913757217,0.9046950617220633,spring,15
2025-06-08 06:45:00+00:00,2025-06-08 07:00:00+00:00,111.84750180940773,0.8800864150796189,spring,15
2025-06-08 07:00:00+00:00,2025-06-08 07:15:00+00:00,113.1497877656695,0.9013148186343592,spring,15
2025-06-08 07:15:00+00:00,2025-06-08 07:30:00+00:00,111.71731970511628,0.8981694571498966,spring,15
2025-06-08 07:30:00+00:00,2025-06-08 07:45:00+00:00,109.59222803608918,0.8677848704787469,spring,15
2025-06-08 07:45:00+00:00,2025-06-08 08:00:00+00:00,107.90191891126628,0.8391490058781399,spring,15
2025-06-08 08:00:00+00:00,2025-06-08 08:15:00+00:00,105.29282511342055,0.8091290315798184,spring,15
2025-06-08 08:15:00+00:00,2025-06-08 08:30:00+00:00,103.80934315625836,0.7791191305450996,spring,15
2025-06-08 08:30:00+00:00,2025-06-08 08:45:00+00:00,102.44326119683787,0.7600215334514523,spring,15
2025-06-08 08:45:00+00:00,2025-06-08 09:00:00+00:00,101.8724287519734,0.7593933367647189,spring,15
2025-06-08 09:00:00+00:00,2025-06-08 09:15:00+00:00,100.82375548394495,0.7549350168089928,spring,15
2025-06-08 09:15:00+00:00,2025-06-08 09:30:00+00:00,100.12510063554419,0.7254376775493537,spring,15
2025-06-08 09:30:00+00:00,2025-06-08 09:45:00+00:00,99.4364652742542,0.7082666086706199,spring,15
2025-06-08 09:45:00+00:00,2025-06-08 10:00:00+00:00,98.39765424875928,0.6960092451294514,spring,15
2025-06-08 10:00:00+00:00,2025-06-08 10:15:00+00:00,98.01870814997473,0.6829484885651205,spring,15
2025-06-08 10:15:00+00:00,2025-06-08 10:30:00+00:00,98.39220421980261,0.690539726275081,spring,15
2025-06-08 10:30:00+00:00,2025-06-08 10:45:00+00:00,98.79046594530077,0.7073268310080764,spring,15
2025-06-08 10:45:00+00:00,2025-06-08 11:00:00+00:00,99.54763831091904,0.7077587239324291,spring,15
2025-06-08 11:00:00+00:00,2025-06-08 11:15:00+00:00,101.78366433175715,0.692461756670171,spring,15
2025-06-08 11:15:00+00:00,2025-06-08 11:30:00+00:00,102.9895176111307,0.6725707361093759,spring,15
2025-06-08 11:30:00+00:00,2025-06-08 11:45:00+00:00,103.80223074791131,0.6714759340929716,spring,15
2025-06-08 11:45:00+00:00,2025-06-08 12:00:00+00:00,105.34593267781536,0.6707468455405975,spring,15
2025-06-08 12:00:00+00:00,2025-06-08 12:15:00+00:00,106.62428287400566,0.6968775717575814,spring,15
2025-06-08 12:15:00+00:00,2025-06-08 12:30:00+00:00,106.40989210900388,0.7016371139995511,spring,15
2025-06-08 12:30:00+00:00,2025-06-08 12:45:00+00:00,105.99899659302653,0.7070427448032902,spring,15
2025-06-08 12:45:00+00:00,2025-06-08 13:00:00+00:00,106.8988681514986,0.6833197883390028,spring,15
2025-06-08 13:00:00+00:00,2025-06-08 13:15:00+00:00,105.69055842748156,0.682186341493604,spring,15
2025-06-08 13:15:00+00:00,2025-06-08 13:30:00+00:00,104.52916073962093,0.7094966818747424,spring,15
2025-06-08 13:30:00+00:00,2025-06-08 13:45:00+00:00,105.99701726358863,0.7227403893925449,spring,15
2025-06-08 13:45:00+00:00,2025-06-08 14:00:00+00:00,108.15325846927371,0.7237424961351461,spring,15
2025-06-08 14:00:00+00:00,2025-06-08 14:15:00+00:00,107.24574000849087,0.6993911983611043,spring,15
2025-06-08 14:15:00+00:00,2025-06-08 14:30:00+00:00,105.02811510109416,0.7156920894318732,spring,15
2025-06-08 14:30:00+00:00,2025-06-08 14:45:00+00:00,104.18929899604812,0.6818403200189976,spring,15
2025-06-08 14:45:00+00:00,2025-06-08 15:00:00+00:00,104.56563233828658,0.6860691797320353,spring,15
2025-06-08 15:00:00+00:00,2025-06-08 15:15:00+00:00,101.29134715552448,0.7212283187978094,spring,15
2025-06-08 15:15:00+00:00,2025-06-08 15:30:00+00:00,99.91232494318947,0.7329103514887434,spring,15
2025-06-08 15:30:00+00:00,2025-06-08 15:45:00+00:00,99.38874901431608,0.7221758051743578,spring,15
2025-06-08 15:45:00+00:00,2025-06-08 16:00:00+00:00,102.08605067965168,0.7417000163331651,spring,15
2025-06-08 16:00:00+00:00,2025-06-08 16:15:00+00:00,105.75574586438965,0.773430575701026,spring,15
2025-06-08 16:15:00+00:00,2025-06-08 16:30:00+00:00,105.97412103752258,0.795596932573306,spring,15
2025-06-08 16:30:00+00:00,2025-06-08 16:45:00+00:00,107.1848639948978,0.8328396207406027,spring,15
2025-06-08 16:45:00+00:00,2025-06-08 17:00:00+00:00,108.00227404069949,0.8721216399116776,spring,15
2025-06-08 17:00:00+00:00,2025-06-08 17:15:00+00:00,104.83153075561223,0.8553571979350142,spring,15
2025-06-08 17:15:00+00:00,2025-06-08 17:30:00+00:00,105.27191398591194,0.8609907732774474,spring,15
2025-06-08 17:30:00+00:00,2025-06-08 17:45:00+00:00,106.04426384745723,0.8645579935337285,spring,15
2025-06-08 17:45:00+00:00,2025-06-08 18:00:00+00:00,108.92104291283313,0.8936436673844383,spring,15
2025-06-08 18:00:00+00:00,2025-06-08 18:15:00+00:00,110.38908977337064,0.9266758644986943,spring,15
2025-06-08 18:15:00+00:00,2025-06-08 18:30:00+00:00,112.51951970400484,0.9469568719500736,spring,15
2025-06-08 18:30:00+00:00,2025-06-08 18:45:00+00:00,113.5587644312051,0.9568309638396187,spring,15
2025-06-08 18:45:00+00:00,2025-06-08 19:00:00+00:00,114.89759213597837,0.9737133141747171,spring,15
2025-06-08 19:00:00+00:00,2025-06-08 19:15:00+00:00,114.47836009458383,0.9924261214253498,spring,15
2025-06-08 19:15:00+00:00,2025-06-08 19:30:00+00:00,115.16654187386222,0.9972592442644456,spring,15
2025-06-08 19:30:00+00:00,2025-06-08 19:45:00+00:00,116.0602905255728,1.0081551610072514,spring,15
2025-06-08 19:45:00+00:00,2025-06-08 20:00:00+00:00,116.17638297438639,1.0104706637175105,spring,15
2025-06-08 20:00:00+00:00,2025-06-08 20:15:00+00:00,117.90812283462273,1.0207751920961243,spring,15
2025-06-08 20:15:00+00:00,2025-06-08 20:30:00+00:00,118.5340160115605,1.0194300795126707,spring,15
2025-06-08 20:30:00+00:00,2025-06-08 20:45:00+00:00,120.10191764812205,1.0359344693655586,spring,15
2025-06-08 20:45:00+00:00,2025-06-08 21:00:00+00:00,119.59991172835196,1.0364727616329013,spring,15
2025-06-08 21:00:00+00:00,2025-06-08 21:15:00+00:00,120.91980024525783,1.0660404471254836,spring,15
2025-06-08 21:15:00+00:00,2025-06-08 21:30:00+00:00,121.56257748244691,1.043734965016315,spring,15
2025-06-08 21:30:00+00:00,2025-06-08 21:45:00+00:00,122.02397265449754,1.0430102701599433,spring,15
2025-06-08 21:45:00+00:00,2025-06-08 22:00:00+00:00,123.6316526581613,1.063673446326064,spring,15
2025-06-08 22:00:00+00:00,2025-06-08 22:15:00+00:00,124.35553050000676,1.0430265458357135,spring,15
2025-06-08 22:15:00+00:00,2025-06-08 22:30:00+00:00,122.85438583918591,1.0540970135115584,spring,15
2025-06-08 22:30:00+00:00,2025-06-08 22:45:00+00:00,124.99153081884177,1.0716930593367882,spring,15
2025-06-08 22:45:00+00:00,2025-06-08 23:00:00+00:00,125.99960271137846,1.0926149471334534,spring,15
2025-06-08 23:00:00+00:00,2025-06-08 23:15:00+00:00,125.10749741390676,1.0838175110808412,spring,15
2025-06-08 23:15:00+00:00,2025-06-08 23:30:00+00:00,125.69251558385882,1.0845151643373845,spring,15
2025-06-08 23:30:00+00:00,2025-06-08 23:45:00+00:00,125.94590069730998,1.0879910187124524,spring,15
2025-06-08 23:45:00+00:00,2025-06-09 00:00:00+00:00,126.96827533817667,1.096727915043177,spring,15
2025-06-09 00:00:00+00:00,2025-06-09 00:15:00+00:00,126.33748780568524,1.1007507519616684,spring,15
2025-06-09 00:15:00+00:00,2025-06-09 00:30:00+00:00,127.12900777808083,1.1080900745451114,spring,15
2025-06-09 00:30:00+00:00,2025-06-09 00:45:00+00:00,128.83111132187878,1.1526133502543119,spring,15
2025-06-09 00:45:00+00:00,2025-06-09 01:00:00+00:00,129.61887905648052,1.1717043295918281,spring,15
2025-06-09 01:00:00+00:00,2025-06-09 01:15:00+00:00,129.2144478530685,1.1741548145197842,spring,15
2025-06-09 01:15:00+00:00,2025-06-09 01:30:00+00:00,129.7670378801403,1.1802595936306084,spring,15
2025-06-09 01:30:00+00:00,2025-06-09 01:45:00+00:00,129.66442181811826,1.1866934354170544,spring,15
2025-06-09 01:45:00+00:00,2025-06-09 02:00:00+00:00,130.69868787937907,1.1925096994255913,spring,15
2025-06-09 02:00:00+00:00,2025-06-09 02:15:00+00:00,135.56960402807633,1.2335632618918764,spring,15
2025-06-09 02:15:00+00:00,2025-06-09 02:30:00+00:00,135.5864875819175,1.2343403142237988,spring,15
2025-06-09 02:30:00+00:00,2025-06-09 02:45:00+00:00,136.2099113862979,1.2409836638691483,spring,15
2025-06-09 02:45:00+00:00,2025-06-09 03:00:00+00:00,137.92685069436033,1.2598542430582846,spring,15
2025-06-09 03:00:00+00:00,2025-06-09 03:15:00+00:00,137.52405938513874,1.257112865900445,spring,15
2025-06-09 03:15:00+00:00,2025-06-09 03:30:00+00:00,141.0365839380293,1.2856142844591765,spring,15
2025-06-09 03:30:00+00:00,2025-06-09 03:45:00+00:00,141.1146410281333,1.2847405138143524,spring,15
2025-06-09 03:45:00+00:00,2025-06-09 04:00:00+00:00,139.20045396218177,1.2689436757497978,spring,15
2025-06-09 04:00:00+00:00,2025-06-09 04:15:00+00:00,137.24517131885574,1.2790389283099888,spring,15
2025-06-09 04:15:00+00:00,2025-06-09 04:30:00+00:00,138.3076240769961,1.2846646154850252,spring,15
2025-06-09 04:30:00+00:00,2025-06-09 04:45:00+00:00,136.16893949199164,1.2366650445890073,spring,15
2025-06-09 04:45:00+00:00,2025-06-09 05:00:00+00:00,135.33727138771715,1.2101992900583036,spring,15
2025-06-09 05:00:00+00:00,2025-06-09 05:15:00+00:00,133.53857977612182,1.1541312629420357,spring,15
2025-06-09 05:15:00+00:00,2025-06-09 05:30:00+00:00,132.85772710290414,1.107241415859355,spring,15
2025-06-09 05:30:00+00:00,2025-06-09 05:45:00+00:00,132.808565124313,1.0842518416948328,spring,15
2025-06-09 05:45:00+00:00,2025-06-09 06:00:00+00:00,132.05286947106188,1.0815118368559795,spring,15
2025-06-09 06:00:00+00:00,2025-06-09 06:15:00+00:00,125.0326796799869,1.0473274686302732,spring,15
2025-06-09 06:15:00+00:00,2025-06-09 06:30:00+00:00,123.46033561728072,0.9962191321999985,spring,15
2025-06-09 06:30:00+00:00,2025-06-09 06:45:00+00:00,121.10504365837153,0.9589374165674717,spring,15
2025-06-09 06:45:00+00:00,2025-06-09 07:00:00+00:00,116.58203302893993,0.9138471420194404,spring,15
2025-06-09 07:00:00+00:00,2025-06-09 07:15:00+00:00,113.31781085669029,0.8745486241844719,spring,15
2025-06-09 07:15:00+00:00,2025-06-09 07:30:00+00:00,111.88570037455072,0.8308504418714798,spring,15
2025-06-09 07:30:00+00:00,2025-06-09 07:45:00+00:00,111.19109262304532,0.8071288467185551,spring,15
2025-06-09 07:45:00+00:00,2025-06-09 08:00:00+00:00,110.2974664727667,0.7855232966961437,spring,15
2025-06-09 08:00:00+00:00,2025-06-09 08:15:00+00:00,106.79023790067873,0.7396257925641199,spring,15
2025-06-09 08:15:00+00:00,2025-06-09 08:30:00+00:00,105.61345543016913,0.7276390059850233,spring,15
2025-06-09 08:30:00+00:00,2025-06-09 08:45:00+00:00,104.5099295371124,0.7136774803276047,spring,15
2025-06-09 08:45:00+00:00,2025-06-09 09:00:00+00:00,104.26348861296867,0.7111425390700842,spring,15
2025-06-09 09:00:00+00:00,2025-06-09 09:15:00+00:00,102.97249797269615,0.7017968249546046,spring,15
2025-06-09 09:15:00+00:00,2025-06-09 09:30:00+00:00,102.33854007932159,0.6936515173492882,spring,15
2025-06-09 09:30:00+00:00,2025-06-09 09:45:00+00:00,102.07229185982642,0.6884336877846036,spring,15
2025-06-09 09:45:00+00:00,2025-06-09 10:00:00+00:00,101.92604933164463,0.6835265929751888,spring,15
2025-06-09 10:00:00+00:00,2025-06-09 10:15:00+00:00,102.26312629078693,0.6858364910029215,spring,15
2025-06-09 10:15:00+00:00,2025-06-09 10:30:00+00:00,101.97340029977418,0.6844388389535188,spring,15
2025-06-09 10:30:00+00:00,2025-06-09 10:45:00+00:00,101.9037907773027,0.6868792833330493,spring,15
2025-06-09 10:45:00+00:00,2025-06-09 11:00:00+00:00,101.85092027246176,0.6852318845294914,spring,15
2025-06-09 11:00:00+00:00,2025-06-09 11:15:00+00:00,101.05295726750245,0.6796032187999601,spring,15
2025-06-09 11:15:00+00:00,2025-06-09 11:30:00+00:00,100.82944092767697,0.6802006558943063,spring,15
2025-06-09 11:30:00+00:00,2025-06-09 11:45:00+00:00,101.70306881654906,0.6802680942088138,spring,15
2025-06-09 11:45:00+00:00,2025-06-09 12:00:00+00:00,102.68601499498288,0.6846038128140856,spring,15
2025-06-09 12:00:00+00:00,2025-06-09 12:15:00+00:00,102.75715338461046,0.6876504187348353,spring,15
2025-06-09 12:15:00+00:00,2025-06-09 12:30:00+00:00,102.45303317418147,0.6844250128991909,spring,15
2025-06-09 12:30:00+00:00,2025-06-09 12:45:00+00:00,103.21843399505642,0.686610608318778,spring,15
2025-06-09 12:45:00+00:00,2025-06-09 13:00:00+00:00,103.57723351541549,0.6924281108516446,spring,15
2025-06-09 13:00:00+00:00,2025-06-09 13:15:00+00:00,104.92399869379754,0.6942958555494363,spring,15
2025-06-09 13:15:00+00:00,2025-06-09 13:30:00+00:00,106.36446586900838,0.6993522912645961,spring,15
2025-06-09 13:30:00+00:00,2025-06-09 13:45:00+00:00,107.79274503249032,0.713231035517062,spring,15
2025-06-09 13:45:00+00:00,2025-06-09 14:00:00+00:00,109.14407152145431,0.7354178748949564,spring,15
2025-06-09 14:00:00+00:00,2025-06-09 14:15:00+00:00,113.16642918111837,0.7831721467320845,spring,15
2025-06-09 14:15:00+00:00,2025-06-09 14:30:00+00:00,115.31859340872535,0.8223308656699202,spring,15
2025-06-09 14:30:00+00:00,2025-06-09 14:45:00+00:00,116.78739159272739,0.8514116136804946,spring,15
2025-06-09 14:45:00+00:00,2025-06-09 15:00:00+00:00,117.67559867370316,0.8890448815559454,spring,15
2025-06-09 15:00:00+00:00,2025-06-09 15:15:00+00:00,123.99428202794354,0.9452884300344365,spring,15
2025-06-09 15:15:00+00:00,2025-06-09 15:30:00+00:00,128.38876799347798,0.9919102812284663,spring,15
2025-06-09 15:30:00+00:00,2025-06-09 15:45:00+00:00,132.26633883252887,1.0274755336169032,spring,15
2025-06-09 15:45:00+00:00,2025-06-09 16:00:00+00:00,137.0622683669082,1.0583326388411982,spring,15
2025-06-09 16:00:00+00:00,2025-06-09 16:15:00+00:00,152.7335784282691,1.1375584451742855,spring,15
2025-06-09 16:15:00+00:00,2025-06-09 16:30:00+00:00,172.79100909582667,1.2146994235058872,spring,15
2025-06-09 16:30:00+00:00,2025-06-09 16:45:00+00:00,193.26770881058403,1.273318532771357,spring,15
2025-06-09 16:45:00+00:00,2025-06-09 17:00:00+00:00,211.2918730695569,1.3959525803161679,spring,15
2025-06-09 17:00:00+00:00,2025-06-09 17:15:00+00:00,238.0859214293091,1.4856444855877018,spring,15
2025-06-09 17:15:00+00:00,2025-06-09 17:30:00+00:00,248.56194394988657,1.533481133865519,spring,15
2025-06-09 17:30:00+00:00,2025-06-09 17:45:00+00:00,257.6667646765097,1.6602933497381345,spring,15
2025-06-09 17:45:00+00:00,2025-06-09 18:00:00+00:00,269.35598441659573,1.744253376920896,spring,15
2025-06-09 18:00:00+00:00,2025-06-09 18:15:00+00:00,290.5205581833108,1.8098594030859898,spring,15
2025-06-09 18:15:00+00:00,2025-06-09 18:30:00+00:00,296.50705801270396,1.8871305208486706,spring,15
2025-06-09 18:30:00+00:00,2025-06-09 18:45:00+00:00,303.86810583756716,1.9842934970526795,spring,15
2025-06-09 18:45:00+00:00,2025-06-09 19:00:00+00:00,313.13477522705165,2.04674373048859,spring,15
2025-06-09 19:00:00+00:00,2025-06-09 19:15:00+00:00,320.1164859613061,2.0325390890768698,spring,15
2025-06-09 19:15:00+00:00,2025-06-09 19:30:00+00:00,324.06231997135944,2.0662850791941145,spring,15
2025-06-09 19:30:00+00:00,2025-06-09 19:45:00+00:00,325.1714206911231,2.0491888850174442,spring,15
2025-06-09 19:45:00+00:00,2025-06-09 20:00:00+00:00,328.3526623320867,2.0600100937938315,spring,15
2025-06-09 20:00:00+00:00,2025-06-09 20:15:00+00:00,326.17672860597185,2.086362527724504,spring,15
2025-06-09 20:15:00+00:00,2025-06-09 20:30:00+00:00,326.36457403850136,2.026791990501954,spring,15
2025-06-09 20:30:00+00:00,2025-06-09 20:45:00+00:00,326.754540195321,2.005448760545934,spring,15
2025-06-09 20:45:00+00:00,2025-06-09 21:00:00+00:00,329.8635667353959,1.9964546583332041,spring,15
2025-06-09 21:00:00+00:00,2025-06-09 21:15:00+00:00,335.35593121823536,1.9541201965350945,spring,15
2025-06-09 21:15:00+00:00,2025-06-09 21:30:00+00:00,338.20360604293626,1.8708000132569231,spring,15
2025-06-09 21:30:00+00:00,2025-06-09 21:45:00+00:00,332.2839280520745,1.7941211493990732,spring,15
2025-06-09 21:45:00+00:00,2025-06-09 22:00:00+00:00,327.29226565611606,1.8120808845662681,spring,15
2025-06-09 22:00:00+00:00,2025-06-09 22:15:00+00:00,326.2375886765121,1.8791755380488766,spring,15
2025-06-09 22:15:00+00:00,2025-06-09 22:30:00+00:00,323.06063109888356,1.83891530720116,spring,15
2025-06-09 22:30:00+00:00,2025-06-09 22:45:00+00:00,313.4994219141353,1.850885947807779,spring,15
2025-06-09 22:45:00+00:00,2025-06-09 23:00:00+00:00,299.9026659106304,1.8653753954111776,spring,15
2025-06-09 23:00:00+00:00,2025-06-09 23:15:00+00:00,274.9738827381954,1.8757088322075424,spring,15
2025-06-09 23:15:00+00:00,2025-06-09 23:30:00+00:00,270.5705031714612,1.838607780695988,spring,15
2025-06-09 23:30:00+00:00,2025-06-09 23:45:00+00:00,256.7289866891809,1.801693882899615,spring,15
2025-06-09 23:45:00+00:00,2025-06-10 00:00:00+00:00,246.05946999258222,1.7709617834442963,spring,15
2025-06-10 00:00:00+00:00,2025-06-10 00:15:00+00:00,233.2287688287174,1.7446200724505063,spring,15
2025-06-10 00:15:00+00:00,2025-06-10 00:30:00+00:00,227.38882838508945,1.6850840207237858,spring,15
2025-06-10 00:30:00+00:00,2025-06-10 00:45:00+00:00,222.51188649919666,1.6697977858904685,spring,15
2025-06-10 00:45:00+00:00,2025-06-10 01:00:00+00:00,218.53783564162535,1.6420816636486883,spring,15
2025-06-10 01:00:00+00:00,2025-06-10 01:15:00+00:00,213.94787726407125,1.6220133291078997,spring,15
2025-06-10 01:15:00+00:00,2025-06-10 01:30:00+00:00,214.58055219787266,1.5759148126460474,spring,15
2025-06-10 01:30:00+00:00,2025-06-10 01:45:00+00:00,210.75712742426984,1.5590993506569992,spring,15
2025-06-10 01:45:00+00:00,2025-06-10 02:00:00+00:00,207.55892058239812,1.5323537248622199,spring,15
2025-06-10 02:00:00+00:00,2025-06-10 02:15:00+00:00,209.49703398131268,1.5176153152679135,spring,15
2025-06-10 02:15:00+00:00,2025-06-10 02:30:00+00:00,207.94855928764366,1.4926573560657017,spring,15
2025-06-10 02:30:00+00:00,2025-06-10 02:45:00+00:00,206.78770087479066,1.4786862168772041,spring,15
2025-06-10 02:45:00+00:00,2025-06-10 03:00:00+00:00,209.08022797913134,1.4494122652617059,spring,15
2025-06-10 03:00:00+00:00,2025-06-10 03:15:00+00:00,211.98889826553727,1.3576733819962332,spring,15
2025-06-10 03:15:00+00:00,2025-06-10 03:30:00+00:00,209.77674415645845,1.3294136976045006,spring,15
2025-06-10 03:30:00+00:00,2025-06-10 03:45:00+00:00,205.5124299153052,1.301709466298412,spring,15
2025-06-10 03:45:00+00:00,2025-06-10 04:00:00+00:00,203.3736831387687,1.2640088971451278,spring,15
2025-06-10 04:00:00+00:00,2025-06-10 04:15:00+00:00,190.7014521458934,1.201019456387069,spring,15
2025-06-10 04:15:00+00:00,2025-06-10 04:30:00+00:00,182.50582647573208,1.1385844113405088,spring,15
2025-06-10 04:30:00+00:00,2025-06-10 04:45:00+00:00,177.88320665895287,1.0850201538867355,spring,15
2025-06-10 04:45:00+00:00,2025-06-10 05:00:00+00:00,174.68888662688167,1.0619540330259039,spring,15
2025-06-10 05:00:00+00:00,2025-06-10 05:15:00+00:00,167.7994008429634,1.050952273583307,spring,15
2025-06-10 05:15:00+00:00,2025-06-10 05:30:00+00:00,160.52842959062195,1.0188489874276307,spring,15
2025-06-10 05:30:00+00:00,2025-06-10 05:45:00+00:00,157.6606173299508,1.0373275740966224,spring,15
2025-06-10 05:45:00+00:00,2025-06-10 06:00:00+00:00,154.42813342351147,1.0297475835497771,spring,15
2025-06-10 06:00:00+00:00,2025-06-10 06:15:00+00:00,136.14131364107072,0.9495196260188021,spring,15
2025-06-10 06:15:00+00:00,2025-06-10 06:30:00+00:00,131.6822956770691,0.9345404321470883,spring,15
2025-06-10 06:30:00+00:00,2025-06-10 06:45:00+00:00,131.21419030344416,0.8898969446832125,spring,15
2025-06-10 06:45:00+00:00,2025-06-10 07:00:00+00:00,129.52531589799048,0.8730409062113197,spring,15
2025-06-10 07:00:00+00:00,2025-06-10 07:15:00+00:00,123.34151267549417,0.8433279432447999,spring,15
2025-06-10 07:15:00+00:00,2025-06-10 07:30:00+00:00,121.95039885771217,0.8354814223225318,spring,15
2025-06-10 07:30:00+00:00,2025-06-10 07:45:00+00:00,119.63244243337563,0.8191161592010814,spring,15
2025-06-10 07:45:00+00:00,2025-06-10 08:00:00+00:00,116.55409929286337,0.7921127153179562,spring,15
2025-06-10 08:00:00+00:00,2025-06-10 08:15:00+00:00,112.29250641562811,0.750711880265816,spring,15
2025-06-10 08:15:00+00:00,2025-06-10 08:30:00+00:00,111.761990148295,0.7780948350519237,spring,15
2025-06-10 08:30:00+00:00,2025-06-10 08:45:00+00:00,109.64938693720308,0.7519161919301625,spring,15
2025-06-10 08:45:00+00:00,2025-06-10 09:00:00+00:00,107.24703882565107,0.7091280378782855,spring,15
2025-06-10 09:00:00+00:00,2025-06-10 09:15:00+00:00,103.68775519422772,0.6873715861560467,spring,15
2025-06-10 09:15:00+00:00,2025-06-10 09:30:00+00:00,102.36443179113478,0.6557340343935794,spring,15
2025-06-10 09:30:00+00:00,2025-06-10 09:45:00+00:00,102.17243504426149,0.6506131696498167,spring,15
2025-06-10 09:45:00+00:00,2025-06-10 10:00:00+00:00,100.20469608566883,0.6383242825906053,spring,15
2025-06-10 10:00:00+00:00,2025-06-10 10:15:00+00:00,101.73359514715672,0.6437396775708305,spring,15
2025-06-10 10:15:00+00:00,2025-06-10 10:30:00+00:00,99.9451460361696,0.6301489825484765,spring,15
2025-06-10 10:30:00+00:00,2025-06-10 10:45:00+00:00,99.8479893780887,0.6325006638750534,spring,15
2025-06-10 10:45:00+00:00,2025-06-10 11:00:00+00:00,99.22731877950561,0.634467406918192,spring,15
2025-06-10 11:00:00+00:00,2025-06-10 11:15:00+00:00,96.94862450098209,0.6184482329141778,spring,15
2025-06-10 11:15:00+00:00,2025-06-10 11:30:00+00:00,96.10109453420809,0.6093690218073029,spring,15
2025-06-10 11:30:00+00:00,2025-06-10 11:45:00+00:00,96.30855148365302,0.6052636646028374,spring,15
2025-06-10 11:45:00+00:00,2025-06-10 12:00:00+00:00,96.9509414588845,0.605974716786389,spring,15
2025-06-10 12:00:00+00:00,2025-06-10 12:15:00+00:00,97.43730218043893,0.6052016822554243,spring,15
2025-06-10 12:15:00+00:00,2025-06-10 12:30:00+00:00,96.99242619973805,0.6131707786328892,spring,15
2025-06-10 12:30:00+00:00,2025-06-10 12:45:00+00:00,97.54886289022487,0.6252016250630543,spring,15
2025-06-10 12:45:00+00:00,2025-06-10 13:00:00+00:00,98.9554630382255,0.6361700789548237,spring,15
2025-06-10 13:00:00+00:00,2025-06-10 13:15:00+00:00,104.52836496505057,0.6327415932252609,spring,15
2025-06-10 13:15:00+00:00,2025-06-10 13:30:00+00:00,104.85946293626974,0.6504889994433024,spring,15
2025-06-10 13:30:00+00:00,2025-06-10 13:45:00+00:00,105.77551680912691,0.6710199319098443,spring,15
2025-06-10 13:45:00+00:00,2025-06-10 14:00:00+00:00,107.25664706421064,0.6819927558049501,spring,15
2025-06-10 14:00:00+00:00,2025-06-10 14:15:00+00:00,110.57901352009151,0.6718428127080769,spring,15
2025-06-10 14:15:00+00:00,2025-06-10 14:30:00+00:00,110.09557918905689,0.691738869599225,spring,15
2025-06-10 14:30:00+00:00,2025-06-10 14:45:00+00:00,111.65556632479777,0.6991337330701844,spring,15
2025-06-10 14:45:00+00:00,2025-06-10 15:00:00+00:00,111.68435978580446,0.7218267391030326,spring,15
2025-06-10 15:00:00+00:00,2025-06-10 15:15:00+00:00,109.09604279852805,0.722841971833181,spring,15
2025-06-10 15:15:00+00:00,2025-06-10 15:30:00+00:00,111.16177424522428,0.7512821958937063,spring,15
2025-06-10 15:30:00+00:00,2025-06-10 15:45:00+00:00,112.1709918312518,0.7625607536018467,spring,15
2025-06-10 15:45:00+00:00,2025-06-10 16:00:00+00:00,121.12840484994018,0.7885610092357297,spring,15
2025-06-10 16:00:00+00:00,2025-06-10 16:15:00+00:00,130.8191134365486,0.795299119264383,spring,15
2025-06-10 16:15:00+00:00,2025-06-10 16:30:00+00:00,139.07367296436087,0.8207760965704433,spring,15
2025-06-10 16:30:00+00:00,2025-06-10 16:45:00+00:00,143.428498279718,0.8457576244510067,spring,15
2025-06-10 16:45:00+00:00,2025-06-10 17:00:00+00:00,153.08948691219618,0.8675846353309226,spring,15
2025-06-10 17:00:00+00:00,2025-06-10 17:15:00+00:00,166.49742423233877,0.9045505484209774,spring,15
2025-06-10 17:15:00+00:00,2025-06-10 17:30:00+00:00,175.32929161975963,0.9182079637108308,spring,15
2025-06-10 17:30:00+00:00,2025-06-10 17:45:00+00:00,181.0356247229707,0.9217995249590013,spring,15
2025-06-10 17:45:00+00:00,2025-06-10 18:00:00+00:00,184.3194295062809,0.9322636013289519,spring,15
2025-06-10 18:00:00+00:00,2025-06-10 18:15:00+00:00,187.1254583478747,0.9257692877089033,spring,15
2025-06-10 18:15:00+00:00,2025-06-10 18:30:00+00:00,189.45825165631246,0.9255539879908103,spring,15
2025-06-10 18:30:00+00:00,2025-06-10 18:45:00+00:00,192.7357488852222,0.9457923423460572,spring,15
2025-06-10 18:45:00+00:00,2025-06-10 19:00:00+00:00,194.20297517162578,0.9505438773112119,spring,15
2025-06-10 19:00:00+00:00,2025-06-10 19:15:00+00:00,197.69297420073914,0.9746126356003808,spring,15
2025-06-10 19:15:00+00:00,2025-06-10 19:30:00+00:00,200.90561471197233,0.9833127018715929,spring,15
2025-06-10 19:30:00+00:00,2025-06-10 19:45:00+00:00,205.3645441083677,1.002899951239867,spring,15
2025-06-10 19:45:00+00:00,2025-06-10 20:00:00+00:00,209.25837893856684,1.0211055684945454,spring,15
2025-06-10 20:00:00+00:00,2025-06-10 20:15:00+00:00,202.14330366823768,1.0326894842118244,spring,15
2025-06-10 20:15:00+00:00,2025-06-10 20:30:00+00:00,205.58932484922457,1.0439250745604278,spring,15
2025-06-10 20:30:00+00:00,2025-06-10 20:45:00+00:00,199.79745372165894,1.030432946168974,spring,15
2025-06-10 20:45:00+00:00,2025-06-10 21:00:00+00:00,202.02111196208097,1.0428827034588368,spring,15
2025-06-10 21:00:00+00:00,2025-06-10 21:15:00+00:00,208.11106702782223,1.070872898527967,spring,15
2025-06-10 21:15:00+00:00,2025-06-10 21:30:00+00:00,208.94195986593056,1.0766517507758344,spring,15
2025-06-10 21:30:00+00:00,2025-06-10 21:45:00+00:00,212.57256715704347,1.0874632879241748,spring,15
2025-06-10 21:45:00+00:00,2025-06-10 22:00:00+00:00,215.32680154726586,1.091809982880458,spring,15
2025-06-10 22:00:00+00:00,2025-06-10 22:15:00+00:00,214.4109703924057,1.080688467270357,spring,15
2025-06-10 22:15:00+00:00,2025-06-10 22:30:00+00:00,211.87346939102915,1.1002086828316775,spring,15
2025-06-10 22:30:00+00:00,2025-06-10 22:45:00+00:00,212.3327068318764,1.1084096436868454,spring,15
2025-06-10 22:45:00+00:00,2025-06-10 23:00:00+00:00,209.6214870485104,1.1184214137677586,spring,15
2025-06-10 23:00:00+00:00,2025-06-10 23:15:00+00:00,207.65124614713818,1.0939911115071006,spring,15
2025-06-10 23:15:00+00:00,2025-06-10 23:30:00+00:00,204.9107933048473,1.1088792291544671,spring,15
2025-06-10 23:30:00+00:00,2025-06-10 23:45:00+00:00,205.85691285896627,1.1061413793425041,spring,15
2025-06-10 23:45:00+00:00,2025-06-11 00:00:00+00:00,208.66611327751176,1.1253791693757504,spring,15
2025-06-11 00:00:00+00:00,2025-06-11 00:15:00+00:00,206.7049149232166,1.144021191434546,spring,15
2025-06-11 00:15:00+00:00,2025-06-11 00:30:00+00:00,207.7515134790478,1.1529386336180893,spring,15
2025-06-11 00:30:00+00:00,2025-06-11 00:45:00+00:00,207.04656634914838,1.150095699397696,spring,15
2025-06-11 00:45:00+00:00,2025-06-11 01:00:00+00:00,206.85371491406812,1.1634974682149783,spring,15
2025-06-11 01:00:00+00:00,2025-06-11 01:15:00+00:00,207.1833589638135,1.1825624992565043,spring,15
2025-06-11 01:15:00+00:00,2025-06-11 01:30:00+00:00,209.46359470603335,1.2003927564654961,spring,15
2025-06-11 01:30:00+00:00,2025-06-11 01:45:00+00:00,211.23821624902317,1.2092367358273681,spring,15
2025-06-11 01:45:00+00:00,2025-06-11 02:00:00+00:00,215.29927921421063,1.2152794063569414,spring,15
2025-06-11 02:00:00+00:00,2025-06-11 02:15:00+00:00,223.90222682334357,1.2340054999272847,spring,15
2025-06-11 02:15:00+00:00,2025-06-11 02:30:00+00:00,229.21083614226978,1.2416184460274726,spring,15
2025-06-11 02:30:00+00:00,2025-06-11 02:45:00+00:00,232.2529875002439,1.303828825821557,spring,15
2025-06-11 02:45:00+00:00,2025-06-11 03:00:00+00:00,241.07600512089564,1.3457353961939589,spring,15
2025-06-11 03:00:00+00:00,2025-06-11 03:15:00+00:00,250.7846842178045,1.3560093091594987,spring,15
2025-06-11 03:15:00+00:00,2025-06-11 03:30:00+00:00,252.34532350573556,1.3639683784385472,spring,15
2025-06-11 03:30:00+00:00,2025-06-11 03:45:00+00:00,257.7997028549635,1.391430527553472,spring,15
2025-06-11 03:45:00+00:00,2025-06-11 04:00:00+00:00,258.7509644283824,1.413863347784949,spring,15
2025-06-11 04:00:00+00:00,2025-06-11 04:15:00+00:00,245.3220666512815,1.3414778379499637,spring,15
2025-06-11 04:15:00+00:00,2025-06-11 04:30:00+00:00,232.98329193741344,1.3289813894845572,spring,15
2025-06-11 04:30:00+00:00,2025-06-11 04:45:00+00:00,225.81769248770684,1.2699518898439675,spring,15
2025-06-11 04:45:00+00:00,2025-06-11 05:00:00+00:00,222.34206891183558,1.265636022767828,spring,15
2025-06-11 05:00:00+00:00,2025-06-11 05:15:00+00:00,213.06294583196527,1.2783149505080527,spring,15
2025-06-11 05:15:00+00:00,2025-06-11 05:30:00+00:00,207.82860525598795,1.2619606875172138,spring,15
2025-06-11 05:30:00+00:00,2025-06-11 05:45:00+00:00,203.47127218409926,1.2147795729667417,spring,15
2025-06-11 05:45:00+00:00,2025-06-11 06:00:00+00:00,199.550305886463,1.1284451307798702,spring,15
2025-06-11 06:00:00+00:00,2025-06-11 06:15:00+00:00,185.66431405337417,1.1195172629127679,spring,15
2025-06-11 06:15:00+00:00,2025-06-11 06:30:00+00:00,180.03450233392132,1.0152099166685513,spring,15
2025-06-11 06:30:00+00:00,2025-06-11 06:45:00+00:00,178.0761332981668,0.972921229882861,spring,15
2025-06-11 06:45:00+00:00,2025-06-11 07:00:00+00:00,169.84692612657537,0.9052619296680346,spring,15
2025-06-11 07:00:00+00:00,2025-06-11 07:15:00+00:00,156.75291684306754,0.9223115858374096,spring,15
2025-06-11 07:15:00+00:00,2025-06-11 07:30:00+00:00,148.68481181239082,0.8851347497494167,spring,15
2025-06-11 07:30:00+00:00,2025-06-11 07:45:00+00:00,140.54281149915647,0.8658835425027903,spring,15
2025-06-11 07:45:00+00:00,2025-06-11 08:00:00+00:00,136.8213991515459,0.8266666721367262,spring,15
2025-06-11 08:00:00+00:00,2025-06-11 08:15:00+00:00,127.85834532234117,0.7967539058942161,spring,15
2025-06-11 08:15:00+00:00,2025-06-11 08:30:00+00:00,123.30849480404437,0.7715557216183594,spring,15
2025-06-11 08:30:00+00:00,2025-06-11 08:45:00+00:00,119.84428493092096,0.7620876957563287,spring,15
2025-06-11 08:45:00+00:00,2025-06-11 09:00:00+00:00,117.72708097875577,0.752848055068017,spring,15
2025-06-11 09:00:00+00:00,2025-06-11 09:15:00+00:00,115.45960109407729,0.7384691185230393,spring,15
2025-06-11 09:15:00+00:00,2025-06-11 09:30:00+00:00,113.85837474351275,0.7004867537400274,spring,15
2025-06-11 09:30:00+00:00,2025-06-11 09:45:00+00:00,113.68789415859331,0.6774890273870386,spring,15
2025-06-11 09:45:00+00:00,2025-06-11 10:00:00+00:00,113.17398352578817,0.6749433977066839,spring,15
2025-06-11 10:00:00+00:00,2025-06-11 10:15:00+00:00,111.35912864501854,0.6971208951129366,spring,15
2025-06-11 10:15:00+00:00,2025-06-11 10:30:00+00:00,110.1754088517705,0.653264158262014,spring,15
2025-06-11 10:30:00+00:00,2025-06-11 10:45:00+00:00,109.8168471407512,0.6628766031080127,spring,15
2025-06-11 10:45:00+00:00,2025-06-11 11:00:00+00:00,109.35304870723674,0.6630767653593831,spring,15
2025-06-11 11:00:00+00:00,2025-06-11 11:15:00+00:00,108.83424766237104,0.664435562370138,spring,15
2025-06-11 11:15:00+00:00,2025-06-11 11:30:00+00:00,109.01463091347455,0.6672949947788006,spring,15
2025-06-11 11:30:00+00:00,2025-06-11 11:45:00+00:00,109.51690363625242,0.6614532015339972,spring,15
2025-06-11 11:45:00+00:00,2025-06-11 12:00:00+00:00,110.0273038197752,0.6792933187578556,spring,15
2025-06-11 12:00:00+00:00,2025-06-11 12:15:00+00:00,110.72746246339403,0.6664267496050486,spring,15
2025-06-11 12:15:00+00:00,2025-06-11 12:30:00+00:00,112.23353012486776,0.6660130395008999,spring,15
2025-06-11 12:30:00+00:00,2025-06-11 12:45:00+00:00,114.14583180442673,0.6718335180697683,spring,15
2025-06-11 12:45:00+00:00,2025-06-11 13:00:00+00:00,115.8299878895734,0.6799330401398113,spring,15
2025-06-11 13:00:00+00:00,2025-06-11 13:15:00+00:00,117.29370261205479,0.6889288576504387,spring,15
2025-06-11 13:15:00+00:00,2025-06-11 13:30:00+00:00,118.86712993214807,0.7078309194434311,spring,15
2025-06-11 13:30:00+00:00,2025-06-11 13:45:00+00:00,119.75268984985215,0.7074405849998421,spring,15
2025-06-11 13:45:00+00:00,2025-06-11 14:00:00+00:00,121.87853507345856,0.7212996596020256,spring,15
2025-06-11 14:00:00+00:00,2025-06-11 14:15:00+00:00,124.06919184671675,0.7458351133213139,spring,15
2025-06-11 14:15:00+00:00,2025-06-11 14:30:00+00:00,127.53378903496915,0.7629760759733002,spring,15
2025-06-11 14:30:00+00:00,2025-06-11 14:45:00+00:00,130.4118324023364,0.7800384931871054,spring,15
2025-06-11 14:45:00+00:00,2025-06-11 15:00:00+00:00,134.52153657984854,0.799353715762823,spring,15
2025-06-11 15:00:00+00:00,2025-06-11 15:15:00+00:00,138.25879112165546,0.8273683751265486,spring,15
2025-06-11 15:15:00+00:00,2025-06-11 15:30:00+00:00,148.27388554301598,0.8671237767951343,spring,15
2025-06-11 15:30:00+00:00,2025-06-11 15:45:00+00:00,162.21684612730104,0.9576610539325048,spring,15
2025-06-11 15:45:00+00:00,2025-06-11 16:00:00+00:00,185.529769533405,1.0504955419794704,spring,15
2025-06-11 16:00:00+00:00,2025-06-11 16:15:00+00:00,206.89277629400863,1.0781729613054578,spring,15
2025-06-11 16:15:00+00:00,2025-06-11 16:30:00+00:00,233.9157356737929,1.1803641266979847,spring,15
2025-06-11 16:30:00+00:00,2025-06-11 16:45:00+00:00,257.8839615617697,1.3004858037642557,spring,15
2025-06-11 16:45:00+00:00,2025-06-11 17:00:00+00:00,273.785247929696,1.3444652696636163,spring,15
2025-06-11 17:00:00+00:00,2025-06-11 17:15:00+00:00,301.18948577348,1.389564448984169,spring,15
2025-06-11 17:15:00+00:00,2025-06-11 17:30:00+00:00,313.92014062515716,1.4501674685580883,spring,15
2025-06-11 17:30:00+00:00,2025-06-11 17:45:00+00:00,323.1784854542224,1.5542907175010763,spring,15
2025-06-11 17:45:00+00:00,2025-06-11 18:00:00+00:00,334.46019699912557,1.5946125845625336,spring,15
2025-06-11 18:00:00+00:00,2025-06-11 18:15:00+00:00,352.53377475850465,1.645115193815514,spring,15
2025-06-11 18:15:00+00:00,2025-06-11 18:30:00+00:00,364.86343103446086,1.7079382168626767,spring,15
2025-06-11 18:30:00+00:00,2025-06-11 18:45:00+00:00,377.43771533505884,1.7465110722279622,spring,15
2025-06-11 18:45:00+00:00,2025-06-11 19:00:00+00:00,389.5114394986983,1.7625305316747142,spring,15
2025-06-11 19:00:00+00:00,2025-06-11 19:15:00+00:00,391.54186118988304,1.7678259761046784,spring,15
2025-06-11 19:15:00+00:00,2025-06-11 19:30:00+00:00,391.29148241251147,1.7557411682237032,spring,15
2025-06-11 19:30:00+00:00,2025-06-11 19:45:00+00:00,388.03844014426903,1.7305137618811786,spring,15
2025-06-11 19:45:00+00:00,2025-06-11 20:00:00+00:00,387.7912528704736,1.712564045944263,spring,15
2025-06-11 20:00:00+00:00,2025-06-11 20:15:00+00:00,387.33889060855404,1.7340864520498376,spring,15
2025-06-11 20:15:00+00:00,2025-06-11 20:30:00+00:00,384.59846490750806,1.701373622838749,spring,15
2025-06-11 20:30:00+00:00,2025-06-11 20:45:00+00:00,389.86120953618354,1.6053934162238537,spring,15
2025-06-11 20:45:00+00:00,2025-06-11 21:00:00+00:00,396.2417422676796,1.6402162638204596,spring,15
2025-06-11 21:00:00+00:00,2025-06-11 21:15:00+00:00,383.9868956213568,1.6129592671494573,spring,15
2025-06-11 21:15:00+00:00,2025-06-11 21:30:00+00:00,385.8796595814067,1.6388736495152711,spring,15
2025-06-11 21:30:00+00:00,2025-06-11 21:45:00+00:00,390.33258072744025,1.6526896245347447,spring,15
2025-06-11 21:45:00+00:00,2025-06-11 22:00:00+00:00,394.55605161943384,1.6349667753483585,spring,15
2025-06-11 22:00:00+00:00,2025-06-11 22:15:00+00:00,391.5834640765114,1.6685037994173324,spring,15
2025-06-11 22:15:00+00:00,2025-06-11 22:30:00+00:00,389.5593701133024,1.6627239016010313,spring,15
2025-06-11 22:30:00+00:00,2025-06-11 22:45:00+00:00,390.90980667161244,1.6638060278377607,spring,15
2025-06-11 22:45:00+00:00,2025-06-11 23:00:00+00:00,392.2371358249786,1.6851898756596244,spring,15
2025-06-11 23:00:00+00:00,2025-06-11 23:15:00+00:00,392.5889089462028,1.7542469729014798,spring,15
2025-06-11 23:15:00+00:00,2025-06-11 23:30:00+00:00,389.2199301326821,1.7516209787709829,spring,15
2025-06-11 23:30:00+00:00,2025-06-11 23:45:00+00:00,389.2249045304743,1.7638212562173725,spring,15
2025-06-11 23:45:00+00:00,2025-06-12 00:00:00+00:00,389.4161311303051,1.7252481553639893,spring,15
2025-06-12 00:00:00+00:00,2025-06-12 00:15:00+00:00,380.4646164391801,1.757391690094886,spring,15
2025-06-12 00:15:00+00:00,2025-06-12 00:30:00+00:00,377.0078295586142,1.7135876459874093,spring,15
2025-06-12 00:30:00+00:00,2025-06-12 00:45:00+00:00,369.0608684222432,1.6904114080815287,spring,15
2025-06-12 00:45:00+00:00,2025-06-12 01:00:00+00:00,368.38830278464667,1.6573312242574338,spring,15
2025-06-12 01:00:00+00:00,2025-06-12 01:15:00+00:00,359.1597529330044,1.6573820990721448,spring,15
2025-06-12 01:15:00+00:00,2025-06-12 01:30:00+00:00,357.6155806365901,1.6604414828487992,spring,15
2025-06-12 01:30:00+00:00,2025-06-12 01:45:00+00:00,356.7509443588203,1.6603861917175364,spring,15
2025-06-12 01:45:00+00:00,2025-06-12 02:00:00+00:00,356.4291715399452,1.6658353573879765,spring,15
2025-06-12 02:00:00+00:00,2025-06-12 02:15:00+00:00,356.55985261328476,1.6646625787162352,spring,15
2025-06-12 02:15:00+00:00,2025-06-12 02:30:00+00:00,354.2462858140488,1.660620870252556,spring,15
2025-06-12 02:30:00+00:00,2025-06-12 02:45:00+00:00,350.1135528335867,1.7018751629354247,spring,15
2025-06-12 02:45:00+00:00,2025-06-12 03:00:00+00:00,345.7899722318776,1.711103133045391,spring,15
2025-06-12 03:00:00+00:00,2025-06-12 03:15:00+00:00,337.17222437294083,1.652507493911374,spring,15
2025-06-12 03:15:00+00:00,2025-06-12 03:30:00+00:00,333.5023188675443,1.654244239010343,spring,15
2025-06-12 03:30:00+00:00,2025-06-12 03:45:00+00:00,331.95911532247464,1.6062530976598244,spring,15
2025-06-12 03:45:00+00:00,2025-06-12 04:00:00+00:00,327.02919871940765,1.6108541067036908,spring,15
2025-06-12 04:00:00+00:00,2025-06-12 04:15:00+00:00,309.3615066403811,1.558710579921748,spring,15
2025-06-12 04:15:00+00:00,2025-06-12 04:30:00+00:00,297.84785142392076,1.4494702506444357,spring,15
2025-06-12 04:30:00+00:00,2025-06-12 04:45:00+00:00,288.4940065242229,1.404945104693846,spring,15
2025-06-12 04:45:00+00:00,2025-06-12 05:00:00+00:00,280.5710539207066,1.3308111391247448,spring,15
2025-06-12 05:00:00+00:00,2025-06-12 05:15:00+00:00,269.1729089552479,1.2639407417618813,spring,15
2025-06-12 05:15:00+00:00,2025-06-12 05:30:00+00:00,254.071648546905,1.2117018460207172,spring,15
2025-06-12 05:30:00+00:00,2025-06-12 05:45:00+00:00,243.91573102992365,1.1535697568422578,spring,15
2025-06-12 05:45:00+00:00,2025-06-12 06:00:00+00:00,232.56304623570452,1.1305690078863753,spring,15
2025-06-12 06:00:00+00:00,2025-06-12 06:15:00+00:00,206.3849743101489,1.149127659823313,spring,15
2025-06-12 06:15:00+00:00,2025-06-12 06:30:00+00:00,194.1243827057152,1.1715383742149943,spring,15
2025-06-12 06:30:00+00:00,2025-06-12 06:45:00+00:00,181.94889124360103,1.103833532088609,spring,15
2025-06-12 06:45:00+00:00,2025-06-12 07:00:00+00:00,164.53061575254313,0.9607937729507966,spring,15
2025-06-12 07:00:00+00:00,2025-06-12 07:15:00+00:00,146.53451168315775,0.8873544015452376,spring,15
2025-06-12 07:15:00+00:00,2025-06-12 07:30:00+00:00,136.75091188836507,0.8341243049042826,spring,15
2025-06-12 07:30:00+00:00,2025-06-12 07:45:00+00:00,129.86689489043113,0.8701384676232389,spring,15
2025-06-12 07:45:00+00:00,2025-06-12 08:00:00+00:00,124.96675778449172,0.8419180444953868,spring,15
2025-06-12 08:00:00+00:00,2025-06-12 08:15:00+00:00,120.97552669105727,0.7868184367372425,spring,15
2025-06-12 08:15:00+00:00,2025-06-12 08:30:00+00:00,117.55928524570655,0.7371119390481046,spring,15
2025-06-12 08:30:00+00:00,2025-06-12 08:45:00+00:00,114.48728897727563,0.7074731936389533,spring,15
2025-06-12 08:45:00+00:00,2025-06-12 09:00:00+00:00,112.72889622536913,0.7060983686033424,spring,15
2025-06-12 09:00:00+00:00,2025-06-12 09:15:00+00:00,112.89091311201315,0.6933863138203672,spring,15
2025-06-12 09:15:00+00:00,2025-06-12 09:30:00+00:00,112.0389328871104,0.71153782651276,spring,15
2025-06-12 09:30:00+00:00,2025-06-12 09:45:00+00:00,112.0283719546274,0.6607682811295322,spring,15
2025-06-12 09:45:00+00:00,2025-06-12 10:00:00+00:00,111.09508509710368,0.7045454775250282,spring,15
2025-06-12 10:00:00+00:00,2025-06-12 10:15:00+00:00,111.13649402546,0.6408662586477933,spring,15
2025-06-12 10:15:00+00:00,2025-06-12 10:30:00+00:00,111.20840775259695,0.6375630331063247,spring,15
2025-06-12 10:30:00+00:00,2025-06-12 10:45:00+00:00,111.949674698055,0.6395301025624472,spring,15
2025-06-12 10:45:00+00:00,2025-06-12 11:00:00+00:00,112.39255847782603,0.6335515508671049,spring,15
2025-06-12 11:00:00+00:00,2025-06-12 11:15:00+00:00,112.78392463897548,0.654112869668752,spring,15
2025-06-12 11:15:00+00:00,2025-06-12 11:30:00+00:00,112.79181987787163,0.6530226484549736,spring,15
2025-06-12 11:30:00+00:00,2025-06-12 11:45:00+00:00,112.57266455402103,0.6416467442881919,spring,15
2025-06-12 11:45:00+00:00,2025-06-12 12:00:00+00:00,112.62152835785332,0.640150103683286,spring,15
2025-06-12 12:00:00+00:00,2025-06-12 12:15:00+00:00,112.90706903649185,0.6601341035637858,spring,15
2025-06-12 12:15:00+00:00,2025-06-12 12:30:00+00:00,113.75507334605551,0.6441898823736714,spring,15
2025-06-12 12:30:00+00:00,2025-06-12 12:45:00+00:00,115.9660788719168,0.6504468902135164,spring,15
2025-06-12 12:45:00+00:00,2025-06-12 13:00:00+00:00,116.60884867107904,0.6437515809652705,spring,15
2025-06-12 13:00:00+00:00,2025-06-12 13:15:00+00:00,119.20467420408175,0.6585465899137799,spring,15
2025-06-12 13:15:00+00:00,2025-06-12 13:30:00+00:00,118.94696442791644,0.6626631256723656,spring,15
2025-06-12 13:30:00+00:00,2025-06-12 13:45:00+00:00,120.34886684991943,0.6880349232605074,spring,15
2025-06-12 13:45:00+00:00,2025-06-12 14:00:00+00:00,120.97633674447026,0.6893991386710783,spring,15
2025-06-12 14:00:00+00:00,2025-06-12 14:15:00+00:00,122.21943619723334,0.6962370286722803,spring,15
2025-06-12 14:15:00+00:00,2025-06-12 14:30:00+00:00,124.28003677425012,0.7313281417417096,spring,15
2025-06-12 14:30:00+00:00,2025-06-12 14:45:00+00:00,123.44504119147743,0.7380438283132599,spring,15
2025-06-12 14:45:00+00:00,2025-06-12 15:00:00+00:00,125.40943166788685,0.7592574853254228,spring,15
2025-06-12 15:00:00+00:00,2025-06-12 15:15:00+00:00,125.74244324919722,0.7465761822327619,spring,15
2025-06-12 15:15:00+00:00,2025-06-12 15:30:00+00:00,130.0117253401979,0.7646741201173305,spring,15
2025-06-12 15:30:00+00:00,2025-06-12 15:45:00+00:00,137.90088373575057,0.7901348781238526,spring,15
2025-06-12 15:45:00+00:00,2025-06-12 16:00:00+00:00,137.8589998076088,0.8431929338042675,spring,15
2025-06-12 16:00:00+00:00,2025-06-12 16:15:00+00:00,147.37450767915348,0.8711095377379621,spring,15
2025-06-12 16:15:00+00:00,2025-06-12 16:30:00+00:00,158.5327864160437,0.917923494660713,spring,15
2025-06-12 16:30:00+00:00,2025-06-12 16:45:00+00:00,171.80556033238122,0.9657244098883927,spring,15
2025-06-12 16:45:00+00:00,2025-06-12 17:00:00+00:00,184.2049253653361,1.0029363165232748,spring,15
2025-06-12 17:00:00+00:00,2025-06-12 17:15:00+00:00,198.39760957796113,1.0272298629416707,spring,15
2025-06-12 17:15:00+00:00,2025-06-12 17:30:00+00:00,204.6295999082132,1.0728970339968418,spring,15
2025-06-12 17:30:00+00:00,2025-06-12 17:45:00+00:00,208.2743684853205,1.1292591562023162,spring,15
2025-06-12 17:45:00+00:00,2025-06-12 18:00:00+00:00,209.66310997482356,1.225676709694544,spring,15
2025-06-12 18:00:00+00:00,2025-06-12 18:15:00+00:00,215.34543474665628,1.2840814601411332,spring,15
2025-06-12 18:15:00+00:00,2025-06-12 18:30:00+00:00,221.4683028768898,1.330162112558561,spring,15
2025-06-12 18:30:00+00:00,2025-06-12 18:45:00+00:00,221.09279967768452,1.3878922935243987,spring,15
2025-06-12 18:45:00+00:00,2025-06-12 19:00:00+00:00,222.64318787747052,1.324048092907035,spring,15
2025-06-12 19:00:00+00:00,2025-06-12 19:15:00+00:00,226.4232315652184,1.288412243488122,spring,15
2025-06-12 19:15:00+00:00,2025-06-12 19:30:00+00:00,221.77657981859778,1.2192964563636541,spring,15
2025-06-12 19:30:00+00:00,2025-06-12 19:45:00+00:00,219.52444043497502,1.1337685383481269,spring,15
2025-06-12 19:45:00+00:00,2025-06-12 20:00:00+00:00,217.44915239460283,1.0771039612115727,spring,15
2025-06-12 20:00:00+00:00,2025-06-12 20:15:00+00:00,212.34987736582704,1.1217969878072376,spring,15
2025-06-12 20:15:00+00:00,2025-06-12 20:30:00+00:00,209.39886947328898,1.039968572585248,spring,15
2025-06-12 20:30:00+00:00,2025-06-12 20:45:00+00:00,206.8787096297509,0.9962136543892245,spring,15
2025-06-12 20:45:00+00:00,2025-06-12 21:00:00+00:00,210.3785863886998,0.9750469397086339,spring,15
2025-06-12 21:00:00+00:00,2025-06-12 21:15:00+00:00,207.08730164489327,1.0006721875526763,spring,15
2025-06-12 21:15:00+00:00,2025-06-12 21:30:00+00:00,207.3685399028203,1.0050626396903222,spring,15
2025-06-12 21:30:00+00:00,2025-06-12 21:45:00+00:00,208.20951488568446,0.985175610760069,spring,15
2025-06-12 21:45:00+00:00,2025-06-12 22:00:00+00:00,210.1034782966867,0.9997645530434344,spring,15
2025-06-12 22:00:00+00:00,2025-06-12 22:15:00+00:00,211.3552112671449,1.073309870752822,spring,15
2025-06-12 22:15:00+00:00,2025-06-12 22:30:00+00:00,202.98350456825938,1.0758925707606346,spring,15
2025-06-12 22:30:00+00:00,2025-06-12 22:45:00+00:00,202.32056218396949,1.0800763711166987,spring,15
2025-06-12 22:45:00+00:00,2025-06-12 23:00:00+00:00,201.29754012643258,1.0656713790750647,spring,15
2025-06-12 23:00:00+00:00,2025-06-12 23:15:00+00:00,200.06448651733305,1.0743938041307732,spring,15
2025-06-12 23:15:00+00:00,2025-06-12 23:30:00+00:00,200.79870890641243,1.0395422762805833,spring,15
2025-06-12 23:30:00+00:00,2025-06-12 23:45:00+00:00,201.69112676113244,1.061698435035965,spring,15
2025-06-12 23:45:00+00:00,2025-06-13 00:00:00+00:00,203.1251832634123,1.0347451423103704,spring,15
2025-06-13 00:00:00+00:00,2025-06-13 00:15:00+00:00,208.03477535979448,1.050703374920976,spring,15
2025-06-13 00:15:00+00:00,2025-06-13 00:30:00+00:00,209.4794845369587,1.0538530753373923,spring,15
2025-06-13 00:30:00+00:00,2025-06-13 00:45:00+00:00,209.9157771350376,1.0628014103234356,spring,15
2025-06-13 00:45:00+00:00,2025-06-13 01:00:00+00:00,210.7952124487563,1.0706948981888753,spring,15
2025-06-13 01:00:00+00:00,2025-06-13 01:15:00+00:00,213.07757025389677,1.0784132150226216,spring,15
2025-06-13 01:15:00+00:00,2025-06-13 01:30:00+00:00,214.8513849562819,1.0902931166524563,spring,15
2025-06-13 01:30:00+00:00,2025-06-13 01:45:00+00:00,215.52781064599404,1.1189810447264787,spring,15
2025-06-13 01:45:00+00:00,2025-06-13 02:00:00+00:00,217.61998477204472,1.1053077098839683,spring,15
2025-06-13 02:00:00+00:00,2025-06-13 02:15:00+00:00,219.36023184008928,1.1228173627443783,spring,15
2025-06-13 02:15:00+00:00,2025-06-13 02:30:00+00:00,218.98901322726073,1.1661322413546873,spring,15
2025-06-13 02:30:00+00:00,2025-06-13 02:45:00+00:00,220.45872404896582,1.2120302669200438,spring,15
2025-06-13 02:45:00+00:00,2025-06-13 03:00:00+00:00,222.1255594623874,1.1860449772109025,spring,15
2025-06-13 03:00:00+00:00,2025-06-13 03:15:00+00:00,226.29004824894176,1.158080479917724,spring,15
2025-06-13 03:15:00+00:00,2025-06-13 03:30:00+00:00,225.82304147869155,1.177523129504064,spring,15
2025-06-13 03:30:00+00:00,2025-06-13 03:45:00+00:00,226.20091943517826,1.220544944584383,spring,15
2025-06-13 03:45:00+00:00,2025-06-13 04:00:00+00:00,225.7000173871943,1.185339031388983,spring,15
2025-06-13 04:00:00+00:00,2025-06-13 04:15:00+00:00,218.2063886358277,1.1386800120161544,spring,15
2025-06-13 04:15:00+00:00,2025-06-13 04:30:00+00:00,215.31634099402874,1.08642689538875,spring,15
2025-06-13 04:30:00+00:00,2025-06-13 04:45:00+00:00,213.44562159176252,1.0893740772486853,spring,15
2025-06-13 04:45:00+00:00,2025-06-13 05:00:00+00:00,211.98131515191335,1.026668218601951,spring,15
2025-06-13 05:00:00+00:00,2025-06-13 05:15:00+00:00,196.01980777540652,1.049087022162434,spring,15
2025-06-13 05:15:00+00:00,2025-06-13 05:30:00+00:00,191.81696502438157,0.9685943087815456,spring,15
2025-06-13 05:30:00+00:00,2025-06-13 05:45:00+00:00,187.52071148181307,0.9335193269142666,spring,15
2025-06-13 05:45:00+00:00,2025-06-13 06:00:00+00:00,186.4579041869936,0.9245100774220069,spring,15
2025-06-13 06:00:00+00:00,2025-06-13 06:15:00+00:00,173.21346495021746,0.889598418399759,spring,15
2025-06-13 06:15:00+00:00,2025-06-13 06:30:00+00:00,162.92223080385995,0.8678619462981587,spring,15
2025-06-13 06:30:00+00:00,2025-06-13 06:45:00+00:00,155.2774615909821,0.8695112189016467,spring,15
2025-06-13 06:45:00+00:00,2025-06-13 07:00:00+00:00,150.24680237142456,0.8105120920153817,spring,15
2025-06-13 07:00:00+00:00,2025-06-13 07:15:00+00:00,147.803143619868,0.8532370984147671,spring,15
2025-06-13 07:15:00+00:00,2025-06-13 07:30:00+00:00,140.1260391840068,0.773494321052053,spring,15
2025-06-13 07:30:00+00:00,2025-06-13 07:45:00+00:00,135.8098855252547,0.74582722184142,spring,15
2025-06-13 07:45:00+00:00,2025-06-13 08:00:00+00:00,131.7243620467972,0.7106692113355163,spring,15
2025-06-13 08:00:00+00:00,2025-06-13 08:15:00+00:00,123.37704305146163,0.6691246663535495,spring,15
2025-06-13 08:15:00+00:00,2025-06-13 08:30:00+00:00,119.51338891939204,0.6372849434879778,spring,15
2025-06-13 08:30:00+00:00,2025-06-13 08:45:00+00:00,118.08935007347745,0.6441632831092439,spring,15
2025-06-13 08:45:00+00:00,2025-06-13 09:00:00+00:00,116.76045329413576,0.6197131921339352,spring,15
2025-06-13 09:00:00+00:00,2025-06-13 09:15:00+00:00,110.9472545841026,0.6370045948842238,spring,15
2025-06-13 09:15:00+00:00,2025-06-13 09:30:00+00:00,108.21585558391531,0.619359500144282,spring,15
2025-06-13 09:30:00+00:00,2025-06-13 09:45:00+00:00,105.79261438477974,0.6051527187704789,spring,15
2025-06-13 09:45:00+00:00,2025-06-13 10:00:00+00:00,105.17421148256672,0.602035451686611,spring,15
2025-06-13 10:00:00+00:00,2025-06-13 10:15:00+00:00,103.85146955239627,0.5885854059756231,spring,15
2025-06-13 10:15:00+00:00,2025-06-13 10:30:00+00:00,103.41099750522041,0.570906537336926,spring,15
2025-06-13 10:30:00+00:00,2025-06-13 10:45:00+00:00,102.84637710359277,0.5654982998799956,spring,15
2025-06-13 10:45:00+00:00,2025-06-13 11:00:00+00:00,102.67854635841844,0.5652672322256665,spring,15
2025-06-13 11:00:00+00:00,2025-06-13 11:15:00+00:00,102.60190807411325,0.5661079192429632,spring,15
2025-06-13 11:15:00+00:00,2025-06-13 11:30:00+00:00,102.7342395512805,0.5656214872400152,spring,15
2025-06-13 11:30:00+00:00,2025-06-13 11:45:00+00:00,102.58974683769466,0.580384218900651,spring,15
2025-06-13 11:45:00+00:00,2025-06-13 12:00:00+00:00,103.34591563772042,0.580319468963937,spring,15
2025-06-13 12:00:00+00:00,2025-06-13 12:15:00+00:00,104.70907366639479,0.5932090664187335,spring,15
2025-06-13 12:15:00+00:00,2025-06-13 12:30:00+00:00,105.35707500428524,0.6031145247032269,spring,15
2025-06-13 12:30:00+00:00,2025-06-13 12:45:00+00:00,105.42797192900741,0.613686046048696,spring,15
2025-06-13 12:45:00+00:00,2025-06-13 13:00:00+00:00,105.68428430670595,0.613940849545342,spring,15
2025-06-13 13:00:00+00:00,2025-06-13 13:15:00+00:00,106.92035067715311,0.6131921118249841,spring,15
2025-06-13 13:15:00+00:00,2025-06-13 13:30:00+00:00,106.9851434582953,0.6138913720941612,spring,15
2025-06-13 13:30:00+00:00,2025-06-13 13:45:00+00:00,107.99341227314349,0.6385760453035338,spring,15
2025-06-13 13:45:00+00:00,2025-06-13 14:00:00+00:00,108.88395891907132,0.6464331697176241,spring,15
2025-06-13 14:00:00+00:00,2025-06-13 14:15:00+00:00,110.65757731586599,0.6571572237310687,spring,15
2025-06-13 14:15:00+00:00,2025-06-13 14:30:00+00:00,110.79748690579174,0.6774208695745885,spring,15
2025-06-13 14:30:00+00:00,2025-06-13 14:45:00+00:00,113.60585152967083,0.7110229740824715,spring,15
2025-06-13 14:45:00+00:00,2025-06-13 15:00:00+00:00,118.25281036025719,0.7231950161768432,spring,15
2025-06-13 15:00:00+00:00,2025-06-13 15:15:00+00:00,127.29386781454285,0.7293775597493963,spring,15
2025-06-13 15:15:00+00:00,2025-06-13 15:30:00+00:00,133.54260400439142,0.7890090704779795,spring,15
2025-06-13 15:30:00+00:00,2025-06-13 15:45:00+00:00,141.06421085955046,0.8178652303505116,spring,15
2025-06-13 15:45:00+00:00,2025-06-13 16:00:00+00:00,153.19334436696883,0.8643968139226388,spring,15
2025-06-13 16:00:00+00:00,2025-06-13 16:15:00+00:00,169.40802161610026,0.8968751588475095,spring,15
2025-06-13 16:15:00+00:00,2025-06-13 16:30:00+00:00,180.5289165613394,0.9590708094077255,spring,15
2025-06-13 16:30:00+00:00,2025-06-13 16:45:00+00:00,185.07717788316046,0.9658287173611518,spring,15
2025-06-13 16:45:00+00:00,2025-06-13 17:00:00+00:00,191.74544504016237,1.0884796727161317,spring,15
2025-06-13 17:00:00+00:00,2025-06-13 17:15:00+00:00,205.59486188370204,1.1341880690724293,spring,15
2025-06-13 17:15:00+00:00,2025-06-13 17:30:00+00:00,211.43985856263592,1.1827623494017723,spring,15
2025-06-13 17:30:00+00:00,2025-06-13 17:45:00+00:00,217.06739580374094,1.2449150113433132,spring,15
2025-06-13 17:45:00+00:00,2025-06-13 18:00:00+00:00,225.17351784202486,1.3236821150446871,spring,15
2025-06-13 18:00:00+00:00,2025-06-13 18:15:00+00:00,235.7277155844649,1.282973506903,spring,15
2025-06-13 18:15:00+00:00,2025-06-13 18:30:00+00:00,239.1668509929386,1.2819663085401278,spring,15
2025-06-13 18:30:00+00:00,2025-06-13 18:45:00+00:00,240.09156061024288,1.2907030062969842,spring,15
2025-06-13 18:45:00+00:00,2025-06-13 19:00:00+00:00,237.43832721407432,1.3125747569726443,spring,15
2025-06-13 19:00:00+00:00,2025-06-13 19:15:00+00:00,230.0843842023387,1.2468056220803874,spring,15
2025-06-13 19:15:00+00:00,2025-06-13 19:30:00+00:00,223.48776137540716,1.2010101101350734,spring,15
2025-06-13 19:30:00+00:00,2025-06-13 19:45:00+00:00,219.4312437941415,1.1064667021277652,spring,15
2025-06-13 19:45:00+00:00,2025-06-13 20:00:00+00:00,214.17944076991628,1.0477949176302488,spring,15
2025-06-13 20:00:00+00:00,2025-06-13 20:15:00+00:00,204.9750055805051,1.0316466503868016,spring,15
2025-06-13 20:15:00+00:00,2025-06-13 20:30:00+00:00,199.3627897322019,1.0223663681200494,spring,15
2025-06-13 20:30:00+00:00,2025-06-13 20:45:00+00:00,190.10082782888108,0.9955247201320954,spring,15
2025-06-13 20:45:00+00:00,2025-06-13 21:00:00+00:00,185.47801764177626,0.9571042972496837,spring,15
2025-06-13 21:00:00+00:00,2025-06-13 21:15:00+00:00,185.03136318172736,1.0210567698769089,spring,15
2025-06-13 21:15:00+00:00,2025-06-13 21:30:00+00:00,185.93726728393005,0.9855032586453756,spring,15
2025-06-13 21:30:00+00:00,2025-06-13 21:45:00+00:00,182.66352036028525,0.9567260602427302,spring,15
2025-06-13 21:45:00+00:00,2025-06-13 22:00:00+00:00,180.33371595442767,0.9900645080260138,spring,15
2025-06-13 22:00:00+00:00,2025-06-13 22:15:00+00:00,173.09518838424788,1.0158871333028805,spring,15
2025-06-13 22:15:00+00:00,2025-06-13 22:30:00+00:00,166.65131308005869,1.0170169835213771,spring,15
2025-06-13 22:30:00+00:00,2025-06-13 22:45:00+00:00,165.8993464999504,1.0322508361022493,spring,15
2025-06-13 22:45:00+00:00,2025-06-13 23:00:00+00:00,167.1210699619068,1.0439774911109885,spring,15
2025-06-13 23:00:00+00:00,2025-06-13 23:15:00+00:00,166.54775565413323,1.0442088643120193,spring,15
2025-06-13 23:15:00+00:00,2025-06-13 23:30:00+00:00,166.14388078978106,1.040366457913882,spring,15
2025-06-13 23:30:00+00:00,2025-06-13 23:45:00+00:00,171.80255109836722,1.0223081452107463,spring,15
2025-06-13 23:45:00+00:00,2025-06-14 00:00:00+00:00,169.94438377677292,1.0189054504268873,spring,15
2025-06-14 00:00:00+00:00,2025-06-14 00:15:00+00:00,168.55146353170892,1.0680631780239536,spring,15
2025-06-14 00:15:00+00:00,2025-06-14 00:30:00+00:00,169.79849340439426,1.0752603441649051,spring,15
2025-06-14 00:30:00+00:00,2025-06-14 00:45:00+00:00,171.62646033093978,1.0733671649367031,spring,15
2025-06-14 00:45:00+00:00,2025-06-14 01:00:00+00:00,173.62153495363785,1.07156256769078,spring,15
2025-06-14 01:00:00+00:00,2025-06-14 01:15:00+00:00,175.13883141550798,1.1006817579735044,spring,15
2025-06-14 01:15:00+00:00,2025-06-14 01:30:00+00:00,177.56999863239167,1.1126520717442525,spring,15
2025-06-14 01:30:00+00:00,2025-06-14 01:45:00+00:00,179.74268704955975,1.13029958636945,spring,15
2025-06-14 01:45:00+00:00,2025-06-14 02:00:00+00:00,183.1881895908857,1.1461670369554773,spring,15
2025-06-14 02:00:00+00:00,2025-06-14 02:15:00+00:00,186.02219084949897,1.1488539630177865,spring,15
2025-06-14 02:15:00+00:00,2025-06-14 02:30:00+00:00,187.66671376852705,1.1529710903552248,spring,15
2025-06-14 02:30:00+00:00,2025-06-14 02:45:00+00:00,192.34214231984353,1.1648752878310686,spring,15
2025-06-14 02:45:00+00:00,2025-06-14 03:00:00+00:00,190.31936939878463,1.1749994347773713,spring,15
2025-06-14 03:00:00+00:00,2025-06-14 03:15:00+00:00,188.73665683770182,1.1697738475245572,spring,15
2025-06-14 03:15:00+00:00,2025-06-14 03:30:00+00:00,185.59012166883934,1.192242816383351,spring,15
2025-06-14 03:30:00+00:00,2025-06-14 03:45:00+00:00,183.5032005348999,1.1645183266061605,spring,15
2025-06-14 03:45:00+00:00,2025-06-14 04:00:00+00:00,181.98599418651582,1.165510447894216,spring,15
2025-06-14 04:00:00+00:00,2025-06-14 04:15:00+00:00,178.13740887179796,1.1691768141022212,spring,15
2025-06-14 04:15:00+00:00,2025-06-14 04:30:00+00:00,177.42859022044132,1.1792184577002578,spring,15
2025-06-14 04:30:00+00:00,2025-06-14 04:45:00+00:00,175.84799357650448,1.137200652549769,spring,15
2025-06-14 04:45:00+00:00,2025-06-14 05:00:00+00:00,172.1373020451796,1.0858281765347284,spring,15
2025-06-14 05:00:00+00:00,2025-06-14 05:15:00+00:00,158.17002234588202,1.0644514355421488,spring,15
2025-06-14 05:15:00+00:00,2025-06-14 05:30:00+00:00,156.00046395887887,1.0020520128843813,spring,15
2025-06-14 05:30:00+00:00,2025-06-14 05:45:00+00:00,148.5054424716555,0.9526689254647401,spring,15
2025-06-14 05:45:00+00:00,2025-06-14 06:00:00+00:00,145.65939409332816,0.8859085540353103,spring,15
2025-06-14 06:00:00+00:00,2025-06-14 06:15:00+00:00,137.91475343343345,0.9026236999131547,spring,15
2025-06-14 06:15:00+00:00,2025-06-14 06:30:00+00:00,133.1694343378321,0.8597783200096036,spring,15
2025-06-14 06:30:00+00:00,2025-06-14 06:45:00+00:00,129.81261917607438,0.7890299874833843,spring,15
2025-06-14 06:45:00+00:00,2025-06-14 07:00:00+00:00,126.87250954381179,0.7859347908413493,spring,15
2025-06-14 07:00:00+00:00,2025-06-14 07:15:00+00:00,119.98666402312695,0.7364058165099395,spring,15
2025-06-14 07:15:00+00:00,2025-06-14 07:30:00+00:00,114.13982317755087,0.688635939753407,spring,15
2025-06-14 07:30:00+00:00,2025-06-14 07:45:00+00:00,111.50035275883816,0.6729819921034219,spring,15
2025-06-14 07:45:00+00:00,2025-06-14 08:00:00+00:00,109.97808874489236,0.6664382043274076,spring,15
2025-06-14 08:00:00+00:00,2025-06-14 08:15:00+00:00,108.53445501486785,0.6886232473722564,spring,15
2025-06-14 08:15:00+00:00,2025-06-14 08:30:00+00:00,105.53304865184177,0.6556147526762334,spring,15
2025-06-14 08:30:00+00:00,2025-06-14 08:45:00+00:00,105.04126604946912,0.6149885846220464,spring,15
2025-06-14 08:45:00+00:00,2025-06-14 09:00:00+00:00,104.33131791693258,0.5946934321165038,spring,15
2025-06-14 09:00:00+00:00,2025-06-14 09:15:00+00:00,105.25967662571493,0.5890313231710725,spring,15
2025-06-14 09:15:00+00:00,2025-06-14 09:30:00+00:00,104.91587757243119,0.5747287454874767,spring,15
2025-06-14 09:30:00+00:00,2025-06-14 09:45:00+00:00,105.04953235291056,0.5743019172803117,spring,15
2025-06-14 09:45:00+00:00,2025-06-14 10:00:00+00:00,105.05747919397588,0.5763071390313862,spring,15
2025-06-14 10:00:00+00:00,2025-06-14 10:15:00+00:00,106.15491748859047,0.5690524327947011,spring,15
2025-06-14 10:15:00+00:00,2025-06-14 10:30:00+00:00,106.01893312814582,0.5592201842988845,spring,15
2025-06-14 10:30:00+00:00,2025-06-14 10:45:00+00:00,105.84085799415733,0.5578610556100215,spring,15
2025-06-14 10:45:00+00:00,2025-06-14 11:00:00+00:00,106.46353534125372,0.5643227607332774,spring,15
2025-06-14 11:00:00+00:00,2025-06-14 11:15:00+00:00,107.6448045359345,0.5730356828480229,spring,15
2025-06-14 11:15:00+00:00,2025-06-14 11:30:00+00:00,107.77978330939511,0.5739966852486993,spring,15
2025-06-14 11:30:00+00:00,2025-06-14 11:45:00+00:00,108.14005134691502,0.5712224907458227,spring,15
2025-06-14 11:45:00+00:00,2025-06-14 12:00:00+00:00,108.53215454491166,0.5802736210843991,spring,15
2025-06-14 12:00:00+00:00,2025-06-14 12:15:00+00:00,107.35038181090182,0.5862124815389368,spring,15
2025-06-14 12:15:00+00:00,2025-06-14 12:30:00+00:00,107.40982140735896,0.5917861736608481,spring,15
2025-06-14 12:30:00+00:00,2025-06-14 12:45:00+00:00,106.80751406479979,0.5947194140714278,spring,15
2025-06-14 12:45:00+00:00,2025-06-14 13:00:00+00:00,107.27175474137343,0.6003247976829149,spring,15
2025-06-14 13:00:00+00:00,2025-06-14 13:15:00+00:00,108.4567198110156,0.6156520123328824,spring,15
2025-06-14 13:15:00+00:00,2025-06-14 13:30:00+00:00,109.5600268098807,0.6254693878214451,spring,15
2025-06-14 13:30:00+00:00,2025-06-14 13:45:00+00:00,110.04820289260752,0.6309947365433158,spring,15
2025-06-14 13:45:00+00:00,2025-06-14 14:00:00+00:00,111.96973054628961,0.6481648143924492,spring,15
2025-06-14 14:00:00+00:00,2025-06-14 14:15:00+00:00,115.36961954363177,0.6757885295457801,spring,15
2025-06-14 14:15:00+00:00,2025-06-14 14:30:00+00:00,118.0843936879883,0.7252163123197416,spring,15
2025-06-14 14:30:00+00:00,2025-06-14 14:45:00+00:00,120.36775007256469,0.749573811484561,spring,15
2025-06-14 14:45:00+00:00,2025-06-14 15:00:00+00:00,123.02843216076549,0.7811596858779346,spring,15
2025-06-14 15:00:00+00:00,2025-06-14 15:15:00+00:00,125.17082474518769,0.8277463340855723,spring,15
2025-06-14 15:15:00+00:00,2025-06-14 15:30:00+00:00,131.9986629908161,0.8641364176482078,spring,15
2025-06-14 15:30:00+00:00,2025-06-14 15:45:00+00:00,141.12595133600092,0.9105725835908997,spring,15
2025-06-14 15:45:00+00:00,2025-06-14 16:00:00+00:00,152.57839361835354,0.9776343169825233,spring,15
2025-06-14 16:00:00+00:00,2025-06-14 16:15:00+00:00,178.00391909531388,1.0601040925947145,spring,15
2025-06-14 16:15:00+00:00,2025-06-14 16:30:00+00:00,199.9171303640789,1.15030726807927,spring,15
2025-06-14 16:30:00+00:00,2025-06-14 16:45:00+00:00,218.73206085542387,1.210272366834917,spring,15
2025-06-14 16:45:00+00:00,2025-06-14 17:00:00+00:00,232.98388120323645,1.3183688385465453,spring,15
2025-06-14 17:00:00+00:00,2025-06-14 17:15:00+00:00,246.79025094621903,1.4564795968912194,spring,15
2025-06-14 17:15:00+00:00,2025-06-14 17:30:00+00:00,247.84629489034288,1.4701909973348868,spring,15
2025-06-14 17:30:00+00:00,2025-06-14 17:45:00+00:00,248.1062380883094,1.639759604039341,spring,15
2025-06-14 17:45:00+00:00,2025-06-14 18:00:00+00:00,255.2495390602219,1.6419782797424263,spring,15
2025-06-14 18:00:00+00:00,2025-06-14 18:15:00+00:00,260.71822490498187,1.6446589594519248,spring,15
2025-06-14 18:15:00+00:00,2025-06-14 18:30:00+00:00,265.732943198723,1.7270805418601995,spring,15
2025-06-14 18:30:00+00:00,2025-06-14 18:45:00+00:00,272.94819718131276,1.7887486235704633,spring,15
2025-06-14 18:45:00+00:00,2025-06-14 19:00:00+00:00,276.61199385754077,1.8345853418682148,spring,15
2025-06-14 19:00:00+00:00,2025-06-14 19:15:00+00:00,276.78319383939294,1.8353481279858972,spring,15
2025-06-14 19:15:00+00:00,2025-06-14 19:30:00+00:00,282.5598345685593,1.7795043410634266,spring,15
2025-06-14 19:30:00+00:00,2025-06-14 19:45:00+00:00,282.62359199412583,1.827113649117046,spring,15
2025-06-14 19:45:00+00:00,2025-06-14 20:00:00+00:00,286.90179576396145,1.8012660216683607,spring,15
2025-06-14 20:00:00+00:00,2025-06-14 20:15:00+00:00,284.7715080112968,1.7838054271951351,spring,15
2025-06-14 20:15:00+00:00,2025-06-14 20:30:00+00:00,281.9127715384169,1.7489807345717374,spring,15
2025-06-14 20:30:00+00:00,2025-06-14 20:45:00+00:00,281.43707277411244,1.7301755136983685,spring,15
2025-06-14 20:45:00+00:00,2025-06-14 21:00:00+00:00,285.07719898558395,1.6575820210338752,spring,15
2025-06-14 21:00:00+00:00,2025-06-14 21:15:00+00:00,284.7575009475262,1.675151000855614,spring,15
2025-06-14 21:15:00+00:00,2025-06-14 21:30:00+00:00,283.3479327118254,1.627064742855798,spring,15
2025-06-14 21:30:00+00:00,2025-06-14 21:45:00+00:00,280.7649020971571,1.6175104043458546,spring,15
2025-06-14 21:45:00+00:00,2025-06-14 22:00:00+00:00,276.72910930725374,1.5060033863361522,spring,15
2025-06-14 22:00:00+00:00,2025-06-14 22:15:00+00:00,277.3947641073317,1.672670965845963,spring,15
2025-06-14 22:15:00+00:00,2025-06-14 22:30:00+00:00,272.6619515013836,1.6726804363086274,spring,15
2025-06-14 22:30:00+00:00,2025-06-14 22:45:00+00:00,276.5389694550287,1.7195541505260181,spring,15
2025-06-14 22:45:00+00:00,2025-06-14 23:00:00+00:00,276.0736732450654,1.7262878214514268,spring,15
2025-06-14 23:00:00+00:00,2025-06-14 23:15:00+00:00,274.9096961527325,1.7181702385566855,spring,15
2025-06-14 23:15:00+00:00,2025-06-14 23:30:00+00:00,279.11775217579253,1.7202120061624044,spring,15
2025-06-14 23:30:00+00:00,2025-06-14 23:45:00+00:00,283.4095534383734,1.648403027128201,spring,15
2025-06-14 23:45:00+00:00,2025-06-15 00:00:00+00:00,288.4230361641322,1.6981757077256343,spring,15
2025-06-15 00:00:00+00:00,2025-06-15 00:15:00+00:00,297.3841807285526,1.7388645694023148,spring,15
2025-06-15 00:15:00+00:00,2025-06-15 00:30:00+00:00,300.9434605638083,1.748755613635433,spring,15
2025-06-15 00:30:00+00:00,2025-06-15 00:45:00+00:00,303.74838125441863,1.8515855837866952,spring,15
2025-06-15 00:45:00+00:00,2025-06-15 01:00:00+00:00,308.89278996003884,1.8803953341414954,spring,15
2025-06-15 01:00:00+00:00,2025-06-15 01:15:00+00:00,319.71078678444485,2.0789487442108467,spring,15
2025-06-15 01:15:00+00:00,2025-06-15 01:30:00+00:00,321.77025768958003,2.168713844738844,spring,15
2025-06-15 01:30:00+00:00,2025-06-15 01:45:00+00:00,327.15796754427623,2.1585647159312664,spring,15
2025-06-15 01:45:00+00:00,2025-06-15 02:00:00+00:00,326.66957287361697,2.0897538051042397,spring,15
2025-06-15 02:00:00+00:00,2025-06-15 02:15:00+00:00,327.81269894337873,2.05012011612303,spring,15
2025-06-15 02:15:00+00:00,2025-06-15 02:30:00+00:00,330.11047491922255,2.043918981424089,spring,15
2025-06-15 02:30:00+00:00,2025-06-15 02:45:00+00:00,326.5174075050801,2.074286996017521,spring,15
2025-06-15 02:45:00+00:00,2025-06-15 03:00:00+00:00,330.4138889463615,1.9215890224034973,spring,15
2025-06-15 03:00:00+00:00,2025-06-15 03:15:00+00:00,334.1478790600586,1.8937108491772945,spring,15
2025-06-15 03:15:00+00:00,2025-06-15 03:30:00+00:00,327.70122716841314,1.8151400654233871,spring,15
2025-06-15 03:30:00+00:00,2025-06-15 03:45:00+00:00,322.3761589638058,1.821044553400313,spring,15
2025-06-15 03:45:00+00:00,2025-06-15 04:00:00+00:00,317.07284486943865,1.9077909825820736,spring,15
2025-06-15 04:00:00+00:00,2025-06-15 04:15:00+00:00,292.30409661930935,1.8305097909900423,spring,15
2025-06-15 04:15:00+00:00,2025-06-15 04:30:00+00:00,281.3751680924586,1.699741842419811,spring,15
2025-06-15 04:30:00+00:00,2025-06-15 04:45:00+00:00,271.81399844287057,1.6266848668648672,spring,15
2025-06-15 04:45:00+00:00,2025-06-15 05:00:00+00:00,259.94786570896326,1.5567054319455196,spring,15
2025-06-15 05:00:00+00:00,2025-06-15 05:15:00+00:00,241.40013204416775,1.506365206178042,spring,15
2025-06-15 05:15:00+00:00,2025-06-15 05:30:00+00:00,223.58436162554102,1.441072726677229,spring,15
2025-06-15 05:30:00+00:00,2025-06-15 05:45:00+00:00,207.79176072206897,1.383264765085011,spring,15
2025-06-15 05:45:00+00:00,2025-06-15 06:00:00+00:00,196.45507310446934,1.3237326980719124,spring,15
2025-06-15 06:00:00+00:00,2025-06-15 06:15:00+00:00,186.8891507903269,1.3496966605782679,spring,15
2025-06-15 06:15:00+00:00,2025-06-15 06:30:00+00:00,180.90063189838222,1.279884073844635,spring,15
2025-06-15 06:30:00+00:00,2025-06-15 06:45:00+00:00,176.47899831698737,1.1631095031031429,spring,15
2025-06-15 06:45:00+00:00,2025-06-15 07:00:00+00:00,171.8759188683622,1.1008094001114865,spring,15
2025-06-15 07:00:00+00:00,2025-06-15 07:15:00+00:00,163.40952342956547,1.1024900835379716,spring,15
2025-06-15 07:15:00+00:00,2025-06-15 07:30:00+00:00,156.9553320057316,1.081373154874514,spring,15
2025-06-15 07:30:00+00:00,2025-06-15 07:45:00+00:00,153.02196786276266,1.0330443921384713,spring,15
2025-06-15 07:45:00+00:00,2025-06-15 08:00:00+00:00,148.80204074181373,0.9916041196109933,spring,15
2025-06-15 08:00:00+00:00,2025-06-15 08:15:00+00:00,145.64477217595848,0.9803993959999673,spring,15
2025-06-15 08:15:00+00:00,2025-06-15 08:30:00+00:00,143.5986039194654,0.9446962178766365,spring,15
2025-06-15 08:30:00+00:00,2025-06-15 08:45:00+00:00,142.03908996329065,0.9151376915512099,spring,15
2025-06-15 08:45:00+00:00,2025-06-15 09:00:00+00:00,139.70698167954163,0.905144081498886,spring,15
2025-06-15 09:00:00+00:00,2025-06-15 09:15:00+00:00,137.73737477516485,0.9553630110726494,spring,15
2025-06-15 09:15:00+00:00,2025-06-15 09:30:00+00:00,135.99109789967633,0.9055199752964979,spring,15
2025-06-15 09:30:00+00:00,2025-06-15 09:45:00+00:00,135.4807667442958,0.8799573515422874,spring,15
2025-06-15 09:45:00+00:00,2025-06-15 10:00:00+00:00,135.19305285113637,0.877309312282765,spring,15
2025-06-15 10:00:00+00:00,2025-06-15 10:15:00+00:00,134.2677230044699,0.8587230915083913,spring,15
2025-06-15 10:15:00+00:00,2025-06-15 10:30:00+00:00,133.7356095357604,0.8781973292384258,spring,15
2025-06-15 10:30:00+00:00,2025-06-15 10:45:00+00:00,134.10238328063897,0.8851022610921444,spring,15
2025-06-15 10:45:00+00:00,2025-06-15 11:00:00+00:00,136.2317316759444,0.9050997594107127,spring,15
2025-06-15 11:00:00+00:00,2025-06-15 11:15:00+00:00,138.85531499650853,0.9214438047015766,spring,15
2025-06-15 11:15:00+00:00,2025-06-15 11:30:00+00:00,139.9260500606741,0.9346997765271985,spring,15
2025-06-15 11:30:00+00:00,2025-06-15 11:45:00+00:00,138.37473899257373,0.9020150286343197,spring,15
2025-06-15 11:45:00+00:00,2025-06-15 12:00:00+00:00,134.69190957616988,0.8917396776765211,spring,15
2025-06-15 12:00:00+00:00,2025-06-15 12:15:00+00:00,133.14351175507008,0.8927532304793698,spring,15
2025-06-15 12:15:00+00:00,2025-06-15 12:30:00+00:00,133.62342295686958,0.8815387501708851,spring,15
2025-06-15 12:30:00+00:00,2025-06-15 12:45:00+00:00,136.79241275427702,0.8936119723919883,spring,15
2025-06-15 12:45:00+00:00,2025-06-15 13:00:00+00:00,133.19343565500077,0.9091062929525757,spring,15
2025-06-15 13:00:00+00:00,2025-06-15 13:15:00+00:00,136.6095026057644,0.9133887017588964,spring,15
2025-06-15 13:15:00+00:00,2025-06-15 13:30:00+00:00,137.98454118966905,0.9109665590129178,spring,15
2025-06-15 13:30:00+00:00,2025-06-15 13:45:00+00:00,140.01890996212757,0.9257727206638678,spring,15
2025-06-15 13:45:00+00:00,2025-06-15 14:00:00+00:00,141.80758678843182,0.9508076889626002,spring,15
2025-06-15 14:00:00+00:00,2025-06-15 14:15:00+00:00,148.02055361290775,0.9723871774546788,spring,15
2025-06-15 14:15:00+00:00,2025-06-15 14:30:00+00:00,154.3872533757378,0.9853226123165721,spring,15
2025-06-15 14:30:00+00:00,2025-06-15 14:45:00+00:00,156.0370086909438,0.9994596443578468,spring,15
2025-06-15 14:45:00+00:00,2025-06-15 15:00:00+00:00,162.28196356778616,1.0250783108559853,spring,15
2025-06-15 15:00:00+00:00,2025-06-15 15:15:00+00:00,166.2346907908906,1.0299716140146902,spring,15
2025-06-15 15:15:00+00:00,2025-06-15 15:30:00+00:00,179.57579185388275,1.0553873772707758,spring,15
2025-06-15 15:30:00+00:00,2025-06-15 15:45:00+00:00,187.64921669632633,1.0712912418171818,spring,15
2025-06-15 15:45:00+00:00,2025-06-15 16:00:00+00:00,200.91324472503723,1.082251314950234,spring,15
2025-06-15 16:00:00+00:00,2025-06-15 16:15:00+00:00,218.98354428447624,1.1124949119721552,spring,15
2025-06-15 16:15:00+00:00,2025-06-15 16:30:00+00:00,240.83527220706839,1.1779877412745539,spring,15
2025-06-15 16:30:00+00:00,2025-06-15 16:45:00+00:00,254.91400996760677,1.2174769128164282,spring,15
2025-06-15 16:45:00+00:00,2025-06-15 17:00:00+00:00,263.8562146964799,1.2403126709283323,spring,15
2025-06-15 17:00:00+00:00,2025-06-15 17:15:00+00:00,277.90371427989936,1.2590987927741337,spring,15
2025-06-15 17:15:00+00:00,2025-06-15 17:30:00+00:00,285.45956229954646,1.2921949300974516,spring,15
2025-06-15 17:30:00+00:00,2025-06-15 17:45:00+00:00,291.5926191924694,1.3042933885583716,spring,15
2025-06-15 17:45:00+00:00,2025-06-15 18:00:00+00:00,297.5719966700942,1.32323289505531,spring,15
2025-06-15 18:00:00+00:00,2025-06-15 18:15:00+00:00,309.34082623320137,1.3397769599023865,spring,15
2025-06-15 18:15:00+00:00,2025-06-15 18:30:00+00:00,310.9241177060729,1.4451343903241254,spring,15
2025-06-15 18:30:00+00:00,2025-06-15 18:45:00+00:00,316.36855823784583,1.4750804921016594,spring,15
2025-06-15 18:45:00+00:00,2025-06-15 19:00:00+00:00,325.56560696198704,1.5151309601831922,spring,15
2025-06-15 19:00:00+00:00,2025-06-15 19:15:00+00:00,322.36165234194874,1.4548745718807001,spring,15
2025-06-15 19:15:00+00:00,2025-06-15 19:30:00+00:00,332.8854523785564,1.5426497420116532,spring,15
2025-06-15 19:30:00+00:00,2025-06-15 19:45:00+00:00,336.45581516685706,1.5489510784919827,spring,15
2025-06-15 19:45:00+00:00,2025-06-15 20:00:00+00:00,344.6847699032319,1.6048525795052115,spring,15
2025-06-15 20:00:00+00:00,2025-06-15 20:15:00+00:00,346.94118703816866,1.6114964615926952,spring,15
2025-06-15 20:15:00+00:00,2025-06-15 20:30:00+00:00,352.0835867634112,1.6275957495822362,spring,15
2025-06-15 20:30:00+00:00,2025-06-15 20:45:00+00:00,352.8022416824496,1.5983519094515992,spring,15
2025-06-15 20:45:00+00:00,2025-06-15 21:00:00+00:00,360.33796829520065,1.5943135400163704,spring,15
2025-06-15 21:00:00+00:00,2025-06-15 21:15:00+00:00,358.50760659471234,1.5062061173730072,spring,15
2025-06-15 21:15:00+00:00,2025-06-15 21:30:00+00:00,361.80844103805293,1.497847115197515,spring,15
2025-06-15 21:30:00+00:00,2025-06-15 21:45:00+00:00,364.9424519438454,1.53247555962412,spring,15
2025-06-15 21:45:00+00:00,2025-06-15 22:00:00+00:00,368.76276065087177,1.54631639861229,spring,15
2025-06-15 22:00:00+00:00,2025-06-15 22:15:00+00:00,375.59637483186094,1.559954630333058,spring,15
2025-06-15 22:15:00+00:00,2025-06-15 22:30:00+00:00,370.0973408769207,1.554960371691598,spring,15
2025-06-15 22:30:00+00:00,2025-06-15 22:45:00+00:00,367.63128786902325,1.505038257090057,spring,15
2025-06-15 22:45:00+00:00,2025-06-15 23:00:00+00:00,366.3577353049473,1.5350904906030902,spring,15
2025-06-15 23:00:00+00:00,2025-06-15 23:15:00+00:00,356.0153488584256,1.5317266670449055,spring,15
2025-06-15 23:15:00+00:00,2025-06-15 23:30:00+00:00,351.18706770234587,1.49361707760612,spring,15
2025-06-15 23:30:00+00:00,2025-06-15 23:45:00+00:00,348.60279765624625,1.5006559352680608,spring,15
2025-06-15 23:45:00+00:00,2025-06-16 00:00:00+00:00,346.82147912921965,1.4802501750003578,spring,15
2025-06-16 00:00:00+00:00,2025-06-16 00:15:00+00:00,340.5488920672813,1.476369251084458,spring,15
2025-06-16 00:15:00+00:00,2025-06-16 00:30:00+00:00,335.75959973700975,1.4988330362861837,spring,15
2025-06-16 00:30:00+00:00,2025-06-16 00:45:00+00:00,340.1907989009616,1.517595882658211,spring,15
2025-06-16 00:45:00+00:00,2025-06-16 01:00:00+00:00,338.97396856906255,1.512555790517608,spring,15
2025-06-16 01:00:00+00:00,2025-06-16 01:15:00+00:00,331.6239606448004,1.5110966366652072,spring,15
2025-06-16 01:15:00+00:00,2025-06-16 01:30:00+00:00,333.3510654493963,1.50941805617539,spring,15
2025-06-16 01:30:00+00:00,2025-06-16 01:45:00+00:00,334.4001239549096,1.5159934794786372,spring,15
2025-06-16 01:45:00+00:00,2025-06-16 02:00:00+00:00,338.64114914017165,1.5103597495440377,spring,15
2025-06-16 02:00:00+00:00,2025-06-16 02:15:00+00:00,343.2052921245387,1.5402176871405273,spring,15
2025-06-16 02:15:00+00:00,2025-06-16 02:30:00+00:00,343.3203036008761,1.5635533422878436,spring,15
2025-06-16 02:30:00+00:00,2025-06-16 02:45:00+00:00,344.6772808893591,1.605495988284551,spring,15
2025-06-16 02:45:00+00:00,2025-06-16 03:00:00+00:00,350.83279306940284,1.6426652352332145,spring,15
2025-06-16 03:00:00+00:00,2025-06-16 03:15:00+00:00,366.38733056504867,1.5654936920967901,spring,15
2025-06-16 03:15:00+00:00,2025-06-16 03:30:00+00:00,374.3383437811043,1.571191349843311,spring,15
2025-06-16 03:30:00+00:00,2025-06-16 03:45:00+00:00,375.63382392583907,1.6129885360223086,spring,15
2025-06-16 03:45:00+00:00,2025-06-16 04:00:00+00:00,371.07369979991665,1.5512289140772684,spring,15
2025-06-16 04:00:00+00:00,2025-06-16 04:15:00+00:00,356.03461901296976,1.5406310903235534,spring,15
2025-06-16 04:15:00+00:00,2025-06-16 04:30:00+00:00,344.5729546567373,1.4991538843360066,spring,15
2025-06-16 04:30:00+00:00,2025-06-16 04:45:00+00:00,336.34540686222795,1.460187194693423,spring,15
2025-06-16 04:45:00+00:00,2025-06-16 05:00:00+00:00,327.42093723410017,1.4538206438605878,spring,15
2025-06-16 05:00:00+00:00,2025-06-16 05:15:00+00:00,305.87857389436493,1.5859598439788334,spring,15
2025-06-16 05:15:00+00:00,2025-06-16 05:30:00+00:00,298.76011306427756,1.5050337941526513,spring,15
2025-06-16 05:30:00+00:00,2025-06-16 05:45:00+00:00,291.77692541570474,1.4638832961920165,spring,15
2025-06-16 05:45:00+00:00,2025-06-16 06:00:00+00:00,291.90043186785624,1.3187655262234916,spring,15
2025-06-16 06:00:00+00:00,2025-06-16 06:15:00+00:00,286.60143786537697,1.414049910714586,spring,15
2025-06-16 06:15:00+00:00,2025-06-16 06:30:00+00:00,273.69526824470876,1.4116329548252302,spring,15
2025-06-16 06:30:00+00:00,2025-06-16 06:45:00+00:00,269.4814129626903,1.3430168511862712,spring,15
2025-06-16 06:45:00+00:00,2025-06-16 07:00:00+00:00,255.1030140355585,1.2632771975826729,spring,15
2025-06-16 07:00:00+00:00,2025-06-16 07:15:00+00:00,242.8445880908362,1.1788349630592798,spring,15
2025-06-16 07:15:00+00:00,2025-06-16 07:30:00+00:00,230.1919325450476,1.1040704749341592,spring,15
2025-06-16 07:30:00+00:00,2025-06-16 07:45:00+00:00,219.85265300967203,1.0273485238112086,spring,15
2025-06-16 07:45:00+00:00,2025-06-16 08:00:00+00:00,197.1366859635848,0.9728331200081234,spring,15
2025-06-16 08:00:00+00:00,2025-06-16 08:15:00+00:00,176.26019074803003,0.9697976717508049,spring,15
2025-06-16 08:15:00+00:00,2025-06-16 08:30:00+00:00,167.87486075423877,0.8966961863980981,spring,15
2025-06-16 08:30:00+00:00,2025-06-16 08:45:00+00:00,157.0990637761864,0.8827603980495575,spring,15
2025-06-16 08:45:00+00:00,2025-06-16 09:00:00+00:00,148.05942638353525,0.8424359018191822,spring,15
2025-06-16 09:00:00+00:00,2025-06-16 09:15:00+00:00,144.0637146129213,0.8430642985708178,spring,15
2025-06-16 09:15:00+00:00,2025-06-16 09:30:00+00:00,141.1208703119111,0.8126178155694714,spring,15
2025-06-16 09:30:00+00:00,2025-06-16 09:45:00+00:00,140.07050677617138,0.7891891154364623,spring,15
2025-06-16 09:45:00+00:00,2025-06-16 10:00:00+00:00,138.91920773780464,0.7828278661018029,spring,15
2025-06-16 10:00:00+00:00,2025-06-16 10:15:00+00:00,135.97932284095808,0.8188391734113698,spring,15
2025-06-16 10:15:00+00:00,2025-06-16 10:30:00+00:00,134.7196034113904,0.8262524049010338,spring,15
2025-06-16 10:30:00+00:00,2025-06-16 10:45:00+00:00,134.11696583029877,0.8497179409364511,spring,15
2025-06-16 10:45:00+00:00,2025-06-16 11:00:00+00:00,134.6112227717689,0.8439076001541596,spring,15
2025-06-16 11:00:00+00:00,2025-06-16 11:15:00+00:00,135.6358506992529,0.869834684183744,spring,15
2025-06-16 11:15:00+00:00,2025-06-16 11:30:00+00:00,137.3914514463265,0.8596933118177061,spring,15
2025-06-16 11:30:00+00:00,2025-06-16 11:45:00+00:00,135.68189918854407,0.8402527198335553,spring,15
2025-06-16 11:45:00+00:00,2025-06-16 12:00:00+00:00,135.5537552306554,0.7958983531449432,spring,15
2025-06-16 12:00:00+00:00,2025-06-16 12:15:00+00:00,135.32382000670617,0.8136501250506328,spring,15
2025-06-16 12:15:00+00:00,2025-06-16 12:30:00+00:00,135.9225978579379,0.7837863663042606,spring,15
2025-06-16 12:30:00+00:00,2025-06-16 12:45:00+00:00,136.19293197195503,0.7956648181469615,spring,15
2025-06-16 12:45:00+00:00,2025-06-16 13:00:00+00:00,136.63915271223567,0.8022330845982866,spring,15
2025-06-16 13:00:00+00:00,2025-06-16 13:15:00+00:00,137.13825245328175,0.8131044478698177,spring,15
2025-06-16 13:15:00+00:00,2025-06-16 13:30:00+00:00,139.27191764800506,0.8105615253969203,spring,15
2025-06-16 13:30:00+00:00,2025-06-16 13:45:00+00:00,139.78095131489505,0.82128757256254,spring,15
2025-06-16 13:45:00+00:00,2025-06-16 14:00:00+00:00,141.25547581073218,0.8476925258274144,spring,15
2025-06-16 14:00:00+00:00,2025-06-16 14:15:00+00:00,141.43043428817305,0.8632598801027067,spring,15
2025-06-16 14:15:00+00:00,2025-06-16 14:30:00+00:00,144.79368011979815,0.891160941681627,spring,15
2025-06-16 14:30:00+00:00,2025-06-16 14:45:00+00:00,148.1957247588237,0.903572667660171,spring,15
2025-06-16 14:45:00+00:00,2025-06-16 15:00:00+00:00,152.3577928423746,0.9185708840385204,spring,15
2025-06-16 15:00:00+00:00,2025-06-16 15:15:00+00:00,169.79243882020378,0.9582601945738434,spring,15
2025-06-16 15:15:00+00:00,2025-06-16 15:30:00+00:00,183.44563566503132,1.0442257966555786,spring,15
2025-06-16 15:30:00+00:00,2025-06-16 15:45:00+00:00,207.24246857868283,1.0805954357649807,spring,15
2025-06-16 15:45:00+00:00,2025-06-16 16:00:00+00:00,233.70618873305747,1.131329824573356,spring,15
2025-06-16 16:00:00+00:00,2025-06-16 16:15:00+00:00,259.74796357240473,1.1528007857242737,spring,15
2025-06-16 16:15:00+00:00,2025-06-16 16:30:00+00:00,285.9619076638795,1.2103832939412746,spring,15
2025-06-16 16:30:00+00:00,2025-06-16 16:45:00+00:00,308.95986845311546,1.2746675913021526,spring,15
2025-06-16 16:45:00+00:00,2025-06-16 17:00:00+00:00,322.3147382672259,1.377756348034068,spring,15
2025-06-16 17:00:00+00:00,2025-06-16 17:15:00+00:00,354.70997816658354,1.3476975480860476,spring,15
2025-06-16 17:15:00+00:00,2025-06-16 17:30:00+00:00,368.3840226343842,1.4399904439902014,spring,15
2025-06-16 17:30:00+00:00,2025-06-16 17:45:00+00:00,378.86521566059804,1.5147575126347188,spring,15
2025-06-16 17:45:00+00:00,2025-06-16 18:00:00+00:00,389.71848853116506,1.5824014040958938,spring,15
2025-06-16 18:00:00+00:00,2025-06-16 18:15:00+00:00,418.77184778455126,1.642696932646613,spring,15
2025-06-16 18:15:00+00:00,2025-06-16 18:30:00+00:00,426.9437891629435,1.704782890652344,spring,15
2025-06-16 18:30:00+00:00,2025-06-16 18:45:00+00:00,434.8295924203105,1.7853464624192126,spring,15
2025-06-16 18:45:00+00:00,2025-06-16 19:00:00+00:00,441.3999220567838,1.831417949082929,spring,15
2025-06-16 19:00:00+00:00,2025-06-16 19:15:00+00:00,441.3991286250276,1.8543102672879601,spring,15
2025-06-16 19:15:00+00:00,2025-06-16 19:30:00+00:00,445.01261027703214,1.8950763881703516,spring,15
2025-06-16 19:30:00+00:00,2025-06-16 19:45:00+00:00,444.2599945127021,1.9064515008145355,spring,15
2025-06-16 19:45:00+00:00,2025-06-16 20:00:00+00:00,452.73654760138646,1.8677768239254555,spring,15
2025-06-16 20:00:00+00:00,2025-06-16 20:15:00+00:00,453.2347052341539,1.8591637485724701,spring,15
2025-06-16 20:15:00+00:00,2025-06-16 20:30:00+00:00,449.44352490675624,1.9076897637498773,spring,15
2025-06-16 20:30:00+00:00,2025-06-16 20:45:00+00:00,451.2375801405433,1.9254022006468132,spring,15
2025-06-16 20:45:00+00:00,2025-06-16 21:00:00+00:00,460.74845185453637,1.881756773979622,spring,15
2025-06-16 21:00:00+00:00,2025-06-16 21:15:00+00:00,469.22996007455754,1.8080729950807481,spring,15
2025-06-16 21:15:00+00:00,2025-06-16 21:30:00+00:00,472.3749520261026,1.8073826974813412,spring,15
2025-06-16 21:30:00+00:00,2025-06-16 21:45:00+00:00,470.51364734526715,1.7998539750217584,spring,15
2025-06-16 21:45:00+00:00,2025-06-16 22:00:00+00:00,475.618512260465,1.8220602329940017,spring,15
2025-06-16 22:00:00+00:00,2025-06-16 22:15:00+00:00,492.5595816934277,1.9042129402996442,spring,15
2025-06-16 22:15:00+00:00,2025-06-16 22:30:00+00:00,496.6416264982521,1.931916502396138,spring,15
2025-06-16 22:30:00+00:00,2025-06-16 22:45:00+00:00,500.4656021766389,1.9353314025908877,spring,15
2025-06-16 22:45:00+00:00,2025-06-16 23:00:00+00:00,504.75902956970674,1.9084853869147382,spring,15
2025-06-16 23:00:00+00:00,2025-06-16 23:15:00+00:00,503.81246410417623,1.9896494773591842,spring,15
2025-06-16 23:15:00+00:00,2025-06-16 23:30:00+00:00,508.1450223603968,1.9839126093574824,spring,15
2025-06-16 23:30:00+00:00,2025-06-16 23:45:00+00:00,518.5371051503286,1.9552538762293168,spring,15
2025-06-16 23:45:00+00:00,2025-06-17 00:00:00+00:00,523.324857415238,1.9531828704203593,spring,15
2025-06-17 00:00:00+00:00,2025-06-17 00:15:00+00:00,534.9710159641395,2.01418065912594,spring,15
2025-06-17 00:15:00+00:00,2025-06-17 00:30:00+00:00,540.7033079841781,2.0343305478178952,spring,15
2025-06-17 00:30:00+00:00,2025-06-17 00:45:00+00:00,544.4202962477742,2.0202859215121713,spring,15
2025-06-17 00:45:00+00:00,2025-06-17 01:00:00+00:00,545.8231789114761,2.058921931113171,spring,15
2025-06-17 01:00:00+00:00,2025-06-17 01:15:00+00:00,544.1887948116807,2.056048149746853,spring,15
2025-06-17 01:15:00+00:00,2025-06-17 01:30:00+00:00,545.8724261768862,2.083836286412469,spring,15
2025-06-17 01:30:00+00:00,2025-06-17 01:45:00+00:00,548.5003134574364,2.0984686415509612,spring,15
2025-06-17 01:45:00+00:00,2025-06-17 02:00:00+00:00,553.0505733050885,2.1105783986904623,spring,15
2025-06-17 02:00:00+00:00,2025-06-17 02:15:00+00:00,549.6731624852418,2.0873804206369173,spring,15
2025-06-17 02:15:00+00:00,2025-06-17 02:30:00+00:00,552.1050152109967,2.054100113611778,spring,15
2025-06-17 02:30:00+00:00,2025-06-17 02:45:00+00:00,546.5854994022321,2.1094870862006294,spring,15
2025-06-17 02:45:00+00:00,2025-06-17 03:00:00+00:00,540.4825644616789,2.0900795825191416,spring,15
2025-06-17 03:00:00+00:00,2025-06-17 03:15:00+00:00,542.5250437149508,2.228345239845398,spring,15
2025-06-17 03:15:00+00:00,2025-06-17 03:30:00+00:00,533.795335065765,2.2673421829651366,spring,15
2025-06-17 03:30:00+00:00,2025-06-17 03:45:00+00:00,524.1120088735414,2.153703600466465,spring,15
2025-06-17 03:45:00+00:00,2025-06-17 04:00:00+00:00,514.1271879010009,2.1899082741224403,spring,15
2025-06-17 04:00:00+00:00,2025-06-17 04:15:00+00:00,485.0230024604652,2.1244725203946997,spring,15
2025-06-17 04:15:00+00:00,2025-06-17 04:30:00+00:00,460.8770449044572,2.0181064892355125,spring,15
2025-06-17 04:30:00+00:00,2025-06-17 04:45:00+00:00,447.9943218750726,1.9343188119520818,spring,15
2025-06-17 04:45:00+00:00,2025-06-17 05:00:00+00:00,435.36046022097696,1.794072178040648,spring,15
2025-06-17 05:00:00+00:00,2025-06-17 05:15:00+00:00,407.87646449692596,1.7851086988367753,spring,15
2025-06-17 05:15:00+00:00,2025-06-17 05:30:00+00:00,394.9737647960832,1.728873554631239,spring,15
2025-06-17 05:30:00+00:00,2025-06-17 05:45:00+00:00,383.7918083733455,1.516827863518509,spring,15
2025-06-17 05:45:00+00:00,2025-06-17 06:00:00+00:00,366.46139867370965,1.4090972745558463,spring,15
2025-06-17 06:00:00+00:00,2025-06-17 06:15:00+00:00,330.69713579993646,1.455854702442327,spring,15
2025-06-17 06:15:00+00:00,2025-06-17 06:30:00+00:00,305.8679650982619,1.4094236422301845,spring,15
2025-06-17 06:30:00+00:00,2025-06-17 06:45:00+00:00,282.08079546094075,1.280765350147845,spring,15
2025-06-17 06:45:00+00:00,2025-06-17 07:00:00+00:00,253.30421190845672,1.1377388434917886,spring,15
2025-06-17 07:00:00+00:00,2025-06-17 07:15:00+00:00,214.55879742083252,1.11809434938197,spring,15
2025-06-17 07:15:00+00:00,2025-06-17 07:30:00+00:00,189.80326462989123,0.9595664503853508,spring,15
2025-06-17 07:30:00+00:00,2025-06-17 07:45:00+00:00,174.4530577007648,0.8961381777725517,spring,15
2025-06-17 07:45:00+00:00,2025-06-17 08:00:00+00:00,163.74937899564665,0.8722057849214278,spring,15
2025-06-17 08:00:00+00:00,2025-06-17 08:15:00+00:00,149.54960745488182,0.8387172047273966,spring,15
2025-06-17 08:15:00+00:00,2025-06-17 08:30:00+00:00,144.8197251884305,0.8033158519212495,spring,15
2025-06-17 08:30:00+00:00,2025-06-17 08:45:00+00:00,142.70454075815528,0.8094220978260692,spring,15
2025-06-17 08:45:00+00:00,2025-06-17 09:00:00+00:00,141.32711982962272,0.7914338311323592,spring,15
2025-06-17 09:00:00+00:00,2025-06-17 09:15:00+00:00,140.99178660024432,0.7986787386898998,spring,15
2025-06-17 09:15:00+00:00,2025-06-17 09:30:00+00:00,141.41462682889562,0.7964093014672765,spring,15
2025-06-17 09:30:00+00:00,2025-06-17 09:45:00+00:00,140.77886038661305,0.7823951211587493,spring,15
2025-06-17 09:45:00+00:00,2025-06-17 10:00:00+00:00,140.54847608862724,0.7722327050949918,spring,15
2025-06-17 10:00:00+00:00,2025-06-17 10:15:00+00:00,136.83399859045076,0.7372074250504732,spring,15
2025-06-17 10:15:00+00:00,2025-06-17 10:30:00+00:00,135.19055650273253,0.7104725032442537,spring,15
2025-06-17 10:30:00+00:00,2025-06-17 10:45:00+00:00,133.5251512214115,0.694350954265195,spring,15
2025-06-17 10:45:00+00:00,2025-06-17 11:00:00+00:00,134.26517260901196,0.6913428009056959,spring,15
2025-06-17 11:00:00+00:00,2025-06-17 11:15:00+00:00,135.3665603097963,0.697892546430174,spring,15
2025-06-17 11:15:00+00:00,2025-06-17 11:30:00+00:00,135.38948034810787,0.6996399762091158,spring,15
2025-06-17 11:30:00+00:00,2025-06-17 11:45:00+00:00,135.4182838833189,0.7024044519087216,spring,15
2025-06-17 11:45:00+00:00,2025-06-17 12:00:00+00:00,136.63082681909523,0.7109619592993596,spring,15
2025-06-17 12:00:00+00:00,2025-06-17 12:15:00+00:00,138.3910085110436,0.7254723446040994,spring,15
2025-06-17 12:15:00+00:00,2025-06-17 12:30:00+00:00,139.171693309808,0.7340673840009924,spring,15
2025-06-17 12:30:00+00:00,2025-06-17 12:45:00+00:00,140.02991920540475,0.7422424778008309,spring,15
2025-06-17 12:45:00+00:00,2025-06-17 13:00:00+00:00,140.5285743052935,0.7444079994382427,spring,15
2025-06-17 13:00:00+00:00,2025-06-17 13:15:00+00:00,140.29112427541494,0.7385136411962973,spring,15
2025-06-17 13:15:00+00:00,2025-06-17 13:30:00+00:00,141.8570680332571,0.7468570426880409,spring,15
2025-06-17 13:30:00+00:00,2025-06-17 13:45:00+00:00,142.96385952298021,0.762184970125583,spring,15
2025-06-17 13:45:00+00:00,2025-06-17 14:00:00+00:00,146.95500590267903,0.7798471748113318,spring,15
2025-06-17 14:00:00+00:00,2025-06-17 14:15:00+00:00,150.49822562396648,0.7842967942383428,spring,15
2025-06-17 14:15:00+00:00,2025-06-17 14:30:00+00:00,153.1747335800319,0.7995343054677957,spring,15
2025-06-17 14:30:00+00:00,2025-06-17 14:45:00+00:00,154.7356289934781,0.8168740888496132,spring,15
2025-06-17 14:45:00+00:00,2025-06-17 15:00:00+00:00,162.76753555785473,0.8454656582114206,spring,15
2025-06-17 15:00:00+00:00,2025-06-17 15:15:00+00:00,176.12646799392806,0.8913687714780113,spring,15
2025-06-17 15:15:00+00:00,2025-06-17 15:30:00+00:00,192.06050856562186,0.9732024769992521,spring,15
2025-06-17 15:30:00+00:00,2025-06-17 15:45:00+00:00,225.57780628575173,1.0741879584040848,spring,15
2025-06-17 15:45:00+00:00,2025-06-17 16:00:00+00:00,262.14498226761344,1.1320665454893302,spring,15
2025-06-17 16:00:00+00:00,2025-06-17 16:15:00+00:00,293.4811009729194,1.1696684202349816,spring,15
2025-06-17 16:15:00+00:00,2025-06-17 16:30:00+00:00,326.4144520660628,1.2964238467374976,spring,15
2025-06-17 16:30:00+00:00,2025-06-17 16:45:00+00:00,346.88379330888705,1.3996683436779649,spring,15
2025-06-17 16:45:00+00:00,2025-06-17 17:00:00+00:00,361.4219327174093,1.4982665456783846,spring,15
2025-06-17 17:00:00+00:00,2025-06-17 17:15:00+00:00,391.4144730514093,1.549485439516811,spring,15
2025-06-17 17:15:00+00:00,2025-06-17 17:30:00+00:00,408.2183689212368,1.6053623407518929,spring,15
2025-06-17 17:30:00+00:00,2025-06-17 17:45:00+00:00,419.6799284466606,1.6144604791110497,spring,15
2025-06-17 17:45:00+00:00,2025-06-17 18:00:00+00:00,434.2131861596351,1.6931309750667494,spring,15
2025-06-17 18:00:00+00:00,2025-06-17 18:15:00+00:00,455.23800159929476,1.7218283711335778,spring,15
2025-06-17 18:15:00+00:00,2025-06-17 18:30:00+00:00,474.51560819694816,1.76091231205298,spring,15
2025-06-17 18:30:00+00:00,2025-06-17 18:45:00+00:00,474.3860598276723,1.8232597178437882,spring,15
2025-06-17 18:45:00+00:00,2025-06-17 19:00:00+00:00,479.794711996395,1.8664362708688726,spring,15
2025-06-17 19:00:00+00:00,2025-06-17 19:15:00+00:00,481.5789474673364,1.875485913628196,spring,15
2025-06-17 19:15:00+00:00,2025-06-17 19:30:00+00:00,488.2028614195104,1.8976789838522101,spring,15
2025-06-17 19:30:00+00:00,2025-06-17 19:45:00+00:00,493.5307364734719,1.895064425832019,spring,15
2025-06-17 19:45:00+00:00,2025-06-17 20:00:00+00:00,496.88062094722596,1.9114238974349007,spring,15
2025-06-17 20:00:00+00:00,2025-06-17 20:15:00+00:00,490.6296857884168,1.9461559826380437,spring,15
2025-06-17 20:15:00+00:00,2025-06-17 20:30:00+00:00,491.81741421372203,1.9422585872436393,spring,15
2025-06-17 20:30:00+00:00,2025-06-17 20:45:00+00:00,492.36244167299094,1.9096800241617835,spring,15
2025-06-17 20:45:00+00:00,2025-06-17 21:00:00+00:00,495.8381479343655,1.909669545305255,spring,15
2025-06-17 21:00:00+00:00,2025-06-17 21:15:00+00:00,497.7792437265203,1.9128434488416317,spring,15
2025-06-17 21:15:00+00:00,2025-06-17 21:30:00+00:00,511.50631323621405,1.9233470517897961,spring,15
2025-06-17 21:30:00+00:00,2025-06-17 21:45:00+00:00,519.1976039462606,1.940028644769915,spring,15
2025-06-17 21:45:00+00:00,2025-06-17 22:00:00+00:00,531.1096437552133,1.9289615133462714,spring,15
2025-06-17 22:00:00+00:00,2025-06-17 22:15:00+00:00,538.3653938500433,1.9602851488686512,spring,15
2025-06-17 22:15:00+00:00,2025-06-17 22:30:00+00:00,535.789120513792,2.040087947620767,spring,15
2025-06-17 22:30:00+00:00,2025-06-17 22:45:00+00:00,544.800270877118,2.0756839605032193,spring,15
2025-06-17 22:45:00+00:00,2025-06-17 23:00:00+00:00,548.7679138149324,2.078084245884362,spring,15
2025-06-17 23:00:00+00:00,2025-06-17 23:15:00+00:00,545.9038446875633,2.0718491409398117,spring,15
2025-06-17 23:15:00+00:00,2025-06-17 23:30:00+00:00,545.9959394901159,2.0327333973160133,spring,15
2025-06-17 23:30:00+00:00,2025-06-17 23:45:00+00:00,548.7588615473902,2.011003389618626,spring,15
2025-06-17 23:45:00+00:00,2025-06-18 00:00:00+00:00,551.9804959310648,1.9640768894763416,spring,15
2025-06-18 00:00:00+00:00,2025-06-18 00:15:00+00:00,557.4528812773308,1.9789108709929017,spring,15
2025-06-18 00:15:00+00:00,2025-06-18 00:30:00+00:00,557.7756468706723,1.976852366353182,spring,15
2025-06-18 00:30:00+00:00,2025-06-18 00:45:00+00:00,561.2951890875479,1.9669237699123,spring,15
2025-06-18 00:45:00+00:00,2025-06-18 01:00:00+00:00,559.5635733723086,1.9389749897355417,spring,15
2025-06-18 01:00:00+00:00,2025-06-18 01:15:00+00:00,555.4009212456465,1.9472109186593993,spring,15
2025-06-18 01:15:00+00:00,2025-06-18 01:30:00+00:00,554.2432546176301,1.9603482397904546,spring,15
2025-06-18 01:30:00+00:00,2025-06-18 01:45:00+00:00,553.7277370093074,1.9511325370223223,spring,15
2025-06-18 01:45:00+00:00,2025-06-18 02:00:00+00:00,552.5081820216636,1.9910913028974992,spring,15
2025-06-18 02:00:00+00:00,2025-06-18 02:15:00+00:00,552.425351434695,1.970819702956622,spring,15
2025-06-18 02:15:00+00:00,2025-06-18 02:30:00+00:00,550.5794684385985,1.9578366546817776,spring,15
2025-06-18 02:30:00+00:00,2025-06-18 02:45:00+00:00,546.4291336482231,1.9961223919988007,spring,15
2025-06-18 02:45:00+00:00,2025-06-18 03:00:00+00:00,544.0990976614972,1.9866456704401223,spring,15
2025-06-18 03:00:00+00:00,2025-06-18 03:15:00+00:00,540.9648330067491,2.0187126758015874,spring,15
2025-06-18 03:15:00+00:00,2025-06-18 03:30:00+00:00,538.8139678659642,1.995656975645524,spring,15
2025-06-18 03:30:00+00:00,2025-06-18 03:45:00+00:00,527.9620913203182,1.9527296820712317,spring,15
2025-06-18 03:45:00+00:00,2025-06-18 04:00:00+00:00,513.9269191836752,1.930343495656425,spring,15
2025-06-18 04:00:00+00:00,2025-06-18 04:15:00+00:00,487.504871289719,1.7836189289322044,spring,15
2025-06-18 04:15:00+00:00,2025-06-18 04:30:00+00:00,463.8612814420543,1.7339796122121636,spring,15
2025-06-18 04:30:00+00:00,2025-06-18 04:45:00+00:00,450.00710244369196,1.69706458231664,spring,15
2025-06-18 04:45:00+00:00,2025-06-18 05:00:00+00:00,439.13375495702866,1.6160935942537156,spring,15
2025-06-18 05:00:00+00:00,2025-06-18 05:15:00+00:00,408.74643690302105,1.6189771452994837,spring,15
2025-06-18 05:15:00+00:00,2025-06-18 05:30:00+00:00,398.15663538655974,1.5660011441177606,spring,15
2025-06-18 05:30:00+00:00,2025-06-18 05:45:00+00:00,392.138580389352,1.4678329382833728,spring,15
2025-06-18 05:45:00+00:00,2025-06-18 06:00:00+00:00,375.29638498385293,1.419021947309016,spring,15
2025-06-18 06:00:00+00:00,2025-06-18 06:15:00+00:00,352.2340428243588,1.285692431456769,spring,15
2025-06-18 06:15:00+00:00,2025-06-18 06:30:00+00:00,333.4372907199118,1.2679752437644491,spring,15
2025-06-18 06:30:00+00:00,2025-06-18 06:45:00+00:00,315.10789993484383,1.221770639232278,spring,15
2025-06-18 06:45:00+00:00,2025-06-18 07:00:00+00:00,288.10968278688193,1.1263764547580266,spring,15
2025-06-18 07:00:00+00:00,2025-06-18 07:15:00+00:00,269.3107293630776,1.0765944999270536,spring,15
2025-06-18 07:15:00+00:00,2025-06-18 07:30:00+00:00,245.84789211404276,1.0206237753414005,spring,15
2025-06-18 07:30:00+00:00,2025-06-18 07:45:00+00:00,222.9479558903392,0.9927880502913975,spring,15
2025-06-18 07:45:00+00:00,2025-06-18 08:00:00+00:00,199.4616727921417,0.9247041676924043,spring,15
2025-06-18 08:00:00+00:00,2025-06-18 08:15:00+00:00,177.29116407488837,0.86903157843943,spring,15
2025-06-18 08:15:00+00:00,2025-06-18 08:30:00+00:00,165.91490893652622,0.8791701105778523,spring,15
2025-06-18 08:30:00+00:00,2025-06-18 08:45:00+00:00,161.25014415543282,0.8068738241530309,spring,15
2025-06-18 08:45:00+00:00,2025-06-18 09:00:00+00:00,156.61285618047856,0.8215037189426618,spring,15
2025-06-18 09:00:00+00:00,2025-06-18 09:15:00+00:00,152.6067789990728,0.7788163546921505,spring,15
2025-06-18 09:15:00+00:00,2025-06-18 09:30:00+00:00,148.22521207094476,0.7663428993329712,spring,15
2025-06-18 09:30:00+00:00,2025-06-18 09:45:00+00:00,145.5726446979526,0.7342975476260976,spring,15
2025-06-18 09:45:00+00:00,2025-06-18 10:00:00+00:00,143.20401014439204,0.720202775781794,spring,15
2025-06-18 10:00:00+00:00,2025-06-18 10:15:00+00:00,139.9046813888848,0.7103210561107505,spring,15
2025-06-18 10:15:00+00:00,2025-06-18 10:30:00+00:00,139.73321028995377,0.7042083497409825,spring,15
2025-06-18 10:30:00+00:00,2025-06-18 10:45:00+00:00,139.44618594163927,0.6995857361163275,spring,15
2025-06-18 10:45:00+00:00,2025-06-18 11:00:00+00:00,138.9887808620698,0.7017671712533317,spring,15
2025-06-18 11:00:00+00:00,2025-06-18 11:15:00+00:00,138.62694409809896,0.7105276090035818,spring,15
2025-06-18 11:15:00+00:00,2025-06-18 11:30:00+00:00,138.66494416495505,0.703876647772715,spring,15
2025-06-18 11:30:00+00:00,2025-06-18 11:45:00+00:00,138.44310054276127,0.7036647742387787,spring,15
2025-06-18 11:45:00+00:00,2025-06-18 12:00:00+00:00,137.35503189495648,0.6943397473264542,spring,15
2025-06-18 12:00:00+00:00,2025-06-18 12:15:00+00:00,136.25694950921084,0.7022194396437845,spring,15
2025-06-18 12:15:00+00:00,2025-06-18 12:30:00+00:00,135.33667275461303,0.7093106436028677,spring,15
2025-06-18 12:30:00+00:00,2025-06-18 12:45:00+00:00,136.4782284871918,0.7191686312457087,spring,15
2025-06-18 12:45:00+00:00,2025-06-18 13:00:00+00:00,137.04480382929225,0.7189957017987699,spring,15
2025-06-18 13:00:00+00:00,2025-06-18 13:15:00+00:00,136.641489472682,0.7019442994760065,spring,15
2025-06-18 13:15:00+00:00,2025-06-18 13:30:00+00:00,138.03990749788147,0.7033066413728647,spring,15
2025-06-18 13:30:00+00:00,2025-06-18 13:45:00+00:00,139.38036825762066,0.715032001641845,spring,15
2025-06-18 13:45:00+00:00,2025-06-18 14:00:00+00:00,140.6010192231252,0.7317279878760043,spring,15
2025-06-18 14:00:00+00:00,2025-06-18 14:15:00+00:00,144.21337279067322,0.7352091620795979,spring,15
2025-06-18 14:15:00+00:00,2025-06-18 14:30:00+00:00,152.16728679778555,0.7692209104760808,spring,15
2025-06-18 14:30:00+00:00,2025-06-18 14:45:00+00:00,159.4469416556661,0.8015023502209782,spring,15
2025-06-18 14:45:00+00:00,2025-06-18 15:00:00+00:00,170.59062466509135,0.8281402889296952,spring,15
2025-06-18 15:00:00+00:00,2025-06-18 15:15:00+00:00,182.23069898196655,0.8546368749882286,spring,15
2025-06-18 15:15:00+00:00,2025-06-18 15:30:00+00:00,201.99034693511396,0.8967102996422868,spring,15
2025-06-18 15:30:00+00:00,2025-06-18 15:45:00+00:00,222.96863995475226,0.9546481220976822,spring,15
2025-06-18 15:45:00+00:00,2025-06-18 16:00:00+00:00,245.58749846229327,1.0111008805163637,spring,15
2025-06-18 16:00:00+00:00,2025-06-18 16:15:00+00:00,267.3728722065216,1.0677938031599248,spring,15
2025-06-18 16:15:00+00:00,2025-06-18 16:30:00+00:00,290.30496290041725,1.112614902113791,spring,15
2025-06-18 16:30:00+00:00,2025-06-18 16:45:00+00:00,311.69102801182055,1.1602870781457808,spring,15
2025-06-18 16:45:00+00:00,2025-06-18 17:00:00+00:00,320.7120641976323,1.199548480810917,spring,15
2025-06-18 17:00:00+00:00,2025-06-18 17:15:00+00:00,348.30982510995824,1.2792862292711003,spring,15
2025-06-18 17:15:00+00:00,2025-06-18 17:30:00+00:00,362.6384119191934,1.3317125444562237,spring,15
2025-06-18 17:30:00+00:00,2025-06-18 17:45:00+00:00,372.1048413477282,1.4087400880303793,spring,15
2025-06-18 17:45:00+00:00,2025-06-18 18:00:00+00:00,380.84738792334593,1.4783818204933967,spring,15
2025-06-18 18:00:00+00:00,2025-06-18 18:15:00+00:00,396.3658564039384,1.5785621861612984,spring,15
2025-06-18 18:15:00+00:00,2025-06-18 18:30:00+00:00,403.3493064769927,1.713045492954125,spring,15
2025-06-18 18:30:00+00:00,2025-06-18 18:45:00+00:00,410.17938216485294,1.7983780880467106,spring,15
2025-06-18 18:45:00+00:00,2025-06-18 19:00:00+00:00,420.8148530970129,1.8363746348701737,spring,15
2025-06-18 19:00:00+00:00,2025-06-18 19:15:00+00:00,422.5735259060032,1.8487151431722426,spring,15
2025-06-18 19:15:00+00:00,2025-06-18 19:30:00+00:00,427.3794011685467,1.8073274002186301,spring,15
2025-06-18 19:30:00+00:00,2025-06-18 19:45:00+00:00,430.3322253533393,1.8057198798088416,spring,15
2025-06-18 19:45:00+00:00,2025-06-18 20:00:00+00:00,435.1639788141988,1.8580556308667266,spring,15
2025-06-18 20:00:00+00:00,2025-06-18 20:15:00+00:00,437.90592620062284,1.8716412092045798,spring,15
2025-06-18 20:15:00+00:00,2025-06-18 20:30:00+00:00,437.53130577744827,1.9011238651550546,spring,15
2025-06-18 20:30:00+00:00,2025-06-18 20:45:00+00:00,438.83466710995253,1.8981765402016322,spring,15
2025-06-18 20:45:00+00:00,2025-06-18 21:00:00+00:00,441.8611982154899,1.8849759985166774,spring,15
2025-06-18 21:00:00+00:00,2025-06-18 21:15:00+00:00,439.5366012981714,1.8779335271678441,spring,15
2025-06-18 21:15:00+00:00,2025-06-18 21:30:00+00:00,440.34016202874176,1.8693014657986133,spring,15
2025-06-18 21:30:00+00:00,2025-06-18 21:45:00+00:00,443.32967652901016,1.7830272681238115,spring,15
2025-06-18 21:45:00+00:00,2025-06-18 22:00:00+00:00,443.7757706209852,1.7428842263755933,spring,15
2025-06-18 22:00:00+00:00,2025-06-18 22:15:00+00:00,450.2188500305453,1.6969598879559775,spring,15
2025-06-18 22:15:00+00:00,2025-06-18 22:30:00+00:00,443.4746720169595,1.6331814951124972,spring,15
2025-06-18 22:30:00+00:00,2025-06-18 22:45:00+00:00,446.6946488511218,1.6387512016691583,spring,15
2025-06-18 22:45:00+00:00,2025-06-18 23:00:00+00:00,447.7904693581982,1.663732716505514,spring,15
2025-06-18 23:00:00+00:00,2025-06-18 23:15:00+00:00,436.5682251777871,1.6882293062385119,spring,15
2025-06-18 23:15:00+00:00,2025-06-18 23:30:00+00:00,429.964818278725,1.657872870850612,spring,15
2025-06-18 23:30:00+00:00,2025-06-18 23:45:00+00:00,427.30905542699173,1.6468118281870325,spring,15
2025-06-18 23:45:00+00:00,2025-06-19 00:00:00+00:00,427.1092502337442,1.6280492575106094,spring,15
2025-06-19 00:00:00+00:00,2025-06-19 00:15:00+00:00,413.11616684670133,1.6363747438849827,spring,15
2025-06-19 00:15:00+00:00,2025-06-19 00:30:00+00:00,409.2954946513796,1.6366665977647803,spring,15
2025-06-19 00:30:00+00:00,2025-06-19 00:45:00+00:00,401.09145696432415,1.6223489373061013,spring,15
2025-06-19 00:45:00+00:00,2025-06-19 01:00:00+00:00,400.3921505758992,1.6209008793037558,spring,15
2025-06-19 01:00:00+00:00,2025-06-19 01:15:00+00:00,401.0620357938536,1.6273483694333328,spring,15
2025-06-19 01:15:00+00:00,2025-06-19 01:30:00+00:00,401.22715013205226,1.5761171857456404,spring,15
2025-06-19 01:30:00+00:00,2025-06-19 01:45:00+00:00,401.19939858011986,1.5659407417086455,spring,15
2025-06-19 01:45:00+00:00,2025-06-19 02:00:00+00:00,400.17539931515785,1.575578294645546,spring,15
2025-06-19 02:00:00+00:00,2025-06-19 02:15:00+00:00,402.45731846307365,1.6101687060025458,spring,15
2025-06-19 02:15:00+00:00,2025-06-19 02:30:00+00:00,403.087721980633,1.613492557997782,spring,15
2025-06-19 02:30:00+00:00,2025-06-19 02:45:00+00:00,396.4855362187089,1.6038289609493126,spring,15
2025-06-19 02:45:00+00:00,2025-06-19 03:00:00+00:00,387.5108876836663,1.6086814653805148,spring,15
2025-06-19 03:00:00+00:00,2025-06-19 03:15:00+00:00,381.320283531368,1.551859537457552,spring,15
2025-06-19 03:15:00+00:00,2025-06-19 03:30:00+00:00,371.22368038932655,1.5449598598461145,spring,15
2025-06-19 03:30:00+00:00,2025-06-19 03:45:00+00:00,360.62209620340593,1.540144445140985,spring,15
2025-06-19 03:45:00+00:00,2025-06-19 04:00:00+00:00,345.8315830782964,1.4974820581860775,spring,15
2025-06-19 04:00:00+00:00,2025-06-19 04:15:00+00:00,331.5271433494633,1.455349982365672,spring,15
2025-06-19 04:15:00+00:00,2025-06-19 04:30:00+00:00,315.6949100739499,1.4324614003649474,spring,15
2025-06-19 04:30:00+00:00,2025-06-19 04:45:00+00:00,302.7666345912801,1.3675623948394138,spring,15
2025-06-19 04:45:00+00:00,2025-06-19 05:00:00+00:00,287.3405986440932,1.319322918315168,spring,15
2025-06-19 05:00:00+00:00,2025-06-19 05:15:00+00:00,260.18122212486844,1.2365939704427678,spring,15
2025-06-19 05:15:00+00:00,2025-06-19 05:30:00+00:00,245.77420010234428,1.1856570958848232,spring,15
2025-06-19 05:30:00+00:00,2025-06-19 05:45:00+00:00,227.78723548183123,1.1067393233343719,spring,15
2025-06-19 05:45:00+00:00,2025-06-19 06:00:00+00:00,205.01969829320834,0.9899012417355862,spring,15
2025-06-19 06:00:00+00:00,2025-06-19 06:15:00+00:00,175.01677482869042,0.9091708208681474,spring,15
2025-06-19 06:15:00+00:00,2025-06-19 06:30:00+00:00,164.01269256629982,0.8646428550472053,spring,15
2025-06-19 06:30:00+00:00,2025-06-19 06:45:00+00:00,153.87441822329635,0.8348545426636249,spring,15
2025-06-19 06:45:00+00:00,2025-06-19 07:00:00+00:00,144.78284711697643,0.8070195106574234,spring,15
2025-06-19 07:00:00+00:00,2025-06-19 07:15:00+00:00,130.46971556279595,0.7627615610279994,spring,15
2025-06-19 07:15:00+00:00,2025-06-19 07:30:00+00:00,124.35316194228247,0.7306175859286589,spring,15
2025-06-19 07:30:00+00:00,2025-06-19 07:45:00+00:00,119.37337401119353,0.6804774880745281,spring,15
2025-06-19 07:45:00+00:00,2025-06-19 08:00:00+00:00,116.32186039868667,0.6853355386538628,spring,15
2025-06-19 08:00:00+00:00,2025-06-19 08:15:00+00:00,114.31018307111181,0.6749126174624591,spring,15
2025-06-19 08:15:00+00:00,2025-06-19 08:30:00+00:00,113.47561849508949,0.6763731049499648,spring,15
2025-06-19 08:30:00+00:00,2025-06-19 08:45:00+00:00,112.66086785268324,0.6481270869299663,spring,15
2025-06-19 08:45:00+00:00,2025-06-19 09:00:00+00:00,110.56254642862906,0.6219516530853153,spring,15
2025-06-19 09:00:00+00:00,2025-06-19 09:15:00+00:00,108.46496513809484,0.6030907833011571,spring,15
2025-06-19 09:15:00+00:00,2025-06-19 09:30:00+00:00,106.22117619536782,0.5889302270963849,spring,15
2025-06-19 09:30:00+00:00,2025-06-19 09:45:00+00:00,104.1460769418045,0.5641957944292538,spring,15
2025-06-19 09:45:00+00:00,2025-06-19 10:00:00+00:00,104.17786877230685,0.6010570194053948,spring,15
2025-06-19 10:00:00+00:00,2025-06-19 10:15:00+00:00,104.51864983186654,0.5952417250239795,spring,15
2025-06-19 10:15:00+00:00,2025-06-19 10:30:00+00:00,104.7508223965065,0.5700505058868416,spring,15
2025-06-19 10:30:00+00:00,2025-06-19 10:45:00+00:00,104.2708200394949,0.5582705873608607,spring,15
2025-06-19 10:45:00+00:00,2025-06-19 11:00:00+00:00,103.97157082723587,0.6021453250336481,spring,15
2025-06-19 11:00:00+00:00,2025-06-19 11:15:00+00:00,104.26972278647278,0.6070282341795694,spring,15
2025-06-19 11:15:00+00:00,2025-06-19 11:30:00+00:00,104.4227150499118,0.6098799804124887,spring,15
2025-06-19 11:30:00+00:00,2025-06-19 11:45:00+00:00,105.47602254353703,0.6276067657664134,spring,15
2025-06-19 11:45:00+00:00,2025-06-19 12:00:00+00:00,105.73685777221698,0.599530319056136,spring,15
2025-06-19 12:00:00+00:00,2025-06-19 12:15:00+00:00,106.62181555654216,0.6081366022182492,spring,15
2025-06-19 12:15:00+00:00,2025-06-19 12:30:00+00:00,107.46239874736843,0.6121172078415641,spring,15
2025-06-19 12:30:00+00:00,2025-06-19 12:45:00+00:00,107.15853476213374,0.6147637005659538,spring,15
2025-06-19 12:45:00+00:00,2025-06-19 13:00:00+00:00,107.12473622658307,0.6097552157069702,spring,15
2025-06-19 13:00:00+00:00,2025-06-19 13:15:00+00:00,106.64004969226755,0.6186822121693922,spring,15
2025-06-19 13:15:00+00:00,2025-06-19 13:30:00+00:00,106.50063954503871,0.5997507251645011,spring,15
2025-06-19 13:30:00+00:00,2025-06-19 13:45:00+00:00,106.12967817720914,0.6226450861365325,spring,15
2025-06-19 13:45:00+00:00,2025-06-19 14:00:00+00:00,105.81376599081764,0.6180367420958949,spring,15
2025-06-19 14:00:00+00:00,2025-06-19 14:15:00+00:00,108.94551399819618,0.6717734088434753,spring,15
2025-06-19 14:15:00+00:00,2025-06-19 14:30:00+00:00,110.26200668402322,0.6932751638787519,spring,15
2025-06-19 14:30:00+00:00,2025-06-19 14:45:00+00:00,111.67287386293023,0.7289636471851516,spring,15
2025-06-19 14:45:00+00:00,2025-06-19 15:00:00+00:00,114.31815652720074,0.7474119108335135,spring,15
2025-06-19 15:00:00+00:00,2025-06-19 15:15:00+00:00,113.3865659652724,0.7270953760139259,spring,15
2025-06-19 15:15:00+00:00,2025-06-19 15:30:00+00:00,114.76693383624344,0.7590516729118248,spring,15
2025-06-19 15:30:00+00:00,2025-06-19 15:45:00+00:00,114.80395740306506,0.7795433646898642,spring,15
2025-06-19 15:45:00+00:00,2025-06-19 16:00:00+00:00,118.88158410314176,0.8044734621378907,spring,15
2025-06-19 16:00:00+00:00,2025-06-19 16:15:00+00:00,131.91056551905643,0.8503724682364765,spring,15
2025-06-19 16:15:00+00:00,2025-06-19 16:30:00+00:00,156.08510926231148,0.9181638658712452,spring,15
2025-06-19 16:30:00+00:00,2025-06-19 16:45:00+00:00,182.0383964098487,1.0219089146580997,spring,15
2025-06-19 16:45:00+00:00,2025-06-19 17:00:00+00:00,207.84829207397766,1.1653297522410997,spring,15
2025-06-19 17:00:00+00:00,2025-06-19 17:15:00+00:00,227.95806232663483,1.2175675652072475,spring,15
2025-06-19 17:15:00+00:00,2025-06-19 17:30:00+00:00,244.89605399087387,1.2437891009519382,spring,15
2025-06-19 17:30:00+00:00,2025-06-19 17:45:00+00:00,257.88544774801,1.3082326883974187,spring,15
2025-06-19 17:45:00+00:00,2025-06-19 18:00:00+00:00,272.3410410164217,1.4345406560643996,spring,15
2025-06-19 18:00:00+00:00,2025-06-19 18:15:00+00:00,295.26033895876907,1.4980222100130414,spring,15
2025-06-19 18:15:00+00:00,2025-06-19 18:30:00+00:00,308.10261410847227,1.57759536778631,spring,15
2025-06-19 18:30:00+00:00,2025-06-19 18:45:00+00:00,317.28708330844785,1.6420474999291397,spring,15
2025-06-19 18:45:00+00:00,2025-06-19 19:00:00+00:00,326.849842706724,1.711875636117427,spring,15
2025-06-19 19:00:00+00:00,2025-06-19 19:15:00+00:00,328.5053628094601,1.7275678964443923,spring,15
2025-06-19 19:15:00+00:00,2025-06-19 19:30:00+00:00,329.57665087986453,1.7252303605238952,spring,15
2025-06-19 19:30:00+00:00,2025-06-19 19:45:00+00:00,331.3733545682521,1.6340892144412205,spring,15
2025-06-19 19:45:00+00:00,2025-06-19 20:00:00+00:00,331.2083889083042,1.6640403301979934,spring,15
2025-06-19 20:00:00+00:00,2025-06-19 20:15:00+00:00,334.00066484484176,1.6803296893332864,spring,15
2025-06-19 20:15:00+00:00,2025-06-19 20:30:00+00:00,332.56654293605993,1.6713574470860773,spring,15
2025-06-19 20:30:00+00:00,2025-06-19 20:45:00+00:00,329.7148959342447,1.648432728147503,spring,15
2025-06-19 20:45:00+00:00,2025-06-19 21:00:00+00:00,333.383874877174,1.6018997297508237,spring,15
2025-06-19 21:00:00+00:00,2025-06-19 21:15:00+00:00,337.025565976623,1.5155798583056708,spring,15
2025-06-19 21:15:00+00:00,2025-06-19 21:30:00+00:00,339.0204193909854,1.4941713101898948,spring,15
2025-06-19 21:30:00+00:00,2025-06-19 21:45:00+00:00,346.86288090152027,1.5290200745176874,spring,15
2025-06-19 21:45:00+00:00,2025-06-19 22:00:00+00:00,348.8986203012882,1.5361194227251125,spring,15
2025-06-19 22:00:00+00:00,2025-06-19 22:15:00+00:00,354.5128971335466,1.49420370055389,spring,15
2025-06-19 22:15:00+00:00,2025-06-19 22:30:00+00:00,358.11045070577836,1.530542766238774,spring,15
2025-06-19 22:30:00+00:00,2025-06-19 22:45:00+00:00,366.6529953642037,1.5380294162895787,spring,15
2025-06-19 22:45:00+00:00,2025-06-19 23:00:00+00:00,368.8211315651259,1.5661020759536879,spring,15
